candidate,seconds,score_lower,score_upper,frontier
happy-cat-1,590.555044163,0.3114647702296551,0.3114647702296551,True
mystic-tree-2,792.955469133,0.10366161616161616,0.10366161616161616,False
swift-fox-3,564.53481803,0.1020988709146604,0.1020988709146604,True
quiet-owl-4,1720.33216577,0.31076094384924274,0.31076094384924274,False
quiet-owl-5,902.558396635,0.11726222120958962,0.11726222120958962,False
quiet-owl-6,597.685743124,0.3114647702296551,0.3114647702296551,False
quiet-owl-7,763.713273053,0.2446283801569807,0.2446283801569807,False
quiet-owl-8,763.12092215,0.27002396205555385,0.27002396205555385,False
quiet-owl-9,1046.831524599,0.31600236644099317,0.31600236644099317,False
quiet-owl-10,981.180135573,0.2592391096309621,0.2592391096309621,False
quiet-owl-11,602.143736396,0.22141289393373517,0.22141289393373517,False
quiet-owl-12,603.116174814,0.2649624219740395,0.2649624219740395,False
quality-reference,631.884930176,0.35391309916541164,0.35391309916541164,True
nature-cnn,664.976743635,0.2985055231419429,0.2985055231419429,False
