environment,candidate,decisions,seconds,score_lower,score_upper,metric,frontier_lower_endpoint,frontier_upper_endpoint,dominated_using_nonoverlapping_bounds
breakoutcnn,happy-cat-1,4194304,11.0347377195,5.427272727272728,5.427272727272728,mean score through terminal/frame cap,True,True,False
breakoutcnn,happy-cat-1,8388608,21.899445336,5.8,5.8,mean score through terminal/frame cap,False,False,True
breakoutcnn,happy-cat-1,12582912,32.8558782415,6.8121212121212125,6.8121212121212125,mean score through terminal/frame cap,False,False,True
breakoutcnn,happy-cat-1,16777216,43.7290342715,7.142424242424243,7.142424242424243,mean score through terminal/frame cap,False,False,True
breakoutcnn,mystic-tree-2,4194304,14.5982717475,4.518181818181818,4.518181818181818,mean score through terminal/frame cap,False,False,True
breakoutcnn,mystic-tree-2,8388608,28.947127829499998,5.4393939393939394,5.4393939393939394,mean score through terminal/frame cap,False,False,True
breakoutcnn,mystic-tree-2,12582912,43.10546694,5.7727272727272725,5.7727272727272725,mean score through terminal/frame cap,False,False,True
breakoutcnn,mystic-tree-2,16777216,57.170840056,5.842424242424242,5.842424242424242,mean score through terminal/frame cap,False,False,True
breakoutcnn,nature-cnn,4194304,12.303572567,5.924242424242424,5.924242424242424,mean score through terminal/frame cap,True,True,False
breakoutcnn,nature-cnn,8388608,24.3612981515,6.209090909090909,6.209090909090909,mean score through terminal/frame cap,False,False,True
breakoutcnn,nature-cnn,12582912,36.378902770500005,6.493939393939394,6.493939393939394,mean score through terminal/frame cap,False,False,True
breakoutcnn,nature-cnn,16777216,48.4255463335,6.460606060606061,6.460606060606061,mean score through terminal/frame cap,False,False,True
breakoutcnn,quality-reference,4194304,11.4249100085,5.109090909090909,5.109090909090909,mean score through terminal/frame cap,False,False,True
breakoutcnn,quality-reference,8388608,22.5823877505,6.287878787878787,6.287878787878787,mean score through terminal/frame cap,False,False,True
breakoutcnn,quality-reference,12582912,33.8648123775,8.690909090909091,8.690909090909091,mean score through terminal/frame cap,True,True,False
breakoutcnn,quality-reference,16777216,45.296813399,9.445454545454545,9.445454545454545,mean score through terminal/frame cap,True,True,False
breakoutcnn,quiet-owl-10,4194304,17.499626989,5.8121212121212125,5.8121212121212125,mean score through terminal/frame cap,False,False,True
breakoutcnn,quiet-owl-10,8388608,34.7097411555,5.6878787878787875,5.6878787878787875,mean score through terminal/frame cap,False,False,True
breakoutcnn,quiet-owl-10,12582912,52.029341847,5.763636363636364,5.763636363636364,mean score through terminal/frame cap,False,False,True
breakoutcnn,quiet-owl-10,16777216,69.18028168000001,6.109090909090909,6.109090909090909,mean score through terminal/frame cap,False,False,True
breakoutcnn,quiet-owl-11,4194304,11.0440002505,5.778787878787879,5.778787878787879,mean score through terminal/frame cap,True,True,False
breakoutcnn,quiet-owl-11,8388608,21.932544073000003,5.460606060606061,5.460606060606061,mean score through terminal/frame cap,False,False,True
breakoutcnn,quiet-owl-11,12582912,32.908778229,5.82121212121212,5.82121212121212,mean score through terminal/frame cap,False,False,True
breakoutcnn,quiet-owl-11,16777216,43.874728479,6.078787878787879,6.078787878787879,mean score through terminal/frame cap,False,False,True
breakoutcnn,quiet-owl-12,4194304,11.3054862585,5.139393939393939,5.139393939393939,mean score through terminal/frame cap,False,False,True
breakoutcnn,quiet-owl-12,8388608,22.351988261499997,5.693939393939393,5.693939393939393,mean score through terminal/frame cap,False,False,True
breakoutcnn,quiet-owl-12,12582912,33.3880478615,6.109090909090909,6.109090909090909,mean score through terminal/frame cap,False,False,True
breakoutcnn,quiet-owl-12,16777216,44.4640556155,6.2696969696969695,6.2696969696969695,mean score through terminal/frame cap,False,False,True
breakoutcnn,quiet-owl-4,4194304,27.9175598275,5.630303030303031,5.630303030303031,mean score through terminal/frame cap,False,False,True
breakoutcnn,quiet-owl-4,8388608,55.611554677499996,6.051515151515152,6.051515151515152,mean score through terminal/frame cap,False,False,True
breakoutcnn,quiet-owl-4,12582912,83.9365919775,6.448484848484848,6.448484848484848,mean score through terminal/frame cap,False,False,True
breakoutcnn,quiet-owl-4,16777216,112.27496227099999,6.527272727272728,6.527272727272728,mean score through terminal/frame cap,False,False,True
breakoutcnn,quiet-owl-5,4194304,15.804928895,6.4393939393939394,6.4393939393939394,mean score through terminal/frame cap,False,False,True
breakoutcnn,quiet-owl-5,8388608,31.3294008035,6.409090909090909,6.409090909090909,mean score through terminal/frame cap,False,False,True
breakoutcnn,quiet-owl-5,12582912,46.837298145999995,6.4393939393939394,6.4393939393939394,mean score through terminal/frame cap,False,False,True
breakoutcnn,quiet-owl-5,16777216,62.1185354675,6.448484848484848,6.448484848484848,mean score through terminal/frame cap,False,False,True
breakoutcnn,quiet-owl-6,4194304,11.16858562,5.427272727272728,5.427272727272728,mean score through terminal/frame cap,False,False,True
breakoutcnn,quiet-owl-6,8388608,22.188939666499998,5.8,5.8,mean score through terminal/frame cap,False,False,True
breakoutcnn,quiet-owl-6,12582912,33.1935155275,6.8121212121212125,6.8121212121212125,mean score through terminal/frame cap,False,False,True
breakoutcnn,quiet-owl-6,16777216,44.095398598,7.142424242424243,7.142424242424243,mean score through terminal/frame cap,False,False,True
breakoutcnn,quiet-owl-7,4194304,13.620680413,6.806060606060607,6.806060606060607,mean score through terminal/frame cap,True,True,False
breakoutcnn,quiet-owl-7,8388608,27.1413813305,6.345454545454546,6.345454545454546,mean score through terminal/frame cap,False,False,True
breakoutcnn,quiet-owl-7,12582912,40.50778756850001,6.209090909090909,6.209090909090909,mean score through terminal/frame cap,False,False,True
breakoutcnn,quiet-owl-7,16777216,53.499137026,5.963636363636363,5.963636363636363,mean score through terminal/frame cap,False,False,True
breakoutcnn,quiet-owl-8,4194304,14.257733157,6.815151515151515,6.815151515151515,mean score through terminal/frame cap,True,True,False
breakoutcnn,quiet-owl-8,8388608,28.495581667499998,6.703030303030303,6.703030303030303,mean score through terminal/frame cap,False,False,True
breakoutcnn,quiet-owl-8,12582912,42.476030228499994,6.748484848484848,6.748484848484848,mean score through terminal/frame cap,False,False,True
breakoutcnn,quiet-owl-8,16777216,56.50893961,6.675757575757575,6.675757575757575,mean score through terminal/frame cap,False,False,True
breakoutcnn,quiet-owl-9,4194304,18.261714222000002,5.657575757575758,5.657575757575758,mean score through terminal/frame cap,False,False,True
breakoutcnn,quiet-owl-9,8388608,35.6936827335,5.687878787878788,5.687878787878788,mean score through terminal/frame cap,False,False,True
breakoutcnn,quiet-owl-9,12582912,52.750257592,7.315151515151515,7.315151515151515,mean score through terminal/frame cap,False,False,True
breakoutcnn,quiet-owl-9,16777216,69.8628985685,7.969696969696971,7.969696969696971,mean score through terminal/frame cap,False,False,True
breakoutcnn,swift-fox-3,4194304,11.1772912525,4.612121212121212,4.612121212121212,mean score through terminal/frame cap,False,False,True
breakoutcnn,swift-fox-3,8388608,22.0300834315,4.933333333333334,4.933333333333334,mean score through terminal/frame cap,False,False,True
breakoutcnn,swift-fox-3,12582912,32.75774089,5.372727272727273,5.372727272727273,mean score through terminal/frame cap,False,False,True
breakoutcnn,swift-fox-3,16777216,43.600363044000005,5.584848484848485,5.584848484848485,mean score through terminal/frame cap,False,False,True
connect4cnn,happy-cat-1,3328000,19.586946957000002,0.0030303030303030303,0.0030303030303030303,win fraction,True,True,False
connect4cnn,happy-cat-1,6656000,37.929808174499996,0.25303030303030305,0.25303030303030305,win fraction,True,True,False
connect4cnn,happy-cat-1,9984000,55.4100185305,0.33636363636363636,0.33636363636363636,win fraction,False,False,True
connect4cnn,happy-cat-1,13312000,72.8610600615,0.353030303030303,0.353030303030303,win fraction,False,False,True
connect4cnn,mystic-tree-2,3328000,22.067046406,0.0,0.0,win fraction,False,False,True
connect4cnn,mystic-tree-2,6656000,43.4810033125,0.0030303030303030303,0.0030303030303030303,win fraction,False,False,True
connect4cnn,mystic-tree-2,9984000,64.2552636505,0.010606060606060607,0.010606060606060607,win fraction,False,False,True
connect4cnn,mystic-tree-2,13312000,85.263877794,0.013636363636363636,0.013636363636363636,win fraction,False,False,True
connect4cnn,nature-cnn,3328000,20.477237373,0.0015151515151515152,0.0015151515151515152,win fraction,False,False,True
connect4cnn,nature-cnn,6656000,39.9525340725,0.36666666666666664,0.36666666666666664,win fraction,True,True,False
connect4cnn,nature-cnn,9984000,58.631574433,0.42272727272727273,0.42272727272727273,win fraction,True,True,False
connect4cnn,nature-cnn,13312000,77.50762675850001,0.4257575757575758,0.4257575757575758,win fraction,False,False,True
connect4cnn,quality-reference,3328000,19.924877033999998,0.004545454545454545,0.004545454545454545,win fraction,True,True,False
connect4cnn,quality-reference,6656000,38.6384946645,0.3181818181818182,0.3181818181818182,win fraction,True,True,False
connect4cnn,quality-reference,9984000,56.7333590265,0.41818181818181815,0.41818181818181815,win fraction,True,True,False
connect4cnn,quality-reference,13312000,75.0761587765,0.43787878787878787,0.43787878787878787,win fraction,True,True,False
connect4cnn,quiet-owl-10,3328000,23.760005824,0.004545454545454545,0.004545454545454545,win fraction,False,False,True
connect4cnn,quiet-owl-10,6656000,45.938938801999996,0.2636363636363636,0.2636363636363636,win fraction,False,False,True
connect4cnn,quiet-owl-10,9984000,67.59746445350001,0.29393939393939394,0.29393939393939394,win fraction,False,False,True
connect4cnn,quiet-owl-10,13312000,89.1177741365,0.29545454545454547,0.29545454545454547,win fraction,False,False,True
connect4cnn,quiet-owl-11,3328000,20.596988644,0.013636363636363636,0.013636363636363636,win fraction,True,True,False
connect4cnn,quiet-owl-11,6656000,40.4320701675,0.12727272727272726,0.12727272727272726,win fraction,False,False,True
connect4cnn,quiet-owl-11,9984000,59.330537912,0.24545454545454545,0.24545454545454545,win fraction,False,False,True
connect4cnn,quiet-owl-11,13312000,78.2552329805,0.2590909090909091,0.2590909090909091,win fraction,False,False,True
connect4cnn,quiet-owl-12,3328000,19.872636415499997,0.0015151515151515152,0.0015151515151515152,win fraction,False,False,True
connect4cnn,quiet-owl-12,6656000,38.508725158000004,0.16515151515151513,0.16515151515151513,win fraction,False,False,True
connect4cnn,quiet-owl-12,9984000,56.7219688705,0.3560606060606061,0.3560606060606061,win fraction,False,False,True
connect4cnn,quiet-owl-12,13312000,74.5281725025,0.3848484848484849,0.3848484848484849,win fraction,False,False,True
connect4cnn,quiet-owl-4,3328000,31.591388149500002,0.04090909090909091,0.04090909090909091,win fraction,True,True,False
connect4cnn,quiet-owl-4,6656000,61.770029944,0.36818181818181817,0.36818181818181817,win fraction,False,False,True
connect4cnn,quiet-owl-4,9984000,91.7147925735,0.40151515151515155,0.40151515151515155,win fraction,False,False,True
connect4cnn,quiet-owl-4,13312000,121.930036457,0.40606060606060607,0.40606060606060607,win fraction,False,False,True
connect4cnn,quiet-owl-5,3328000,23.5901682025,0.0,0.0,win fraction,False,False,True
connect4cnn,quiet-owl-5,6656000,46.270875272,0.0,0.0,win fraction,False,False,True
connect4cnn,quiet-owl-5,9984000,68.12593398499999,0.0,0.0,win fraction,False,False,True
connect4cnn,quiet-owl-5,13312000,90.393823057,0.0015151515151515152,0.0015151515151515152,win fraction,False,False,True
connect4cnn,quiet-owl-6,3328000,19.695777177,0.0030303030303030303,0.0030303030303030303,win fraction,False,False,True
connect4cnn,quiet-owl-6,6656000,38.196521925,0.25303030303030305,0.25303030303030305,win fraction,False,False,True
connect4cnn,quiet-owl-6,9984000,55.872739499,0.33636363636363636,0.33636363636363636,win fraction,False,False,True
connect4cnn,quiet-owl-6,13312000,73.54014731000001,0.353030303030303,0.353030303030303,win fraction,False,False,True
connect4cnn,quiet-owl-7,3328000,22.304943360000003,0.0030303030303030303,0.0030303030303030303,win fraction,False,False,True
connect4cnn,quiet-owl-7,6656000,43.0552063015,0.13636363636363638,0.13636363636363638,win fraction,False,False,True
connect4cnn,quiet-owl-7,9984000,63.380879371,0.17878787878787877,0.17878787878787877,win fraction,False,False,True
connect4cnn,quiet-owl-7,13312000,83.7257196185,0.18484848484848485,0.18484848484848485,win fraction,False,False,True
connect4cnn,quiet-owl-8,3328000,21.8520412115,0.0015151515151515152,0.0015151515151515152,win fraction,False,False,True
connect4cnn,quiet-owl-8,6656000,41.7684424555,0.0787878787878788,0.0787878787878788,win fraction,False,False,True
connect4cnn,quiet-owl-8,9984000,61.299743373,0.1318181818181818,0.1318181818181818,win fraction,False,False,True
connect4cnn,quiet-owl-8,13312000,80.84892718149999,0.14242424242424243,0.14242424242424243,win fraction,False,False,True
connect4cnn,quiet-owl-9,3328000,24.761739130000002,0.0030303030303030303,0.0030303030303030303,win fraction,False,False,True
connect4cnn,quiet-owl-9,6656000,47.865266922,0.33181818181818185,0.33181818181818185,win fraction,False,False,True
connect4cnn,quiet-owl-9,9984000,71.253006301,0.3606060606060606,0.3606060606060606,win fraction,False,False,True
connect4cnn,quiet-owl-9,13312000,94.545395454,0.36363636363636365,0.36363636363636365,win fraction,False,False,True
connect4cnn,swift-fox-3,3328000,19.4704982995,0.0,0.0,win fraction,True,True,False
connect4cnn,swift-fox-3,6656000,38.500066901,0.0,0.0,win fraction,False,False,True
connect4cnn,swift-fox-3,9984000,57.1409930675,0.0,0.0,win fraction,False,False,True
connect4cnn,swift-fox-3,13312000,75.4948596875,0.0,0.0,win fraction,False,False,True
flappycnn,happy-cat-1,4980736,9.630066455,3.2337662337662336,3.2337662337662336,mean pipes,True,True,False
flappycnn,happy-cat-1,9961472,19.0596245925,6.166666666666666,6.166666666666666,mean pipes,True,True,False
flappycnn,happy-cat-1,14942208,28.596498944,9.283549783549784,9.283549783549784,mean pipes,False,False,True
flappycnn,happy-cat-1,19922944,38.186195673,15.781385281385282,15.781385281385282,mean pipes,False,False,True
flappycnn,mystic-tree-2,4980736,13.77554084,1.5,1.5,mean pipes,False,False,True
flappycnn,mystic-tree-2,9961472,27.378206649,3.807359307359307,3.807359307359307,mean pipes,False,False,True
flappycnn,mystic-tree-2,14942208,40.705391479,7.136363636363636,7.136363636363636,mean pipes,False,False,True
flappycnn,mystic-tree-2,19922944,54.0108062655,7.37878787878788,7.37878787878788,mean pipes,False,False,True
flappycnn,nature-cnn,4980736,11.0763770205,4.521645021645022,4.521645021645022,mean pipes,False,False,True
flappycnn,nature-cnn,9961472,21.678831616,18.42207792207792,18.42207792207792,mean pipes,True,True,False
flappycnn,nature-cnn,14942208,32.2230493865,20.071428571428573,20.071428571428573,mean pipes,True,True,False
flappycnn,nature-cnn,19922944,42.764945989,33.04112554112554,33.04112554112554,mean pipes,True,True,False
flappycnn,quality-reference,4980736,10.6527288465,5.205627705627705,5.205627705627705,mean pipes,True,True,False
flappycnn,quality-reference,9961472,21.0900999915,13.270562770562771,13.270562770562771,mean pipes,True,True,False
flappycnn,quality-reference,14942208,31.422570245000003,11.595238095238093,11.595238095238093,mean pipes,False,False,True
flappycnn,quality-reference,19922944,41.811422949000004,24.3961038961039,24.3961038961039,mean pipes,True,True,False
flappycnn,quiet-owl-10,4980736,17.068596293,1.2316017316017316,1.2316017316017316,mean pipes,False,False,True
flappycnn,quiet-owl-10,9961472,33.76704103,4.244588744588745,4.244588744588745,mean pipes,False,False,True
flappycnn,quiet-owl-10,14942208,50.846574241499994,11.073593073593072,11.073593073593072,mean pipes,False,False,True
flappycnn,quiet-owl-10,19922944,68.014400303,20.134199134199132,20.134199134199132,mean pipes,False,False,True
flappycnn,quiet-owl-11,4980736,9.6640591315,2.5757575757575757,2.5757575757575757,mean pipes,False,False,True
flappycnn,quiet-owl-11,9961472,19.1125261655,6.8809523809523805,6.8809523809523805,mean pipes,True,True,False
flappycnn,quiet-owl-11,14942208,28.587185038,14.025974025974024,14.025974025974024,mean pipes,False,False,True
flappycnn,quiet-owl-11,19922944,38.041966977499996,19.019480519480517,19.019480519480517,mean pipes,False,False,True
flappycnn,quiet-owl-12,4980736,9.96961044,4.322510822510822,4.322510822510822,mean pipes,True,True,False
flappycnn,quiet-owl-12,9961472,19.7175116735,7.121212121212122,7.121212121212122,mean pipes,True,True,False
flappycnn,quiet-owl-12,14942208,29.430701222,19.01082251082251,19.01082251082251,mean pipes,True,True,False
flappycnn,quiet-owl-12,19922944,39.127821929,20.23160173160173,20.23160173160173,mean pipes,False,False,True
flappycnn,quiet-owl-4,4980736,28.7591956355,1.7207792207792207,1.7207792207792207,mean pipes,False,False,True
flappycnn,quiet-owl-4,9961472,58.1326591295,2.6796536796536796,2.6796536796536796,mean pipes,False,False,True
flappycnn,quiet-owl-4,14942208,86.7107920315,9.913419913419913,9.913419913419913,mean pipes,False,False,True
flappycnn,quiet-owl-4,19922944,115.918289275,13.70779220779221,13.70779220779221,mean pipes,False,False,True
flappycnn,quiet-owl-5,4980736,15.360341940000001,3.5476190476190474,3.5476190476190474,mean pipes,False,False,True
flappycnn,quiet-owl-5,9961472,30.477325435,7.277056277056277,7.277056277056277,mean pipes,False,False,True
flappycnn,quiet-owl-5,14942208,45.5534731655,12.822510822510823,12.822510822510823,mean pipes,False,False,True
flappycnn,quiet-owl-5,19922944,60.61193351,15.7012987012987,15.7012987012987,mean pipes,False,False,True
flappycnn,quiet-owl-6,4980736,9.834631441500001,3.2337662337662336,3.2337662337662336,mean pipes,False,False,True
flappycnn,quiet-owl-6,9961472,19.418916001,6.166666666666666,6.166666666666666,mean pipes,False,False,True
flappycnn,quiet-owl-6,14942208,29.031664137,9.283549783549784,9.283549783549784,mean pipes,False,False,True
flappycnn,quiet-owl-6,19922944,38.6117190675,15.781385281385282,15.781385281385282,mean pipes,False,False,True
flappycnn,quiet-owl-7,4980736,12.8468129655,5.051948051948052,5.051948051948052,mean pipes,False,False,True
flappycnn,quiet-owl-7,9961472,25.6328856265,5.17965367965368,5.17965367965368,mean pipes,False,False,True
flappycnn,quiet-owl-7,14942208,38.293692014499996,21.601731601731604,21.601731601731604,mean pipes,True,True,False
flappycnn,quiet-owl-7,19922944,50.810274484,23.458874458874458,23.458874458874458,mean pipes,False,False,True
flappycnn,quiet-owl-8,4980736,13.038006045,4.404761904761904,4.404761904761904,mean pipes,False,False,True
flappycnn,quiet-owl-8,9961472,26.005394907,5.341991341991341,5.341991341991341,mean pipes,False,False,True
flappycnn,quiet-owl-8,14942208,38.7106386775,16.175324675324678,16.175324675324678,mean pipes,False,False,True
flappycnn,quiet-owl-8,19922944,51.580627076,23.166666666666664,23.166666666666664,mean pipes,False,False,True
flappycnn,quiet-owl-9,4980736,17.825601310499998,3.188311688311688,3.188311688311688,mean pipes,False,False,True
flappycnn,quiet-owl-9,9961472,35.405811563,10.33982683982684,10.33982683982684,mean pipes,False,False,True
flappycnn,quiet-owl-9,14942208,52.8234530415,10.683982683982686,10.683982683982686,mean pipes,False,False,True
flappycnn,quiet-owl-9,19922944,70.599285184,13.071428571428571,13.071428571428571,mean pipes,False,False,True
flappycnn,swift-fox-3,4980736,9.2695123255,0.8354978354978354,0.8354978354978354,mean pipes,True,True,False
flappycnn,swift-fox-3,9961472,18.595698470499997,1.3766233766233766,1.3766233766233766,mean pipes,False,False,True
flappycnn,swift-fox-3,14942208,27.9572765925,1.8701298701298703,1.8701298701298703,mean pipes,False,False,True
flappycnn,swift-fox-3,19922944,37.3161334055,2.0086580086580086,2.0086580086580086,mean pipes,False,False,True
mazecnn,happy-cat-1,8388608,26.571365921,0.12373737373737374,0.12373737373737374,goal fraction,False,False,True
mazecnn,happy-cat-1,16777216,52.53535386,0.13383838383838384,0.13383838383838384,goal fraction,False,False,True
mazecnn,happy-cat-1,25165824,78.02565067949999,0.18939393939393942,0.18939393939393942,goal fraction,False,False,True
mazecnn,happy-cat-1,33554432,103.4544373985,0.15151515151515152,0.15151515151515152,goal fraction,False,False,True
mazecnn,mystic-tree-2,8388608,37.736230739,0.0984848484848485,0.0984848484848485,goal fraction,False,False,True
mazecnn,mystic-tree-2,16777216,74.88448230099999,0.09343434343434344,0.09343434343434344,goal fraction,False,False,True
mazecnn,mystic-tree-2,25165824,112.409120723,0.07575757575757576,0.07575757575757576,goal fraction,False,False,True
mazecnn,mystic-tree-2,33554432,149.304586691,0.10101010101010101,0.10101010101010101,goal fraction,False,False,True
mazecnn,nature-cnn,8388608,30.0401345725,0.1388888888888889,0.1388888888888889,goal fraction,False,False,True
mazecnn,nature-cnn,16777216,60.287322818999996,0.16161616161616163,0.16161616161616163,goal fraction,False,False,True
mazecnn,nature-cnn,25165824,90.408783038,0.22979797979797978,0.22979797979797978,goal fraction,False,False,True
mazecnn,nature-cnn,33554432,120.5591244015,0.2297979797979798,0.2297979797979798,goal fraction,False,False,True
mazecnn,quality-reference,8388608,28.567365343,0.13636363636363638,0.13636363636363638,goal fraction,False,False,True
mazecnn,quality-reference,16777216,56.800081133999996,0.18939393939393936,0.18939393939393936,goal fraction,False,False,True
mazecnn,quality-reference,25165824,84.712880711,0.18686868686868685,0.18686868686868685,goal fraction,False,False,True
mazecnn,quality-reference,33554432,112.595723456,0.2828282828282828,0.2828282828282828,goal fraction,True,True,False
mazecnn,quiet-owl-10,8388608,51.7524392035,0.1717171717171717,0.1717171717171717,goal fraction,False,False,True
mazecnn,quiet-owl-10,16777216,102.7744881605,0.1414141414141414,0.1414141414141414,goal fraction,False,False,True
mazecnn,quiet-owl-10,25165824,153.1080167145,0.1717171717171717,0.1717171717171717,goal fraction,False,False,True
mazecnn,quiet-owl-10,33554432,203.202748092,0.1590909090909091,0.1590909090909091,goal fraction,False,False,True
mazecnn,quiet-owl-11,8388608,25.550172646,0.1717171717171717,0.1717171717171717,goal fraction,True,True,False
mazecnn,quiet-owl-11,16777216,50.8405524505,0.23484848484848486,0.23484848484848486,goal fraction,True,True,False
mazecnn,quiet-owl-11,25165824,76.312973785,0.23232323232323235,0.23232323232323235,goal fraction,False,False,True
mazecnn,quiet-owl-11,33554432,102.9177060205,0.27020202020202017,0.27020202020202017,goal fraction,True,True,False
mazecnn,quiet-owl-12,8388608,26.601172933,0.17424242424242423,0.17424242424242423,goal fraction,True,True,False
mazecnn,quiet-owl-12,16777216,52.75906186,0.17929292929292928,0.17929292929292928,goal fraction,False,False,True
mazecnn,quiet-owl-12,25165824,78.6981416475,0.22979797979797978,0.22979797979797978,goal fraction,False,False,True
mazecnn,quiet-owl-12,33554432,105.153676663,0.2272727272727273,0.2272727272727273,goal fraction,False,False,True
mazecnn,quiet-owl-4,8388608,101.004467671,0.18686868686868685,0.18686868686868685,goal fraction,False,False,True
mazecnn,quiet-owl-4,16777216,203.2893643665,0.17424242424242423,0.17424242424242423,goal fraction,False,False,True
mazecnn,quiet-owl-4,25165824,305.64620776849995,0.24242424242424243,0.24242424242424243,goal fraction,False,False,True
mazecnn,quiet-owl-4,33554432,407.14461745200003,0.23232323232323235,0.23232323232323235,goal fraction,False,False,True
mazecnn,quiet-owl-5,8388608,46.167529729500004,0.06565656565656565,0.06565656565656565,goal fraction,False,False,True
mazecnn,quiet-owl-5,16777216,91.49731099350001,0.09595959595959597,0.09595959595959597,goal fraction,False,False,True
mazecnn,quiet-owl-5,25165824,137.176752377,0.10606060606060606,0.10606060606060606,goal fraction,False,False,True
mazecnn,quiet-owl-5,33554432,181.9018207655,0.13383838383838384,0.13383838383838384,goal fraction,False,False,True
mazecnn,quiet-owl-6,8388608,26.517160029,0.12373737373737374,0.12373737373737374,goal fraction,False,False,True
mazecnn,quiet-owl-6,16777216,53.068027932999996,0.13383838383838384,0.13383838383838384,goal fraction,False,False,True
mazecnn,quiet-owl-6,25165824,78.92932515199999,0.18939393939393942,0.18939393939393942,goal fraction,False,False,True
mazecnn,quiet-owl-6,33554432,104.4102262875,0.15151515151515152,0.15151515151515152,goal fraction,False,False,True
mazecnn,quiet-owl-7,8388608,36.7964447285,0.13636363636363635,0.13636363636363635,goal fraction,False,False,True
mazecnn,quiet-owl-7,16777216,73.015443766,0.06060606060606061,0.06060606060606061,goal fraction,False,False,True
mazecnn,quiet-owl-7,25165824,109.177597659,0.06060606060606061,0.06060606060606061,goal fraction,False,False,True
mazecnn,quiet-owl-7,33554432,146.1105629755,0.10606060606060606,0.10606060606060606,goal fraction,False,False,True
mazecnn,quiet-owl-8,8388608,36.372790032,0.11868686868686869,0.11868686868686869,goal fraction,False,False,True
mazecnn,quiet-owl-8,16777216,72.687833189,0.08838383838383838,0.08838383838383838,goal fraction,False,False,True
mazecnn,quiet-owl-8,25165824,108.144552828,0.0909090909090909,0.0909090909090909,goal fraction,False,False,True
mazecnn,quiet-owl-8,33554432,143.4427718105,0.0984848484848485,0.0984848484848485,goal fraction,False,False,True
mazecnn,quiet-owl-9,8388608,55.91164596,0.11868686868686869,0.11868686868686869,goal fraction,False,False,True
mazecnn,quiet-owl-9,16777216,112.274316924,0.11868686868686869,0.11868686868686869,goal fraction,False,False,True
mazecnn,quiet-owl-9,25165824,167.916976858,0.1313131313131313,0.1313131313131313,goal fraction,False,False,True
mazecnn,quiet-owl-9,33554432,224.573995139,0.17929292929292928,0.17929292929292928,goal fraction,False,False,True
mazecnn,swift-fox-3,8388608,22.981507080500002,0.13636363636363638,0.13636363636363638,goal fraction,True,True,False
mazecnn,swift-fox-3,16777216,45.3856098155,0.17424242424242423,0.17424242424242423,goal fraction,False,False,True
mazecnn,swift-fox-3,25165824,67.512153696,0.20959595959595959,0.20959595959595959,goal fraction,False,False,True
mazecnn,swift-fox-3,33554432,90.01568063549999,0.20454545454545456,0.20454545454545456,goal fraction,False,False,True
pongcnn,happy-cat-1,2097152,5.12364726,0.5295227617759257,0.5356974902340855,mean final point fraction (censoring bounds),True,True,False
pongcnn,happy-cat-1,4194304,10.0419106435,0.5635217030078691,0.5635217030078691,mean final point fraction (censoring bounds),True,True,False
pongcnn,happy-cat-1,6291456,14.946535337499999,0.5979920795042357,0.6140525967129762,mean final point fraction (censoring bounds),True,False,False
pongcnn,happy-cat-1,8388608,19.851766828,0.5979790216209621,0.6164284149194152,mean final point fraction (censoring bounds),False,False,False
pongcnn,mystic-tree-2,2097152,6.753266176,0.0,0.0,mean final point fraction (censoring bounds),False,False,True
pongcnn,mystic-tree-2,4194304,13.295447342,0.0,0.0,mean final point fraction (censoring bounds),False,False,True
pongcnn,mystic-tree-2,6291456,19.929793646500002,0.0,0.0,mean final point fraction (censoring bounds),False,False,True
pongcnn,mystic-tree-2,8388608,26.548785453,0.0,0.0,mean final point fraction (censoring bounds),False,False,True
pongcnn,nature-cnn,2097152,6.075071876,0.06966842050195922,0.3069249331328428,mean final point fraction (censoring bounds),False,False,True
pongcnn,nature-cnn,4194304,11.902993241,0.163091613154047,0.6024518588650315,mean final point fraction (censoring bounds),False,False,False
pongcnn,nature-cnn,6291456,17.6557927495,0.15135517771970886,0.6224102371175537,mean final point fraction (censoring bounds),False,False,False
pongcnn,nature-cnn,8388608,23.4198735165,0.1562784490969676,0.6306323841802526,mean final point fraction (censoring bounds),False,False,False
pongcnn,quality-reference,2097152,5.63917547,0.297749668285089,0.5053971979699192,mean final point fraction (censoring bounds),False,False,True
pongcnn,quality-reference,4194304,11.104820800999999,0.4448793778752675,0.6429366791790556,mean final point fraction (censoring bounds),False,True,False
pongcnn,quality-reference,6291456,16.741487880999998,0.4276419003981022,0.7044738298734157,mean final point fraction (censoring bounds),False,True,False
pongcnn,quality-reference,8388608,22.371817971,0.41567119771138833,0.7268899259353806,mean final point fraction (censoring bounds),False,True,False
pongcnn,quiet-owl-10,2097152,7.892013026,0.03321247537518671,0.03321247537518671,mean final point fraction (censoring bounds),False,False,True
pongcnn,quiet-owl-10,4194304,15.6512796945,0.20286639782159474,0.27624040332595184,mean final point fraction (censoring bounds),False,False,True
pongcnn,quiet-owl-10,6291456,23.5522781095,0.28638079730115557,0.4342564288452468,mean final point fraction (censoring bounds),False,False,True
pongcnn,quiet-owl-10,8388608,31.472854087,0.28680930652884223,0.43463771506879306,mean final point fraction (censoring bounds),False,False,True
pongcnn,quiet-owl-11,2097152,5.372982448,0.0,0.0,mean final point fraction (censoring bounds),False,False,True
pongcnn,quiet-owl-11,4194304,10.52273707,0.06574367467079655,0.1779038461257584,mean final point fraction (censoring bounds),False,False,True
pongcnn,quiet-owl-11,6291456,15.696299379500001,0.06763089119775705,0.1988656618100204,mean final point fraction (censoring bounds),False,False,True
pongcnn,quiet-owl-11,8388608,20.785912066999998,0.06780940582919019,0.26331974040862083,mean final point fraction (censoring bounds),False,False,True
pongcnn,quiet-owl-12,2097152,5.3202168025,0.13293493865541897,0.36611085604410437,mean final point fraction (censoring bounds),False,False,True
pongcnn,quiet-owl-12,4194304,10.364158181,0.23770388312986376,0.5769356793343015,mean final point fraction (censoring bounds),False,True,False
pongcnn,quiet-owl-12,6291456,15.403245362,0.2303790655127307,0.5818846327493005,mean final point fraction (censoring bounds),False,False,True
pongcnn,quiet-owl-12,8388608,20.4425311135,0.22368126838255264,0.5929403476540782,mean final point fraction (censoring bounds),False,False,True
pongcnn,quiet-owl-4,2097152,12.9662060325,0.1780056031699869,0.1890516752558536,mean final point fraction (censoring bounds),False,False,True
pongcnn,quiet-owl-4,4194304,25.49424451,0.36881530618800723,0.5714798790323873,mean final point fraction (censoring bounds),False,False,True
pongcnn,quiet-owl-4,6291456,38.1488875175,0.40372326505507183,0.7546090290745168,mean final point fraction (censoring bounds),False,True,False
pongcnn,quiet-owl-4,8388608,50.881235441499996,0.4579821588803735,0.8179247795631233,mean final point fraction (censoring bounds),False,True,False
pongcnn,quiet-owl-5,2097152,7.4957717420000005,0.0,0.0,mean final point fraction (censoring bounds),False,False,True
pongcnn,quiet-owl-5,4194304,14.8791193585,0.0,0.0,mean final point fraction (censoring bounds),False,False,True
pongcnn,quiet-owl-5,6291456,22.2897621095,0.0,0.0,mean final point fraction (censoring bounds),False,False,True
pongcnn,quiet-owl-5,8388608,29.667170692,0.0,0.0,mean final point fraction (censoring bounds),False,False,True
pongcnn,quiet-owl-6,2097152,5.265605324,0.5295227617759257,0.5356974902340855,mean final point fraction (censoring bounds),False,False,False
pongcnn,quiet-owl-6,4194304,10.2736063155,0.5635217030078691,0.5635217030078691,mean final point fraction (censoring bounds),False,False,True
pongcnn,quiet-owl-6,6291456,15.268795043499999,0.5979920795042357,0.6140525967129762,mean final point fraction (censoring bounds),False,False,False
pongcnn,quiet-owl-6,8388608,20.317528592000002,0.5979790216209621,0.6164284149194152,mean final point fraction (censoring bounds),False,False,False
pongcnn,quiet-owl-7,2097152,6.639171803,0.27711125501639333,0.27711125501639333,mean final point fraction (censoring bounds),False,False,True
pongcnn,quiet-owl-7,4194304,13.0671611585,0.31492309599859275,0.3593707589961945,mean final point fraction (censoring bounds),False,False,True
pongcnn,quiet-owl-7,6291456,19.447194118,0.3967519559306272,0.501844664215367,mean final point fraction (censoring bounds),False,False,True
pongcnn,quiet-owl-7,8388608,25.8472569315,0.4233303933441018,0.552180870550582,mean final point fraction (censoring bounds),False,False,True
pongcnn,quiet-owl-8,2097152,6.604102173499999,0.2641990253473149,0.2641990253473149,mean final point fraction (censoring bounds),False,False,True
pongcnn,quiet-owl-8,4194304,13.0352163095,0.29637096727017676,0.29637096727017676,mean final point fraction (censoring bounds),False,False,True
pongcnn,quiet-owl-8,6291456,19.3347973365,0.5874903402925102,0.5969950968154618,mean final point fraction (censoring bounds),False,False,True
pongcnn,quiet-owl-8,8388608,25.6558821975,0.5967413268256145,0.6057583473419348,mean final point fraction (censoring bounds),False,False,False
pongcnn,quiet-owl-9,2097152,8.605066822000001,0.35288104694877837,0.35288104694877837,mean final point fraction (censoring bounds),False,False,True
pongcnn,quiet-owl-9,4194304,16.9924744695,0.5737264640265991,0.5858125642224554,mean final point fraction (censoring bounds),False,False,True
pongcnn,quiet-owl-9,6291456,25.3224182345,0.5893319654624729,0.6033050105491251,mean final point fraction (censoring bounds),False,False,False
pongcnn,quiet-owl-9,8388608,33.722793541,0.5946194238301317,0.6103175267714952,mean final point fraction (censoring bounds),False,False,False
pongcnn,swift-fox-3,2097152,4.9716020919999995,0.0,0.0,mean final point fraction (censoring bounds),True,True,False
pongcnn,swift-fox-3,4194304,9.728406666,0.0,0.0,mean final point fraction (censoring bounds),False,False,True
pongcnn,swift-fox-3,6291456,14.467711997,0.0,0.0,mean final point fraction (censoring bounds),False,False,True
pongcnn,swift-fox-3,8388608,19.18704605,0.0,0.0,mean final point fraction (censoring bounds),False,False,True
snakecnn,happy-cat-1,2097152,4.463557484,3.2702020202020203,3.2702020202020203,mean ending length,True,True,False
snakecnn,happy-cat-1,4194304,8.689010483499999,4.222222222222222,4.222222222222222,mean ending length,True,True,False
snakecnn,happy-cat-1,6291456,12.950798068000001,5.621212121212121,5.621212121212121,mean ending length,True,True,False
snakecnn,happy-cat-1,8388608,17.195027849,5.775252525252525,5.775252525252525,mean ending length,False,False,True
snakecnn,mystic-tree-2,2097152,6.251748505,2.755050505050505,2.755050505050505,mean ending length,False,False,True
snakecnn,mystic-tree-2,4194304,12.2293450145,3.356060606060606,3.356060606060606,mean ending length,False,False,True
snakecnn,mystic-tree-2,6291456,18.146021799499998,3.6590909090909096,3.6590909090909096,mean ending length,False,False,True
snakecnn,mystic-tree-2,8388608,24.178838307,3.686868686868687,3.686868686868687,mean ending length,False,False,True
snakecnn,nature-cnn,2097152,5.1238732205,3.3636363636363633,3.3636363636363633,mean ending length,True,True,False
snakecnn,nature-cnn,4194304,10.002628636499999,5.151515151515151,5.151515151515151,mean ending length,True,True,False
snakecnn,nature-cnn,6291456,14.9030580255,6.984848484848484,6.984848484848484,mean ending length,True,True,False
snakecnn,nature-cnn,8388608,19.8112548185,7.18939393939394,7.18939393939394,mean ending length,True,True,False
snakecnn,quality-reference,2097152,4.870163739500001,3.343434343434344,3.343434343434344,mean ending length,False,False,True
snakecnn,quality-reference,4194304,9.5009021125,4.497474747474747,4.497474747474747,mean ending length,False,False,True
snakecnn,quality-reference,6291456,14.1409334075,5.805555555555556,5.805555555555556,mean ending length,True,True,False
snakecnn,quality-reference,8388608,18.7905285365,6.146464646464647,6.146464646464647,mean ending length,False,False,True
snakecnn,quiet-owl-10,2097152,7.702599358,3.598484848484848,3.598484848484848,mean ending length,True,True,False
snakecnn,quiet-owl-10,4194304,15.003262578000001,5.23989898989899,5.23989898989899,mean ending length,False,False,True
snakecnn,quiet-owl-10,6291456,22.3256476705,6.128787878787879,6.128787878787879,mean ending length,False,False,True
snakecnn,quiet-owl-10,8388608,29.602009488,6.838383838383838,6.838383838383838,mean ending length,False,False,True
snakecnn,quiet-owl-11,2097152,4.545126973,3.265151515151515,3.265151515151515,mean ending length,False,False,True
snakecnn,quiet-owl-11,4194304,8.8282326715,4.17929292929293,4.17929292929293,mean ending length,False,False,True
snakecnn,quiet-owl-11,6291456,13.0139084835,5.328282828282828,5.328282828282828,mean ending length,False,False,True
snakecnn,quiet-owl-11,8388608,17.1963216735,5.507575757575758,5.507575757575758,mean ending length,False,False,True
snakecnn,quiet-owl-12,2097152,4.6244848215,3.3459595959595956,3.3459595959595956,mean ending length,True,True,False
snakecnn,quiet-owl-12,4194304,9.0025366225,4.5227272727272725,4.5227272727272725,mean ending length,True,True,False
snakecnn,quiet-owl-12,6291456,13.432918498,5.67929292929293,5.67929292929293,mean ending length,True,True,False
snakecnn,quiet-owl-12,8388608,17.8418295835,5.525252525252526,5.525252525252526,mean ending length,False,False,True
snakecnn,quiet-owl-4,2097152,13.289306054499999,3.593434343434344,3.593434343434344,mean ending length,False,False,True
snakecnn,quiet-owl-4,4194304,26.401027355,5.126262626262626,5.126262626262626,mean ending length,False,False,True
snakecnn,quiet-owl-4,6291456,39.207436531499994,6.454545454545454,6.454545454545454,mean ending length,False,False,True
snakecnn,quiet-owl-4,8388608,52.016941988499994,6.790404040404041,6.790404040404041,mean ending length,False,False,True
snakecnn,quiet-owl-5,2097152,6.931904015000001,2.308080808080808,2.308080808080808,mean ending length,False,False,True
snakecnn,quiet-owl-5,4194304,13.4996970145,2.4924242424242427,2.4924242424242427,mean ending length,False,False,True
snakecnn,quiet-owl-5,6291456,20.0193206575,2.6616161616161613,2.6616161616161613,mean ending length,False,False,True
snakecnn,quiet-owl-5,8388608,26.585914825499998,2.686868686868687,2.686868686868687,mean ending length,False,False,True
snakecnn,quiet-owl-6,2097152,4.5849114029999996,3.2702020202020203,3.2702020202020203,mean ending length,False,False,True
snakecnn,quiet-owl-6,4194304,8.991054752,4.222222222222222,4.222222222222222,mean ending length,False,False,True
snakecnn,quiet-owl-6,6291456,13.376922477499999,5.621212121212121,5.621212121212121,mean ending length,False,False,True
snakecnn,quiet-owl-6,8388608,17.867851707,5.775252525252525,5.775252525252525,mean ending length,False,False,True
snakecnn,quiet-owl-7,2097152,5.624702343,3.20959595959596,3.20959595959596,mean ending length,False,False,True
snakecnn,quiet-owl-7,4194304,11.076023459,4.083333333333333,4.083333333333333,mean ending length,False,False,True
snakecnn,quiet-owl-7,6291456,16.4826754295,4.972222222222222,4.972222222222222,mean ending length,False,False,True
snakecnn,quiet-owl-7,8388608,21.863685491,5.194444444444444,5.194444444444444,mean ending length,False,False,True
snakecnn,quiet-owl-8,2097152,6.097320006,3.28030303030303,3.28030303030303,mean ending length,False,False,True
snakecnn,quiet-owl-8,4194304,11.921010348,4.16919191919192,4.16919191919192,mean ending length,False,False,True
snakecnn,quiet-owl-8,6291456,17.7149673415,4.664141414141414,4.664141414141414,mean ending length,False,False,True
snakecnn,quiet-owl-8,8388608,23.523313199500002,5.123737373737374,5.123737373737374,mean ending length,False,False,True
snakecnn,quiet-owl-9,2097152,7.6971286425,3.257575757575758,3.257575757575758,mean ending length,False,False,True
snakecnn,quiet-owl-9,4194304,15.157700103,4.194444444444445,4.194444444444445,mean ending length,False,False,True
snakecnn,quiet-owl-9,6291456,22.625780505,5.095959595959596,5.095959595959596,mean ending length,False,False,True
snakecnn,quiet-owl-9,8388608,30.111394413,5.3560606060606055,5.3560606060606055,mean ending length,False,False,True
snakecnn,swift-fox-3,2097152,4.3749295725,2.255050505050505,2.255050505050505,mean ending length,True,True,False
snakecnn,swift-fox-3,4194304,8.466772924,2.78030303030303,2.78030303030303,mean ending length,False,False,True
snakecnn,swift-fox-3,6291456,12.5572964865,2.946969696969697,2.946969696969697,mean ending length,False,False,True
snakecnn,swift-fox-3,8388608,16.6533261925,3.0656565656565657,3.0656565656565657,mean ending length,False,False,True
