environment,candidate,nature_seconds,checkpoint_decisions,checkpoint_seconds,score_lower,score_upper,nature_lower,nature_upper,lower_endpoint_comparison,censoring_bound_comparison
breakoutcnn,happy-cat-1,48.4255463335,16777216,43.7290342715,7.142424242424243,7.142424242424243,6.460606060606061,6.460606060606061,higher,higher
breakoutcnn,mystic-tree-2,48.4255463335,12582912,43.10546694,5.7727272727272725,5.7727272727272725,6.460606060606061,6.460606060606061,lower,lower
breakoutcnn,swift-fox-3,48.4255463335,16777216,43.600363044000005,5.584848484848485,5.584848484848485,6.460606060606061,6.460606060606061,lower,lower
breakoutcnn,quiet-owl-4,48.4255463335,4194304,27.9175598275,5.630303030303031,5.630303030303031,6.460606060606061,6.460606060606061,lower,lower
breakoutcnn,quiet-owl-5,48.4255463335,12582912,46.837298145999995,6.4393939393939394,6.4393939393939394,6.460606060606061,6.460606060606061,lower,lower
breakoutcnn,quiet-owl-6,48.4255463335,16777216,44.095398598,7.142424242424243,7.142424242424243,6.460606060606061,6.460606060606061,higher,higher
breakoutcnn,quiet-owl-7,48.4255463335,12582912,40.50778756850001,6.209090909090909,6.209090909090909,6.460606060606061,6.460606060606061,lower,lower
breakoutcnn,quiet-owl-8,48.4255463335,12582912,42.476030228499994,6.748484848484848,6.748484848484848,6.460606060606061,6.460606060606061,higher,higher
breakoutcnn,quiet-owl-9,48.4255463335,8388608,35.6936827335,5.687878787878788,5.687878787878788,6.460606060606061,6.460606060606061,lower,lower
breakoutcnn,quiet-owl-10,48.4255463335,8388608,34.7097411555,5.6878787878787875,5.6878787878787875,6.460606060606061,6.460606060606061,lower,lower
breakoutcnn,quiet-owl-11,48.4255463335,16777216,43.874728479,6.078787878787879,6.078787878787879,6.460606060606061,6.460606060606061,lower,lower
breakoutcnn,quiet-owl-12,48.4255463335,16777216,44.4640556155,6.2696969696969695,6.2696969696969695,6.460606060606061,6.460606060606061,lower,lower
breakoutcnn,quiet-owl-13,48.4255463335,8388608,36.486321114999996,5.687878787878788,5.687878787878788,6.460606060606061,6.460606060606061,lower,lower
breakoutcnn,quiet-owl-14,48.4255463335,12582912,40.0590840235,5.3969696969696965,5.3969696969696965,6.460606060606061,6.460606060606061,lower,lower
breakoutcnn,quiet-owl-15,48.4255463335,8388608,34.5141506185,5.909090909090909,5.909090909090909,6.460606060606061,6.460606060606061,lower,lower
breakoutcnn,quiet-owl-16,48.4255463335,8388608,45.874231176500004,5.803030303030303,5.803030303030303,6.460606060606061,6.460606060606061,lower,lower
breakoutcnn,quiet-owl-17,48.4255463335,16777216,43.628851263499996,7.142424242424243,7.142424242424243,6.460606060606061,6.460606060606061,higher,higher
breakoutcnn,quiet-owl-18,48.4255463335,12582912,38.6693016835,5.948484848484848,5.948484848484848,6.460606060606061,6.460606060606061,lower,lower
breakoutcnn,quiet-owl-19,48.4255463335,8388608,37.6063590985,6.224242424242425,6.224242424242425,6.460606060606061,6.460606060606061,lower,lower
breakoutcnn,quiet-owl-20,48.4255463335,8388608,42.404405698000005,6.090909090909091,6.090909090909091,6.460606060606061,6.460606060606061,lower,lower
breakoutcnn,quiet-owl-21,48.4255463335,8388608,43.8482440405,5.621212121212121,5.621212121212121,6.460606060606061,6.460606060606061,lower,lower
breakoutcnn,quiet-owl-22,48.4255463335,16777216,44.4400052735,7.415151515151516,7.415151515151516,6.460606060606061,6.460606060606061,higher,higher
breakoutcnn,quiet-owl-23,48.4255463335,16777216,46.432137241,8.093939393939394,8.093939393939394,6.460606060606061,6.460606060606061,higher,higher
breakoutcnn,quiet-owl-24,48.4255463335,12582912,45.1359175305,6.157575757575758,6.157575757575758,6.460606060606061,6.460606060606061,lower,lower
breakoutcnn,quiet-owl-25,48.4255463335,8388608,45.712028399000005,5.775757575757575,5.775757575757575,6.460606060606061,6.460606060606061,lower,lower
breakoutcnn,quiet-owl-26,48.4255463335,16777216,45.1251926975,7.142424242424243,7.142424242424243,6.460606060606061,6.460606060606061,higher,higher
breakoutcnn,quiet-owl-27,48.4255463335,12582912,40.882150536,5.724242424242425,5.724242424242425,6.460606060606061,6.460606060606061,lower,lower
breakoutcnn,quiet-owl-28,48.4255463335,16777216,46.83131848,8.093939393939394,8.093939393939394,6.460606060606061,6.460606060606061,higher,higher
breakoutcnn,quiet-owl-29,48.4255463335,8388608,45.786760305,6.209090909090909,6.209090909090909,6.460606060606061,6.460606060606061,lower,lower
breakoutcnn,quiet-owl-30,48.4255463335,8388608,41.5763369085,6.2727272727272725,6.2727272727272725,6.460606060606061,6.460606060606061,lower,lower
breakoutcnn,quiet-owl-31,48.4255463335,12582912,43.564660988,5.996969696969697,5.996969696969697,6.460606060606061,6.460606060606061,lower,lower
breakoutcnn,quiet-owl-32,48.4255463335,8388608,32.6829257185,5.775757575757575,5.775757575757575,6.460606060606061,6.460606060606061,lower,lower
breakoutcnn,quiet-owl-33,48.4255463335,12582912,46.01376158,6.706060606060606,6.706060606060606,6.460606060606061,6.460606060606061,higher,higher
breakoutcnn,quiet-owl-34,48.4255463335,8388608,39.4786620295,5.906060606060606,5.906060606060606,6.460606060606061,6.460606060606061,lower,lower
breakoutcnn,quiet-owl-35,48.4255463335,8388608,41.537933073999994,5.630303030303031,5.630303030303031,6.460606060606061,6.460606060606061,lower,lower
breakoutcnn,quiet-owl-36,48.4255463335,8388608,46.492812226,6.33939393939394,6.33939393939394,6.460606060606061,6.460606060606061,lower,lower
breakoutcnn,quiet-owl-37,48.4255463335,8388608,45.418424614,5.83030303030303,5.83030303030303,6.460606060606061,6.460606060606061,lower,lower
breakoutcnn,quiet-owl-38,48.4255463335,12582912,41.077504691499996,5.724242424242425,5.724242424242425,6.460606060606061,6.460606060606061,lower,lower
breakoutcnn,quiet-owl-39,48.4255463335,8388608,32.6213477725,6.154545454545454,6.154545454545454,6.460606060606061,6.460606060606061,lower,lower
breakoutcnn,quiet-owl-40,48.4255463335,12582912,43.443050903,6.678787878787878,6.678787878787878,6.460606060606061,6.460606060606061,higher,higher
breakoutcnn,quiet-owl-41,48.4255463335,12582912,45.959217205499996,6.706060606060606,6.706060606060606,6.460606060606061,6.460606060606061,higher,higher
breakoutcnn,quiet-owl-42,48.4255463335,12582912,45.957267533999996,6.706060606060606,6.706060606060606,6.460606060606061,6.460606060606061,higher,higher
breakoutcnn,quiet-owl-43,48.4255463335,12582912,46.122616031999996,6.706060606060606,6.706060606060606,6.460606060606061,6.460606060606061,higher,higher
breakoutcnn,quiet-owl-44,48.4255463335,12582912,46.84799759,11.836363636363638,11.836363636363638,6.460606060606061,6.460606060606061,higher,higher
breakoutcnn,quiet-owl-45,48.4255463335,12582912,46.615353005,11.836363636363638,11.836363636363638,6.460606060606061,6.460606060606061,higher,higher
breakoutcnn,quality-reference,48.4255463335,16777216,45.296813399,9.445454545454545,9.445454545454545,6.460606060606061,6.460606060606061,higher,higher
breakoutcnn,nature-cnn,48.4255463335,16777216,48.4255463335,6.460606060606061,6.460606060606061,6.460606060606061,6.460606060606061,equal,overlap_or_equal
connect4cnn,happy-cat-1,77.50762675850001,13312000,72.8610600615,0.353030303030303,0.353030303030303,0.4257575757575758,0.4257575757575758,lower,lower
connect4cnn,mystic-tree-2,77.50762675850001,9984000,64.2552636505,0.010606060606060607,0.010606060606060607,0.4257575757575758,0.4257575757575758,lower,lower
connect4cnn,swift-fox-3,77.50762675850001,13312000,75.4948596875,0.0,0.0,0.4257575757575758,0.4257575757575758,lower,lower
connect4cnn,quiet-owl-4,77.50762675850001,6656000,61.770029944,0.36818181818181817,0.36818181818181817,0.4257575757575758,0.4257575757575758,lower,lower
connect4cnn,quiet-owl-5,77.50762675850001,9984000,68.12593398499999,0.0,0.0,0.4257575757575758,0.4257575757575758,lower,lower
connect4cnn,quiet-owl-6,77.50762675850001,13312000,73.54014731000001,0.353030303030303,0.353030303030303,0.4257575757575758,0.4257575757575758,lower,lower
connect4cnn,quiet-owl-7,77.50762675850001,9984000,63.380879371,0.17878787878787877,0.17878787878787877,0.4257575757575758,0.4257575757575758,lower,lower
connect4cnn,quiet-owl-8,77.50762675850001,9984000,61.299743373,0.1318181818181818,0.1318181818181818,0.4257575757575758,0.4257575757575758,lower,lower
connect4cnn,quiet-owl-9,77.50762675850001,9984000,71.253006301,0.3606060606060606,0.3606060606060606,0.4257575757575758,0.4257575757575758,lower,lower
connect4cnn,quiet-owl-10,77.50762675850001,9984000,67.59746445350001,0.29393939393939394,0.29393939393939394,0.4257575757575758,0.4257575757575758,lower,lower
connect4cnn,quiet-owl-11,77.50762675850001,9984000,59.330537912,0.24545454545454545,0.24545454545454545,0.4257575757575758,0.4257575757575758,lower,lower
connect4cnn,quiet-owl-12,77.50762675850001,13312000,74.5281725025,0.3848484848484849,0.3848484848484849,0.4257575757575758,0.4257575757575758,lower,lower
connect4cnn,quiet-owl-13,77.50762675850001,9984000,73.608997671,0.3606060606060606,0.3606060606060606,0.4257575757575758,0.4257575757575758,lower,lower
connect4cnn,quiet-owl-14,77.50762675850001,9984000,61.069992469,0.07121212121212121,0.07121212121212121,0.4257575757575758,0.4257575757575758,lower,lower
connect4cnn,quiet-owl-15,77.50762675850001,9984000,69.93698566,0.0590909090909091,0.0590909090909091,0.4257575757575758,0.4257575757575758,lower,lower
connect4cnn,quiet-owl-16,77.50762675850001,6656000,54.731584342,0.36818181818181817,0.36818181818181817,0.4257575757575758,0.4257575757575758,lower,lower
connect4cnn,quiet-owl-17,77.50762675850001,13312000,72.714470611,0.353030303030303,0.353030303030303,0.4257575757575758,0.4257575757575758,lower,lower
connect4cnn,quiet-owl-18,77.50762675850001,9984000,59.975306657,0.15,0.15,0.4257575757575758,0.4257575757575758,lower,lower
connect4cnn,quiet-owl-19,77.50762675850001,9984000,73.32768052,0.3621212121212121,0.3621212121212121,0.4257575757575758,0.4257575757575758,lower,lower
connect4cnn,quiet-owl-20,77.50762675850001,6656000,53.361508947000004,0.21515151515151515,0.21515151515151515,0.4257575757575758,0.4257575757575758,lower,lower
connect4cnn,quiet-owl-21,77.50762675850001,6656000,54.823700402,0.30303030303030304,0.30303030303030304,0.4257575757575758,0.4257575757575758,lower,lower
connect4cnn,quiet-owl-22,77.50762675850001,13312000,73.84036636249999,0.45,0.45,0.4257575757575758,0.4257575757575758,higher,higher
connect4cnn,quiet-owl-23,77.50762675850001,13312000,74.797420031,0.38181818181818183,0.38181818181818183,0.4257575757575758,0.4257575757575758,lower,lower
connect4cnn,quiet-owl-24,77.50762675850001,9984000,65.01177982249999,0.22424242424242422,0.22424242424242422,0.4257575757575758,0.4257575757575758,lower,lower
connect4cnn,quiet-owl-25,77.50762675850001,6656000,55.091384933,0.3287878787878788,0.3287878787878788,0.4257575757575758,0.4257575757575758,lower,lower
connect4cnn,quiet-owl-26,77.50762675850001,13312000,74.3666589355,0.353030303030303,0.353030303030303,0.4257575757575758,0.4257575757575758,lower,lower
connect4cnn,quiet-owl-27,77.50762675850001,9984000,61.066010889,0.4318181818181818,0.4318181818181818,0.4257575757575758,0.4257575757575758,higher,higher
connect4cnn,quiet-owl-28,77.50762675850001,13312000,75.724040766,0.38181818181818183,0.38181818181818183,0.4257575757575758,0.4257575757575758,lower,lower
connect4cnn,quiet-owl-29,77.50762675850001,6656000,55.610770750499995,0.28030303030303033,0.28030303030303033,0.4257575757575758,0.4257575757575758,lower,lower
connect4cnn,quiet-owl-30,77.50762675850001,6656000,52.833725078499995,0.38181818181818183,0.38181818181818183,0.4257575757575758,0.4257575757575758,lower,lower
connect4cnn,quiet-owl-31,77.50762675850001,9984000,63.8050616435,0.2393939393939394,0.2393939393939394,0.4257575757575758,0.4257575757575758,lower,lower
connect4cnn,quiet-owl-32,77.50762675850001,9984000,67.8080842505,0.4424242424242424,0.4424242424242424,0.4257575757575758,0.4257575757575758,higher,higher
connect4cnn,quiet-owl-33,77.50762675850001,9984000,65.481749026,0.41060606060606053,0.41060606060606053,0.4257575757575758,0.4257575757575758,lower,lower
connect4cnn,quiet-owl-34,77.50762675850001,9984000,73.89975818799999,0.3318181818181818,0.3318181818181818,0.4257575757575758,0.4257575757575758,lower,lower
connect4cnn,quiet-owl-35,77.50762675850001,6656000,52.916066209,0.35,0.35,0.4257575757575758,0.4257575757575758,lower,lower
connect4cnn,quiet-owl-36,77.50762675850001,6656000,56.376721577,0.3621212121212121,0.3621212121212121,0.4257575757575758,0.4257575757575758,lower,lower
connect4cnn,quiet-owl-37,77.50762675850001,6656000,55.6188546675,0.42727272727272725,0.42727272727272725,0.4257575757575758,0.4257575757575758,higher,higher
connect4cnn,quiet-owl-38,77.50762675850001,9984000,61.3916676375,0.4318181818181818,0.4318181818181818,0.4257575757575758,0.4257575757575758,higher,higher
connect4cnn,quiet-owl-39,77.50762675850001,9984000,67.71659299999999,0.44545454545454544,0.44545454545454544,0.4257575757575758,0.4257575757575758,higher,higher
connect4cnn,quiet-owl-40,77.50762675850001,9984000,63.9815689195,0.32727272727272727,0.32727272727272727,0.4257575757575758,0.4257575757575758,lower,lower
connect4cnn,quiet-owl-41,77.50762675850001,9984000,65.36059549699999,0.41060606060606053,0.41060606060606053,0.4257575757575758,0.4257575757575758,lower,lower
connect4cnn,quiet-owl-42,77.50762675850001,9984000,66.0250189975,0.41060606060606053,0.41060606060606053,0.4257575757575758,0.4257575757575758,lower,lower
connect4cnn,quiet-owl-43,77.50762675850001,9984000,65.991325058,0.41060606060606053,0.41060606060606053,0.4257575757575758,0.4257575757575758,lower,lower
connect4cnn,quiet-owl-44,77.50762675850001,9984000,65.312399409,0.45,0.45,0.4257575757575758,0.4257575757575758,higher,higher
connect4cnn,quiet-owl-45,77.50762675850001,9984000,65.2306743245,0.45,0.45,0.4257575757575758,0.4257575757575758,higher,higher
connect4cnn,quality-reference,77.50762675850001,13312000,75.0761587765,0.43787878787878787,0.43787878787878787,0.4257575757575758,0.4257575757575758,higher,higher
connect4cnn,nature-cnn,77.50762675850001,13312000,77.50762675850001,0.4257575757575758,0.4257575757575758,0.4257575757575758,0.4257575757575758,equal,overlap_or_equal
flappycnn,happy-cat-1,42.764945989,19922944,38.186195673,15.781385281385282,15.781385281385282,33.04112554112554,33.04112554112554,lower,lower
flappycnn,mystic-tree-2,42.764945989,14942208,40.705391479,7.136363636363636,7.136363636363636,33.04112554112554,33.04112554112554,lower,lower
flappycnn,swift-fox-3,42.764945989,19922944,37.3161334055,2.0086580086580086,2.0086580086580086,33.04112554112554,33.04112554112554,lower,lower
flappycnn,quiet-owl-4,42.764945989,4980736,28.7591956355,1.7207792207792207,1.7207792207792207,33.04112554112554,33.04112554112554,lower,lower
flappycnn,quiet-owl-5,42.764945989,9961472,30.477325435,7.277056277056277,7.277056277056277,33.04112554112554,33.04112554112554,lower,lower
flappycnn,quiet-owl-6,42.764945989,19922944,38.6117190675,15.781385281385282,15.781385281385282,33.04112554112554,33.04112554112554,lower,lower
flappycnn,quiet-owl-7,42.764945989,14942208,38.293692014499996,21.601731601731604,21.601731601731604,33.04112554112554,33.04112554112554,lower,lower
flappycnn,quiet-owl-8,42.764945989,14942208,38.7106386775,16.175324675324678,16.175324675324678,33.04112554112554,33.04112554112554,lower,lower
flappycnn,quiet-owl-9,42.764945989,9961472,35.405811563,10.33982683982684,10.33982683982684,33.04112554112554,33.04112554112554,lower,lower
flappycnn,quiet-owl-10,42.764945989,9961472,33.76704103,4.244588744588745,4.244588744588745,33.04112554112554,33.04112554112554,lower,lower
flappycnn,quiet-owl-11,42.764945989,19922944,38.041966977499996,19.019480519480517,19.019480519480517,33.04112554112554,33.04112554112554,lower,lower
flappycnn,quiet-owl-12,42.764945989,19922944,39.127821929,20.23160173160173,20.23160173160173,33.04112554112554,33.04112554112554,lower,lower
flappycnn,quiet-owl-13,42.764945989,9961472,37.254003746500004,10.33982683982684,10.33982683982684,33.04112554112554,33.04112554112554,lower,lower
flappycnn,quiet-owl-14,42.764945989,14942208,37.1672440535,17.677489177489175,17.677489177489175,33.04112554112554,33.04112554112554,lower,lower
flappycnn,quiet-owl-15,42.764945989,9961472,34.251386066,2.4134199134199137,2.4134199134199137,33.04112554112554,33.04112554112554,lower,lower
flappycnn,quiet-owl-16,42.764945989,4980736,23.380806672,2.718614718614719,2.718614718614719,33.04112554112554,33.04112554112554,lower,lower
flappycnn,quiet-owl-17,42.764945989,19922944,38.2577923935,15.781385281385282,15.781385281385282,33.04112554112554,33.04112554112554,lower,lower
flappycnn,quiet-owl-18,42.764945989,14942208,35.930780345,14.25108225108225,14.25108225108225,33.04112554112554,33.04112554112554,lower,lower
flappycnn,quiet-owl-19,42.764945989,9961472,38.2489520915,7.703463203463204,7.703463203463204,33.04112554112554,33.04112554112554,lower,lower
flappycnn,quiet-owl-20,42.764945989,4980736,22.2258103235,4.915584415584415,4.915584415584415,33.04112554112554,33.04112554112554,lower,lower
flappycnn,quiet-owl-21,42.764945989,4980736,23.3515771,1.738095238095238,1.738095238095238,33.04112554112554,33.04112554112554,lower,lower
flappycnn,quiet-owl-22,42.764945989,19922944,39.3297754395,23.445887445887447,23.445887445887447,33.04112554112554,33.04112554112554,lower,lower
flappycnn,quiet-owl-23,42.764945989,19922944,41.380970726,29.045454545454543,29.045454545454543,33.04112554112554,33.04112554112554,lower,lower
flappycnn,quiet-owl-24,42.764945989,9961472,30.1093947105,2.196969696969697,2.196969696969697,33.04112554112554,33.04112554112554,lower,lower
flappycnn,quiet-owl-25,42.764945989,4980736,22.932723713,2.720779220779221,2.720779220779221,33.04112554112554,33.04112554112554,lower,lower
flappycnn,quiet-owl-26,42.764945989,19922944,40.049356294999995,15.781385281385282,15.781385281385282,33.04112554112554,33.04112554112554,lower,lower
flappycnn,quiet-owl-27,42.764945989,14942208,38.5238572365,12.753246753246753,12.753246753246753,33.04112554112554,33.04112554112554,lower,lower
flappycnn,quiet-owl-28,42.764945989,19922944,42.203056084500005,29.045454545454543,29.045454545454543,33.04112554112554,33.04112554112554,lower,lower
flappycnn,quiet-owl-29,42.764945989,4980736,23.9327244105,2.29004329004329,2.29004329004329,33.04112554112554,33.04112554112554,lower,lower
flappycnn,quiet-owl-30,42.764945989,9961472,42.7319834715,15.645021645021645,15.645021645021645,33.04112554112554,33.04112554112554,lower,lower
flappycnn,quiet-owl-31,42.764945989,14942208,41.63478596,10.75757575757576,10.75757575757576,33.04112554112554,33.04112554112554,lower,lower
flappycnn,quiet-owl-32,42.764945989,9961472,32.24524600549999,5.7316017316017325,5.7316017316017325,33.04112554112554,33.04112554112554,lower,lower
flappycnn,quiet-owl-33,42.764945989,9961472,29.820325032,2.5194805194805197,2.5194805194805197,33.04112554112554,33.04112554112554,lower,lower
flappycnn,quiet-owl-34,42.764945989,9961472,37.573966584,14.670995670995671,14.670995670995671,33.04112554112554,33.04112554112554,lower,lower
flappycnn,quiet-owl-35,42.764945989,9961472,42.7456236235,9.147186147186147,9.147186147186147,33.04112554112554,33.04112554112554,lower,lower
flappycnn,quiet-owl-36,42.764945989,4980736,24.1963572865,5.658008658008657,5.658008658008657,33.04112554112554,33.04112554112554,lower,lower
flappycnn,quiet-owl-37,42.764945989,4980736,23.514219312,2.590909090909091,2.590909090909091,33.04112554112554,33.04112554112554,lower,lower
flappycnn,quiet-owl-38,42.764945989,14942208,38.647095572,12.753246753246753,12.753246753246753,33.04112554112554,33.04112554112554,lower,lower
flappycnn,quiet-owl-39,42.764945989,9961472,32.223981300000005,7.66017316017316,7.66017316017316,33.04112554112554,33.04112554112554,lower,lower
flappycnn,quiet-owl-40,42.764945989,14942208,41.751821002,20.318181818181817,20.318181818181817,33.04112554112554,33.04112554112554,lower,lower
flappycnn,quiet-owl-41,42.764945989,9961472,29.932844527500002,2.5194805194805197,2.5194805194805197,33.04112554112554,33.04112554112554,lower,lower
flappycnn,quiet-owl-42,42.764945989,9961472,29.723312608,2.5194805194805197,2.5194805194805197,33.04112554112554,33.04112554112554,lower,lower
flappycnn,quiet-owl-43,42.764945989,9961472,29.7860309545,2.5194805194805197,2.5194805194805197,33.04112554112554,33.04112554112554,lower,lower
flappycnn,quiet-owl-44,42.764945989,9961472,30.496871094,5.296536796536797,5.296536796536797,33.04112554112554,33.04112554112554,lower,lower
flappycnn,quiet-owl-45,42.764945989,9961472,30.269607901999997,5.296536796536797,5.296536796536797,33.04112554112554,33.04112554112554,lower,lower
flappycnn,quality-reference,42.764945989,19922944,41.811422949000004,24.3961038961039,24.3961038961039,33.04112554112554,33.04112554112554,lower,lower
flappycnn,nature-cnn,42.764945989,19922944,42.764945989,33.04112554112554,33.04112554112554,33.04112554112554,33.04112554112554,equal,overlap_or_equal
mazecnn,happy-cat-1,120.5591244015,33554432,103.4544373985,0.15151515151515152,0.15151515151515152,0.2297979797979798,0.2297979797979798,lower,lower
mazecnn,mystic-tree-2,120.5591244015,25165824,112.409120723,0.07575757575757576,0.07575757575757576,0.2297979797979798,0.2297979797979798,lower,lower
mazecnn,swift-fox-3,120.5591244015,33554432,90.01568063549999,0.20454545454545456,0.20454545454545456,0.2297979797979798,0.2297979797979798,lower,lower
mazecnn,quiet-owl-4,120.5591244015,8388608,101.004467671,0.18686868686868685,0.18686868686868685,0.2297979797979798,0.2297979797979798,lower,lower
mazecnn,quiet-owl-5,120.5591244015,16777216,91.49731099350001,0.09595959595959597,0.09595959595959597,0.2297979797979798,0.2297979797979798,lower,lower
mazecnn,quiet-owl-6,120.5591244015,33554432,104.4102262875,0.15151515151515152,0.15151515151515152,0.2297979797979798,0.2297979797979798,lower,lower
mazecnn,quiet-owl-7,120.5591244015,25165824,109.177597659,0.06060606060606061,0.06060606060606061,0.2297979797979798,0.2297979797979798,lower,lower
mazecnn,quiet-owl-8,120.5591244015,25165824,108.144552828,0.0909090909090909,0.0909090909090909,0.2297979797979798,0.2297979797979798,lower,lower
mazecnn,quiet-owl-9,120.5591244015,16777216,112.274316924,0.11868686868686869,0.11868686868686869,0.2297979797979798,0.2297979797979798,lower,lower
mazecnn,quiet-owl-10,120.5591244015,16777216,102.7744881605,0.1414141414141414,0.1414141414141414,0.2297979797979798,0.2297979797979798,lower,lower
mazecnn,quiet-owl-11,120.5591244015,33554432,102.9177060205,0.27020202020202017,0.27020202020202017,0.2297979797979798,0.2297979797979798,higher,higher
mazecnn,quiet-owl-12,120.5591244015,33554432,105.153676663,0.2272727272727273,0.2272727272727273,0.2297979797979798,0.2297979797979798,lower,lower
mazecnn,quiet-owl-13,120.5591244015,16777216,119.7358546015,0.11868686868686869,0.11868686868686869,0.2297979797979798,0.2297979797979798,lower,lower
mazecnn,quiet-owl-14,120.5591244015,25165824,111.414044158,0.1414141414141414,0.1414141414141414,0.2297979797979798,0.2297979797979798,lower,lower
mazecnn,quiet-owl-15,120.5591244015,16777216,106.990189516,0.1590909090909091,0.1590909090909091,0.2297979797979798,0.2297979797979798,lower,lower
mazecnn,quiet-owl-16,120.5591244015,8388608,79.604659371,0.10101010101010101,0.10101010101010101,0.2297979797979798,0.2297979797979798,lower,lower
mazecnn,quiet-owl-17,120.5591244015,33554432,103.3179263465,0.15151515151515152,0.15151515151515152,0.2297979797979798,0.2297979797979798,lower,lower
mazecnn,quiet-owl-18,120.5591244015,25165824,106.2836283935,0.14393939393939395,0.14393939393939395,0.2297979797979798,0.2297979797979798,lower,lower
mazecnn,quiet-owl-19,120.5591244015,8388608,61.794247569,0.15151515151515152,0.15151515151515152,0.2297979797979798,0.2297979797979798,lower,lower
mazecnn,quiet-owl-20,120.5591244015,8388608,72.257974322,0.11868686868686869,0.11868686868686869,0.2297979797979798,0.2297979797979798,lower,lower
mazecnn,quiet-owl-21,120.5591244015,8388608,77.5224087485,0.14393939393939395,0.14393939393939395,0.2297979797979798,0.2297979797979798,lower,lower
mazecnn,quiet-owl-22,120.5591244015,33554432,107.9814163395,0.255050505050505,0.255050505050505,0.2297979797979798,0.2297979797979798,higher,higher
mazecnn,quiet-owl-23,120.5591244015,33554432,114.001786416,0.2474747474747475,0.2474747474747475,0.2297979797979798,0.2297979797979798,higher,higher
mazecnn,quiet-owl-24,120.5591244015,16777216,86.2536535015,0.19444444444444442,0.19444444444444442,0.2297979797979798,0.2297979797979798,lower,lower
mazecnn,quiet-owl-25,120.5591244015,8388608,77.5183148285,0.08080808080808081,0.08080808080808081,0.2297979797979798,0.2297979797979798,lower,lower
mazecnn,quiet-owl-26,120.5591244015,33554432,108.197534515,0.15151515151515152,0.15151515151515152,0.2297979797979798,0.2297979797979798,lower,lower
mazecnn,quiet-owl-27,120.5591244015,25165824,114.28411471250001,0.17424242424242423,0.17424242424242423,0.2297979797979798,0.2297979797979798,lower,lower
mazecnn,quiet-owl-28,120.5591244015,33554432,115.5771789085,0.2474747474747475,0.2474747474747475,0.2297979797979798,0.2297979797979798,higher,higher
mazecnn,quiet-owl-29,120.5591244015,8388608,79.040541878,0.08080808080808081,0.08080808080808081,0.2297979797979798,0.2297979797979798,lower,lower
mazecnn,quiet-owl-30,120.5591244015,8388608,68.480783288,0.18686868686868685,0.18686868686868685,0.2297979797979798,0.2297979797979798,lower,lower
mazecnn,quiet-owl-31,120.5591244015,25165824,120.392770956,0.21717171717171715,0.21717171717171715,0.2297979797979798,0.2297979797979798,lower,lower
mazecnn,quiet-owl-32,120.5591244015,16777216,98.6295374105,0.10858585858585858,0.10858585858585858,0.2297979797979798,0.2297979797979798,lower,lower
mazecnn,quiet-owl-33,120.5591244015,16777216,92.78689175049999,0.22474747474747472,0.22474747474747472,0.2297979797979798,0.2297979797979798,lower,lower
mazecnn,quiet-owl-34,120.5591244015,8388608,61.6793072375,0.148989898989899,0.148989898989899,0.2297979797979798,0.2297979797979798,lower,lower
mazecnn,quiet-owl-35,120.5591244015,8388608,68.97263868,0.11616161616161617,0.11616161616161617,0.2297979797979798,0.2297979797979798,lower,lower
mazecnn,quiet-owl-36,120.5591244015,8388608,78.53027032,0.25,0.25,0.2297979797979798,0.2297979797979798,higher,higher
mazecnn,quiet-owl-37,120.5591244015,8388608,78.21930972499999,0.1313131313131313,0.1313131313131313,0.2297979797979798,0.2297979797979798,lower,lower
mazecnn,quiet-owl-38,120.5591244015,25165824,114.916159246,0.17424242424242423,0.17424242424242423,0.2297979797979798,0.2297979797979798,lower,lower
mazecnn,quiet-owl-39,120.5591244015,16777216,98.39538565550001,0.20202020202020202,0.20202020202020202,0.2297979797979798,0.2297979797979798,lower,lower
mazecnn,quiet-owl-40,120.5591244015,25165824,120.471671062,0.17424242424242423,0.17424242424242423,0.2297979797979798,0.2297979797979798,lower,lower
mazecnn,quiet-owl-41,120.5591244015,16777216,93.61289508499999,0.22474747474747472,0.22474747474747472,0.2297979797979798,0.2297979797979798,lower,lower
mazecnn,quiet-owl-42,120.5591244015,16777216,93.138121249,0.22474747474747472,0.22474747474747472,0.2297979797979798,0.2297979797979798,lower,lower
mazecnn,quiet-owl-43,120.5591244015,16777216,93.07279993899999,0.22474747474747472,0.22474747474747472,0.2297979797979798,0.2297979797979798,lower,lower
mazecnn,quiet-owl-44,120.5591244015,16777216,94.2583898475,0.16161616161616163,0.16161616161616163,0.2297979797979798,0.2297979797979798,lower,lower
mazecnn,quiet-owl-45,120.5591244015,16777216,93.08291932399999,0.16161616161616163,0.16161616161616163,0.2297979797979798,0.2297979797979798,lower,lower
mazecnn,quality-reference,120.5591244015,33554432,112.595723456,0.2828282828282828,0.2828282828282828,0.2297979797979798,0.2297979797979798,higher,higher
mazecnn,nature-cnn,120.5591244015,33554432,120.5591244015,0.2297979797979798,0.2297979797979798,0.2297979797979798,0.2297979797979798,equal,overlap_or_equal
pongcnn,happy-cat-1,23.4198735165,8388608,19.851766828,0.5979790216209621,0.6164284149194152,0.1562784490969676,0.6306323841802526,higher,overlap_or_equal
pongcnn,mystic-tree-2,23.4198735165,6291456,19.929793646500002,0.0,0.0,0.1562784490969676,0.6306323841802526,lower,lower
pongcnn,swift-fox-3,23.4198735165,8388608,19.18704605,0.0,0.0,0.1562784490969676,0.6306323841802526,lower,lower
pongcnn,quiet-owl-4,23.4198735165,2097152,12.9662060325,0.1780056031699869,0.1890516752558536,0.1562784490969676,0.6306323841802526,higher,overlap_or_equal
pongcnn,quiet-owl-5,23.4198735165,6291456,22.2897621095,0.0,0.0,0.1562784490969676,0.6306323841802526,lower,lower
pongcnn,quiet-owl-6,23.4198735165,8388608,20.317528592000002,0.5979790216209621,0.6164284149194152,0.1562784490969676,0.6306323841802526,higher,overlap_or_equal
pongcnn,quiet-owl-7,23.4198735165,6291456,19.447194118,0.3967519559306272,0.501844664215367,0.1562784490969676,0.6306323841802526,higher,overlap_or_equal
pongcnn,quiet-owl-8,23.4198735165,6291456,19.3347973365,0.5874903402925102,0.5969950968154618,0.1562784490969676,0.6306323841802526,higher,overlap_or_equal
pongcnn,quiet-owl-9,23.4198735165,4194304,16.9924744695,0.5737264640265991,0.5858125642224554,0.1562784490969676,0.6306323841802526,higher,overlap_or_equal
pongcnn,quiet-owl-10,23.4198735165,4194304,15.6512796945,0.20286639782159474,0.27624040332595184,0.1562784490969676,0.6306323841802526,higher,overlap_or_equal
pongcnn,quiet-owl-11,23.4198735165,8388608,20.785912066999998,0.06780940582919019,0.26331974040862083,0.1562784490969676,0.6306323841802526,lower,overlap_or_equal
pongcnn,quiet-owl-12,23.4198735165,8388608,20.4425311135,0.22368126838255264,0.5929403476540782,0.1562784490969676,0.6306323841802526,higher,overlap_or_equal
pongcnn,quiet-owl-13,23.4198735165,4194304,17.622979856500002,0.5737264640265991,0.5858125642224554,0.1562784490969676,0.6306323841802526,higher,overlap_or_equal
pongcnn,quiet-owl-14,23.4198735165,6291456,18.651416783000002,0.30943006106706256,0.30999504486375373,0.1562784490969676,0.6306323841802526,higher,overlap_or_equal
pongcnn,quiet-owl-15,23.4198735165,4194304,16.419332078,0.28025500191508096,0.28025500191508096,0.1562784490969676,0.6306323841802526,higher,overlap_or_equal
pongcnn,quiet-owl-16,23.4198735165,4194304,21.33698476,0.4688398195288794,0.6041279615460874,0.1562784490969676,0.6306323841802526,higher,overlap_or_equal
pongcnn,quiet-owl-17,23.4198735165,8388608,20.0008455685,0.5979790216209621,0.6164284149194152,0.1562784490969676,0.6306323841802526,higher,overlap_or_equal
pongcnn,quiet-owl-18,23.4198735165,6291456,18.070450935,0.706670559348425,0.706670559348425,0.1562784490969676,0.6306323841802526,higher,higher
pongcnn,quiet-owl-19,23.4198735165,4194304,18.137335809,0.2742631903644795,0.47172304928896774,0.1562784490969676,0.6306323841802526,higher,overlap_or_equal
pongcnn,quiet-owl-20,23.4198735165,4194304,20.909894475999998,0.3081504990193143,0.4528816949262412,0.1562784490969676,0.6306323841802526,higher,overlap_or_equal
pongcnn,quiet-owl-21,23.4198735165,4194304,21.523236585,0.41410576072078076,0.45246824626996024,0.1562784490969676,0.6306323841802526,higher,overlap_or_equal
pongcnn,quiet-owl-22,23.4198735165,8388608,20.4188524065,0.3569460842188115,0.6986166228759928,0.1562784490969676,0.6306323841802526,higher,overlap_or_equal
pongcnn,quiet-owl-23,23.4198735165,8388608,21.334998414,0.3160779768712431,0.6586557510652798,0.1562784490969676,0.6306323841802526,higher,overlap_or_equal
pongcnn,quiet-owl-24,23.4198735165,6291456,21.8225301975,0.21330497971995646,0.3697331961287906,0.1562784490969676,0.6306323841802526,higher,overlap_or_equal
pongcnn,quiet-owl-25,23.4198735165,4194304,21.382665638,0.7974591161527048,0.7974591161527048,0.1562784490969676,0.6306323841802526,higher,higher
pongcnn,quiet-owl-26,23.4198735165,8388608,20.753163797,0.5979790216209621,0.6164284149194152,0.1562784490969676,0.6306323841802526,higher,overlap_or_equal
pongcnn,quiet-owl-27,23.4198735165,6291456,19.2734109335,0.25789403235404423,0.4012917775638227,0.1562784490969676,0.6306323841802526,higher,overlap_or_equal
pongcnn,quiet-owl-28,23.4198735165,8388608,21.589063091,0.3160779768712431,0.6586557510652798,0.1562784490969676,0.6306323841802526,higher,overlap_or_equal
pongcnn,quiet-owl-29,23.4198735165,4194304,21.9888755335,0.6210649010745531,0.7342806719410485,0.1562784490969676,0.6306323841802526,higher,overlap_or_equal
pongcnn,quiet-owl-30,23.4198735165,4194304,20.036554437,0.36302215003866295,0.521183254942297,0.1562784490969676,0.6306323841802526,higher,overlap_or_equal
pongcnn,quiet-owl-31,23.4198735165,6291456,20.4613094915,0.31477364751155024,0.6382549362947207,0.1562784490969676,0.6306323841802526,higher,overlap_or_equal
pongcnn,quiet-owl-32,23.4198735165,6291456,23.139724723,0.31974780548200155,0.31974780548200155,0.1562784490969676,0.6306323841802526,higher,overlap_or_equal
pongcnn,quiet-owl-33,23.4198735165,6291456,21.740074134,0.4545200144041348,0.5593271015603228,0.1562784490969676,0.6306323841802526,higher,overlap_or_equal
pongcnn,quiet-owl-34,23.4198735165,4194304,17.811942058,0.413365123469168,0.4853605819697106,0.1562784490969676,0.6306323841802526,higher,overlap_or_equal
pongcnn,quiet-owl-35,23.4198735165,4194304,19.9626757685,0.24936862516768757,0.4654236942044258,0.1562784490969676,0.6306323841802526,higher,overlap_or_equal
pongcnn,quiet-owl-36,23.4198735165,4194304,22.2333004955,0.3898527883473618,0.5570048591234741,0.1562784490969676,0.6306323841802526,higher,overlap_or_equal
pongcnn,quiet-owl-37,23.4198735165,4194304,21.8857782475,0.21701095727790762,0.40526011414919016,0.1562784490969676,0.6306323841802526,higher,overlap_or_equal
pongcnn,quiet-owl-38,23.4198735165,6291456,19.241415912,0.25789403235404423,0.4012917775638227,0.1562784490969676,0.6306323841802526,higher,overlap_or_equal
pongcnn,quiet-owl-39,23.4198735165,6291456,23.1592059615,0.19735104579542934,0.5521658407667941,0.1562784490969676,0.6306323841802526,higher,overlap_or_equal
pongcnn,quiet-owl-40,23.4198735165,6291456,20.422416445,0.32074144771464663,0.587196209469003,0.1562784490969676,0.6306323841802526,higher,overlap_or_equal
pongcnn,quiet-owl-41,23.4198735165,6291456,21.645720869,0.4545200144041348,0.5593271015603228,0.1562784490969676,0.6306323841802526,higher,overlap_or_equal
pongcnn,quiet-owl-42,23.4198735165,6291456,21.6707416475,0.4545200144041348,0.5593271015603228,0.1562784490969676,0.6306323841802526,higher,overlap_or_equal
pongcnn,quiet-owl-43,23.4198735165,6291456,21.713942814,0.4545200144041348,0.5593271015603228,0.1562784490969676,0.6306323841802526,higher,overlap_or_equal
pongcnn,quiet-owl-44,23.4198735165,6291456,21.791280075,0.7222836418237885,0.8130032771689317,0.1562784490969676,0.6306323841802526,higher,higher
pongcnn,quiet-owl-45,23.4198735165,6291456,21.9381940345,0.7222836418237885,0.8130032771689317,0.1562784490969676,0.6306323841802526,higher,higher
pongcnn,quality-reference,23.4198735165,8388608,22.371817971,0.41567119771138833,0.7268899259353806,0.1562784490969676,0.6306323841802526,higher,overlap_or_equal
pongcnn,nature-cnn,23.4198735165,8388608,23.4198735165,0.1562784490969676,0.6306323841802526,0.1562784490969676,0.6306323841802526,equal,overlap_or_equal
snakecnn,happy-cat-1,19.8112548185,8388608,17.195027849,5.775252525252525,5.775252525252525,7.18939393939394,7.18939393939394,lower,lower
snakecnn,mystic-tree-2,19.8112548185,6291456,18.146021799499998,3.6590909090909096,3.6590909090909096,7.18939393939394,7.18939393939394,lower,lower
snakecnn,swift-fox-3,19.8112548185,8388608,16.6533261925,3.0656565656565657,3.0656565656565657,7.18939393939394,7.18939393939394,lower,lower
snakecnn,quiet-owl-4,19.8112548185,2097152,13.289306054499999,3.593434343434344,3.593434343434344,7.18939393939394,7.18939393939394,lower,lower
snakecnn,quiet-owl-5,19.8112548185,4194304,13.4996970145,2.4924242424242427,2.4924242424242427,7.18939393939394,7.18939393939394,lower,lower
snakecnn,quiet-owl-6,19.8112548185,8388608,17.867851707,5.775252525252525,5.775252525252525,7.18939393939394,7.18939393939394,lower,lower
snakecnn,quiet-owl-7,19.8112548185,6291456,16.4826754295,4.972222222222222,4.972222222222222,7.18939393939394,7.18939393939394,lower,lower
snakecnn,quiet-owl-8,19.8112548185,6291456,17.7149673415,4.664141414141414,4.664141414141414,7.18939393939394,7.18939393939394,lower,lower
snakecnn,quiet-owl-9,19.8112548185,4194304,15.157700103,4.194444444444445,4.194444444444445,7.18939393939394,7.18939393939394,lower,lower
snakecnn,quiet-owl-10,19.8112548185,4194304,15.003262578000001,5.23989898989899,5.23989898989899,7.18939393939394,7.18939393939394,lower,lower
snakecnn,quiet-owl-11,19.8112548185,8388608,17.1963216735,5.507575757575758,5.507575757575758,7.18939393939394,7.18939393939394,lower,lower
snakecnn,quiet-owl-12,19.8112548185,8388608,17.8418295835,5.525252525252526,5.525252525252526,7.18939393939394,7.18939393939394,lower,lower
snakecnn,quiet-owl-13,19.8112548185,4194304,16.073814739,4.194444444444445,4.194444444444445,7.18939393939394,7.18939393939394,lower,lower
snakecnn,quiet-owl-14,19.8112548185,6291456,16.5145077105,4.194444444444445,4.194444444444445,7.18939393939394,7.18939393939394,lower,lower
snakecnn,quiet-owl-15,19.8112548185,4194304,15.120107037499999,3.4116161616161613,3.4116161616161613,7.18939393939394,7.18939393939394,lower,lower
snakecnn,quiet-owl-16,19.8112548185,2097152,10.5911832705,3.5,3.5,7.18939393939394,7.18939393939394,lower,lower
snakecnn,quiet-owl-17,19.8112548185,8388608,17.353418066499998,5.775252525252525,5.775252525252525,7.18939393939394,7.18939393939394,lower,lower
snakecnn,quiet-owl-18,19.8112548185,6291456,16.0645711435,3.9090909090909087,3.9090909090909087,7.18939393939394,7.18939393939394,lower,lower
snakecnn,quiet-owl-19,19.8112548185,4194304,16.292829169999997,4.777777777777778,4.777777777777778,7.18939393939394,7.18939393939394,lower,lower
snakecnn,quiet-owl-20,19.8112548185,4194304,19.425323827,4.41919191919192,4.41919191919192,7.18939393939394,7.18939393939394,lower,lower
snakecnn,quiet-owl-21,19.8112548185,4194304,19.728665763499997,4.502525252525253,4.502525252525253,7.18939393939394,7.18939393939394,lower,lower
snakecnn,quiet-owl-22,19.8112548185,8388608,18.1684881625,5.666666666666667,5.666666666666667,7.18939393939394,7.18939393939394,lower,lower
snakecnn,quiet-owl-23,19.8112548185,8388608,19.237892167,6.123737373737374,6.123737373737374,7.18939393939394,7.18939393939394,lower,lower
snakecnn,quiet-owl-24,19.8112548185,6291456,19.526506254,5.295454545454546,5.295454545454546,7.18939393939394,7.18939393939394,lower,lower
snakecnn,quiet-owl-25,19.8112548185,2097152,10.492426007,3.494949494949495,3.494949494949495,7.18939393939394,7.18939393939394,lower,lower
snakecnn,quiet-owl-26,19.8112548185,8388608,18.153572824,5.775252525252525,5.775252525252525,7.18939393939394,7.18939393939394,lower,lower
snakecnn,quiet-owl-27,19.8112548185,6291456,17.138232087,7.111111111111111,7.111111111111111,7.18939393939394,7.18939393939394,lower,lower
snakecnn,quiet-owl-28,19.8112548185,8388608,18.970135566,6.123737373737374,6.123737373737374,7.18939393939394,7.18939393939394,lower,lower
snakecnn,quiet-owl-29,19.8112548185,2097152,10.4992948595,3.527777777777778,3.527777777777778,7.18939393939394,7.18939393939394,lower,lower
snakecnn,quiet-owl-30,19.8112548185,4194304,18.646043124000002,6.242424242424242,6.242424242424242,7.18939393939394,7.18939393939394,lower,lower
snakecnn,quiet-owl-31,19.8112548185,6291456,18.4699638225,5.742424242424242,5.742424242424242,7.18939393939394,7.18939393939394,lower,lower
snakecnn,quiet-owl-32,19.8112548185,4194304,14.1603866795,4.335858585858586,4.335858585858586,7.18939393939394,7.18939393939394,lower,lower
snakecnn,quiet-owl-33,19.8112548185,6291456,19.6460978135,6.818181818181819,6.818181818181819,7.18939393939394,7.18939393939394,lower,lower
snakecnn,quiet-owl-34,19.8112548185,4194304,16.6055555305,5.881313131313131,5.881313131313131,7.18939393939394,7.18939393939394,lower,lower
snakecnn,quiet-owl-35,19.8112548185,4194304,18.6087430435,5.222222222222222,5.222222222222222,7.18939393939394,7.18939393939394,lower,lower
snakecnn,quiet-owl-36,19.8112548185,2097152,10.576146451,3.7878787878787876,3.7878787878787876,7.18939393939394,7.18939393939394,lower,lower
snakecnn,quiet-owl-37,19.8112548185,2097152,10.3750668275,3.5530303030303028,3.5530303030303028,7.18939393939394,7.18939393939394,lower,lower
snakecnn,quiet-owl-38,19.8112548185,6291456,17.144132725,7.111111111111111,7.111111111111111,7.18939393939394,7.18939393939394,lower,lower
snakecnn,quiet-owl-39,19.8112548185,4194304,14.320729796,6.012626262626263,6.012626262626263,7.18939393939394,7.18939393939394,lower,lower
snakecnn,quiet-owl-40,19.8112548185,6291456,18.581756991,6.166666666666667,6.166666666666667,7.18939393939394,7.18939393939394,lower,lower
snakecnn,quiet-owl-41,19.8112548185,4194304,13.2880998475,5.525252525252525,5.525252525252525,7.18939393939394,7.18939393939394,lower,lower
snakecnn,quiet-owl-42,19.8112548185,4194304,13.296207139,5.525252525252525,5.525252525252525,7.18939393939394,7.18939393939394,lower,lower
snakecnn,quiet-owl-43,19.8112548185,6291456,19.692765975,6.818181818181819,6.818181818181819,7.18939393939394,7.18939393939394,lower,lower
snakecnn,quiet-owl-44,19.8112548185,4194304,13.3599268645,6.015151515151516,6.015151515151516,7.18939393939394,7.18939393939394,lower,lower
snakecnn,quiet-owl-45,19.8112548185,4194304,13.4589714865,6.015151515151516,6.015151515151516,7.18939393939394,7.18939393939394,lower,lower
snakecnn,quality-reference,19.8112548185,8388608,18.7905285365,6.146464646464647,6.146464646464647,7.18939393939394,7.18939393939394,lower,lower
snakecnn,nature-cnn,19.8112548185,8388608,19.8112548185,7.18939393939394,7.18939393939394,7.18939393939394,7.18939393939394,equal,overlap_or_equal
