candidate,games_observed,games_higher_lower_endpoint,games_lower_lower_endpoint,games_higher_nonoverlapping_bounds
happy-cat-1,6,2,4,1
mystic-tree-2,6,0,6,0
swift-fox-3,6,0,6,0
quiet-owl-4,6,1,5,0
quiet-owl-5,6,0,6,0
quiet-owl-6,6,2,4,1
quiet-owl-7,6,1,5,0
quiet-owl-8,6,2,4,1
quiet-owl-9,6,1,5,0
quiet-owl-10,6,1,5,0
quiet-owl-11,6,1,5,1
quiet-owl-12,6,1,5,0
quiet-owl-13,6,1,5,0
quiet-owl-14,6,1,5,0
quiet-owl-15,6,1,5,0
quiet-owl-16,6,1,5,0
quiet-owl-17,6,2,4,1
quiet-owl-18,6,1,5,1
quiet-owl-19,6,1,5,0
quiet-owl-20,6,1,5,0
quiet-owl-21,6,1,5,0
quiet-owl-22,6,4,2,3
quiet-owl-23,6,3,3,2
quiet-owl-24,6,1,5,0
quiet-owl-25,6,1,5,1
quiet-owl-26,6,2,4,1
quiet-owl-27,6,2,4,1
quiet-owl-28,6,3,3,2
quiet-owl-29,6,1,5,0
quiet-owl-30,6,1,5,0
quiet-owl-31,6,1,5,0
quiet-owl-32,6,2,4,1
quiet-owl-33,6,2,4,1
quiet-owl-34,6,1,5,0
quiet-owl-35,6,1,5,0
quiet-owl-36,6,2,4,1
quiet-owl-37,6,2,4,1
quiet-owl-38,6,2,4,1
quiet-owl-39,6,2,4,1
quiet-owl-40,6,2,4,1
quiet-owl-41,6,2,4,1
quiet-owl-42,6,2,4,1
quiet-owl-43,6,2,4,1
quiet-owl-44,6,3,3,3
quiet-owl-45,6,3,3,3
quality-reference,6,4,2,3
nature-cnn,6,0,0,0
