index,run_id,channels,blocks,global_pool,steps,score,cost,native_avg_sps,params,random,gp_obs,architecture_sha256,pareto
0,sweep_1789319410128_0000,8,0,0,32768,0.0,0.97,33781.443298969076,115312,0,0,b678177c2dbbfec7c0f1a3187e948e613e2081c9e26433927454590508de2ace,False
1,sweep_1789319411400_0001,8,0,0,16384,0.0,0.55,29789.090909090908,115312,1,0,b678177c2dbbfec7c0f1a3187e948e613e2081c9e26433927454590508de2ace,True
2,sweep_1789319412221_0002,16,1,1,18432,0.0,1.26,14628.57142857143,110080,1,0,3e45dfd989e528787e7bf08708b9ddfd13f2efbe62dcf2d2f9e870e5f56b5117,False
3,sweep_1789319413783_0003,16,1,0,18432,0.0,1.26,14628.57142857143,228864,1,0,5b81bf75d601a4ecd27122f8a66455c204bcae1c499df77560e20a1a7ed44eb1,False
4,sweep_1789319415337_0004,16,1,0,18432,0.0,1.27,14513.385826771653,228864,1,0,5b81bf75d601a4ecd27122f8a66455c204bcae1c499df77560e20a1a7ed44eb1,False
5,sweep_1789319416903_0005,16,1,1,16384,0.0,1.14,14371.929824561405,110080,1,0,3e45dfd989e528787e7bf08708b9ddfd13f2efbe62dcf2d2f9e870e5f56b5117,False
6,sweep_1789319418346_0006,8,2,0,16384,0.0,1.04,15753.846153846152,136208,1,0,dbf9af40832d307328d9a8df4e83b449a757172703d720e729d5ce14ae2734d4,False
7,sweep_1789319419688_0007,32,0,1,16384,0.0031,0.92,17808.695652173912,114240,1,0,2def837783a51a1273b22e24778e75fd67f0f3acd0c35f9a00b2cb0a7a00327e,True
8,sweep_1789319420970_0008,32,2,0,18432,0.0,3.24,5688.888888888889,684224,1,0,ac34d018e13497ff892528722b10cfaa0d8e312a8a3bb313bd296162f59fb908,False
9,sweep_1789319424589_0009,8,0,1,18432,0.0,0.56,32914.28571428571,55920,1,0,8c0869c8809e965a4e6b920afa67c1b08335404d123c65f8d99f5bfc65f74ecd,False
10,sweep_1789319425432_0010,16,1,0,16384,0.0,1.17,14003.418803418805,228864,1,0,5b81bf75d601a4ecd27122f8a66455c204bcae1c499df77560e20a1a7ed44eb1,False
11,sweep_1789319427088_0011,32,1,1,14336,0.0022,1.76,8145.454545454545,280448,0,11,a14075a55f5f0e9c16b7c3c862354b94e5054f8633f1953e6c39f2860e77f01a,False
