host,budget_seconds,reference,paired_seeds,total_seeds,mean_delta,sd_delta,positive_pairs
5060_historical,60,nature_cnn,5,5,0.2817214,0.14389943626644267,5
5060_historical,60,impala_cnn,0,5,,,
5060_historical,60,impoola_cnn,0,5,,,
5060_historical,80,nature_cnn,5,5,0.13592319999999997,0.02931744606373482,5
5060_historical,80,impala_cnn,0,5,,,
5060_historical,80,impoola_cnn,0,5,,,
5060_historical,100,nature_cnn,5,5,0.0931802,0.04782305869766174,5
5060_historical,100,impala_cnn,5,5,0.7717934,0.08237952559525943,5
5060_historical,100,impoola_cnn,5,5,0.7725882,0.08301226038483718,5
5060_historical,120,nature_cnn,5,5,0.076367,0.06273040075991866,5
5060_historical,120,impala_cnn,5,5,0.7865219999999999,0.09470562809833424,5
5060_historical,120,impoola_cnn,5,5,0.7873167999999999,0.09532320783628717,5
5060_historical,140,nature_cnn,5,5,0.06034040000000003,0.08056081612235569,4
5060_historical,140,impala_cnn,5,5,0.7945482,0.10344714611433223,5
5060_historical,140,impoola_cnn,5,5,0.795343,0.10406507013883193,5
5090_single_seed,30,nature_cnn,1,1,0.09112300000000001,,1
5090_single_seed,30,impala_cnn,0,1,,,
5090_single_seed,30,impoola_cnn,0,1,,,
5090_single_seed,45,nature_cnn,1,1,0.32866999999999996,,1
5090_single_seed,45,impala_cnn,1,1,0.679955,,1
5090_single_seed,45,impoola_cnn,1,1,0.683568,,1
5090_single_seed,60,nature_cnn,1,1,0.11802400000000002,,1
5090_single_seed,60,impala_cnn,1,1,0.712176,,1
5090_single_seed,60,impoola_cnn,1,1,0.715789,,1
5090_single_seed,75,nature_cnn,1,1,0.06666400000000006,,1
5090_single_seed,75,impala_cnn,1,1,0.714778,,1
5090_single_seed,75,impoola_cnn,1,1,0.593612,,1
