paired_sd,true_mean_advantage,null_margin,comparisons,family_alpha,target_power,normal_approx_seeds,normal_approx_power_at_40
0.05,0.05,0,9,0.05,0.8,12,0.999923260130609
0.05,0.1,0,9,0.05,0.8,3,1.0
0.05,0.15,0,9,0.05,0.8,2,1.0
0.1,0.05,0,9,0.05,0.8,46,0.7333882448491659
0.1,0.1,0,9,0.05,0.8,12,0.999923260130609
0.1,0.15,0,9,0.05,0.8,6,0.9999999999981428
0.15,0.05,0,9,0.05,0.8,103,0.3332342918115166
0.15,0.1,0,9,0.05,0.8,26,0.9532468834324034
0.15,0.15,0,9,0.05,0.8,12,0.999923260130609
0.2,0.05,0,9,0.05,0.8,183,0.16901978581500066
0.2,0.1,0,9,0.05,0.8,46,0.7333882448491659
0.2,0.15,0,9,0.05,0.8,21,0.9862459724382125
