host,budget_seconds,variant,seed,available,checkpoint_steps,checkpoint_seconds,wins
5060_historical,60,flex_quality,173,True,5120000,58.50960898399353,0.384481
5060_historical,60,flex_quality,174,True,5120000,57.18971371650696,0.682226
5060_historical,60,flex_quality,175,True,5120000,57.66720104217529,0.706239
5060_historical,60,flex_quality,176,True,5120000,58.88825559616089,0.399625
5060_historical,60,flex_quality,177,True,5120000,58.63585686683655,0.468806
5060_historical,60,nature_cnn,173,True,4096000,50.35413980484009,0.214347
5060_historical,60,nature_cnn,174,True,4096000,50.39098262786865,0.326087
5060_historical,60,nature_cnn,175,True,4096000,50.96080303192139,0.206667
5060_historical,60,nature_cnn,176,True,4096000,50.38323378562927,0.185257
5060_historical,60,nature_cnn,177,True,4096000,50.25685787200928,0.300412
5060_historical,60,impala_cnn,173,False,,,
5060_historical,60,impala_cnn,174,False,,,
5060_historical,60,impala_cnn,175,False,,,
5060_historical,60,impala_cnn,176,False,,,
5060_historical,60,impala_cnn,177,False,,,
5060_historical,60,impoola_cnn,173,False,,,
5060_historical,60,impoola_cnn,174,False,,,
5060_historical,60,impoola_cnn,175,False,,,
5060_historical,60,impoola_cnn,176,False,,,
5060_historical,60,impoola_cnn,177,False,,,
5060_historical,80,flex_quality,173,True,6144000,69.64169144630432,0.538955
5060_historical,80,flex_quality,174,True,7168000,78.20990204811096,0.8726
5060_historical,80,flex_quality,175,True,7168000,79.15138220787048,0.808124
5060_historical,80,flex_quality,176,True,6144000,69.82034659385681,0.609146
5060_historical,80,flex_quality,177,True,6144000,69.56393957138062,0.666667
5060_historical,80,nature_cnn,173,True,6144000,74.850350856781,0.404869
5060_historical,80,nature_cnn,174,True,6144000,74.94323205947876,0.688162
5060_historical,80,nature_cnn,175,True,6144000,75.06502318382263,0.69434
5060_historical,80,nature_cnn,176,True,6144000,74.93943095207214,0.473455
5060_historical,80,nature_cnn,177,True,6144000,74.76506757736206,0.55505
5060_historical,80,impala_cnn,173,False,,,
5060_historical,80,impala_cnn,174,False,,,
5060_historical,80,impala_cnn,175,False,,,
5060_historical,80,impala_cnn,176,False,,,
5060_historical,80,impala_cnn,177,False,,,
5060_historical,80,impoola_cnn,173,False,,,
5060_historical,80,impoola_cnn,174,False,,,
5060_historical,80,impoola_cnn,175,False,,,
5060_historical,80,impoola_cnn,176,False,,,
5060_historical,80,impoola_cnn,177,False,,,
5060_historical,100,flex_quality,173,True,8192000,91.46188521385193,0.681564
5060_historical,100,flex_quality,174,True,9216000,99.40209937095642,0.894962
5060_historical,100,flex_quality,175,True,8192000,89.91148042678833,0.811482
5060_historical,100,flex_quality,176,True,8192000,91.1765296459198,0.752484
5060_historical,100,flex_quality,177,True,8192000,91.42813658714294,0.727602
5060_historical,100,nature_cnn,173,True,8192000,99.16655111312866,0.504562
5060_historical,100,nature_cnn,174,True,8192000,98.93947052955627,0.824042
5060_historical,100,nature_cnn,175,True,8192000,98.78522849082947,0.736098
5060_historical,100,nature_cnn,176,True,8192000,98.97564005851746,0.667917
5060_historical,100,nature_cnn,177,True,8192000,99.04127025604248,0.669574
5060_historical,100,impala_cnn,173,True,1024000,95.94784450531006,0.001783
5060_historical,100,impala_cnn,174,True,1024000,96.28033304214478,0.001919
5060_historical,100,impala_cnn,175,True,1024000,96.01948285102844,0.00188
5060_historical,100,impala_cnn,176,True,1024000,95.8796169757843,0.001951
5060_historical,100,impala_cnn,177,True,1024000,95.8923614025116,0.001594
5060_historical,100,impoola_cnn,173,True,1024000,95.55529427528381,0.002515
5060_historical,100,impoola_cnn,174,True,1024000,96.16746377944946,0.0
5060_historical,100,impoola_cnn,175,True,1024000,95.78259181976318,0.001792
5060_historical,100,impoola_cnn,176,True,1024000,95.50140881538391,0.000846
5060_historical,100,impoola_cnn,177,True,1024000,95.37197422981262,0.0
5060_historical,120,flex_quality,173,True,10240000,113.10206890106201,0.6723
5060_historical,120,flex_quality,174,True,10240000,110.01419639587402,0.899485
5060_historical,120,flex_quality,175,True,10240000,111.41567635536194,0.820205
5060_historical,120,flex_quality,176,True,10240000,112.4407114982605,0.841071
5060_historical,120,flex_quality,177,True,10240000,113.3643045425415,0.708676
5060_historical,120,nature_cnn,173,True,9216000,111.32264733314514,0.540241
5060_historical,120,nature_cnn,174,True,9216000,110.82759022712708,0.876414
5060_historical,120,nature_cnn,175,True,9216000,110.70533013343811,0.749057
5060_historical,120,nature_cnn,176,True,9216000,110.8517439365387,0.69341
5060_historical,120,nature_cnn,177,True,9216000,111.10537028312683,0.70078
5060_historical,120,impala_cnn,173,True,1024000,95.94784450531006,0.001783
5060_historical,120,impala_cnn,174,True,1024000,96.28033304214478,0.001919
5060_historical,120,impala_cnn,175,True,1024000,96.01948285102844,0.00188
5060_historical,120,impala_cnn,176,True,1024000,95.8796169757843,0.001951
5060_historical,120,impala_cnn,177,True,1024000,95.8923614025116,0.001594
5060_historical,120,impoola_cnn,173,True,1024000,95.55529427528381,0.002515
5060_historical,120,impoola_cnn,174,True,1024000,96.16746377944946,0.0
5060_historical,120,impoola_cnn,175,True,1024000,95.78259181976318,0.001792
5060_historical,120,impoola_cnn,176,True,1024000,95.50140881538391,0.000846
5060_historical,120,impoola_cnn,177,True,1024000,95.37197422981262,0.0
5060_historical,140,flex_quality,173,True,12288000,134.81025099754333,0.668539
5060_historical,140,flex_quality,174,True,12288000,131.28638792037964,0.905579
5060_historical,140,flex_quality,175,True,12288000,132.8718581199646,0.822926
5060_historical,140,flex_quality,176,True,12288000,133.76889157295227,0.875766
5060_historical,140,flex_quality,177,True,12288000,135.18050026893616,0.709058
5060_historical,140,nature_cnn,173,True,11264000,135.4708480834961,0.619705
5060_historical,140,nature_cnn,174,True,11264000,134.62382864952087,0.865789
5060_historical,140,nature_cnn,175,True,11264000,134.4295356273651,0.747867
5060_historical,140,nature_cnn,176,True,11264000,134.4039454460144,0.694867
5060_historical,140,nature_cnn,177,True,11264000,135.06958103179932,0.751938
5060_historical,140,impala_cnn,173,True,1024000,95.94784450531006,0.001783
5060_historical,140,impala_cnn,174,True,1024000,96.28033304214478,0.001919
5060_historical,140,impala_cnn,175,True,1024000,96.01948285102844,0.00188
5060_historical,140,impala_cnn,176,True,1024000,95.8796169757843,0.001951
5060_historical,140,impala_cnn,177,True,1024000,95.8923614025116,0.001594
5060_historical,140,impoola_cnn,173,True,1024000,95.55529427528381,0.002515
5060_historical,140,impoola_cnn,174,True,1024000,96.16746377944946,0.0
5060_historical,140,impoola_cnn,175,True,1024000,95.78259181976318,0.001792
5060_historical,140,impoola_cnn,176,True,1024000,95.50140881538391,0.000846
5060_historical,140,impoola_cnn,177,True,1024000,95.37197422981262,0.0
5090_single_seed,30,flex_quality,173,True,4096000,25.291555166244507,0.29698
5090_single_seed,30,nature_cnn,173,True,4096000,27.643999338150024,0.205857
5090_single_seed,30,impala_cnn,173,False,,,
5090_single_seed,30,impoola_cnn,173,False,,,
5090_single_seed,45,flex_quality,173,True,7168000,42.92437529563904,0.683568
5090_single_seed,45,nature_cnn,173,True,6144000,40.54376578330994,0.354898
5090_single_seed,45,impala_cnn,173,True,1024000,38.29992318153381,0.003613
5090_single_seed,45,impoola_cnn,173,True,1024000,34.99148416519165,0.0
5090_single_seed,60,flex_quality,173,True,10240000,59.464898347854614,0.715789
5090_single_seed,60,nature_cnn,173,True,9216000,59.91826391220093,0.597765
5090_single_seed,60,impala_cnn,173,True,1024000,38.29992318153381,0.003613
5090_single_seed,60,impoola_cnn,173,True,1024000,34.99148416519165,0.0
5090_single_seed,75,flex_quality,173,True,12288000,71.61314392089844,0.718391
5090_single_seed,75,nature_cnn,173,True,11264000,71.89379715919495,0.651727
5090_single_seed,75,impala_cnn,173,True,1024000,38.29992318153381,0.003613
5090_single_seed,75,impoola_cnn,173,True,2048000,69.65275406837463,0.124779
