host,budget_seconds,variant,seeds,available,mean_wins
5060_historical,60,flex_quality,5,5,0.5282754
5060_historical,60,nature_cnn,5,5,0.246554
5060_historical,60,impala_cnn,5,0,
5060_historical,60,impoola_cnn,5,0,
5060_historical,80,flex_quality,5,5,0.6990984
5060_historical,80,nature_cnn,5,5,0.5631752
5060_historical,80,impala_cnn,5,0,
5060_historical,80,impoola_cnn,5,0,
5060_historical,100,flex_quality,5,5,0.7736188
5060_historical,100,nature_cnn,5,5,0.6804386
5060_historical,100,impala_cnn,5,5,0.0018254
5060_historical,100,impoola_cnn,5,5,0.0010306
5060_historical,120,flex_quality,5,5,0.7883474
5060_historical,120,nature_cnn,5,5,0.7119804
5060_historical,120,impala_cnn,5,5,0.0018254
5060_historical,120,impoola_cnn,5,5,0.0010306
5060_historical,140,flex_quality,5,5,0.7963736
5060_historical,140,nature_cnn,5,5,0.7360331999999999
5060_historical,140,impala_cnn,5,5,0.0018254
5060_historical,140,impoola_cnn,5,5,0.0010306
5090_single_seed,30,flex_quality,1,1,0.29698
5090_single_seed,30,nature_cnn,1,1,0.205857
5090_single_seed,30,impala_cnn,1,0,
5090_single_seed,30,impoola_cnn,1,0,
5090_single_seed,45,flex_quality,1,1,0.683568
5090_single_seed,45,nature_cnn,1,1,0.354898
5090_single_seed,45,impala_cnn,1,1,0.003613
5090_single_seed,45,impoola_cnn,1,1,0.0
5090_single_seed,60,flex_quality,1,1,0.715789
5090_single_seed,60,nature_cnn,1,1,0.597765
5090_single_seed,60,impala_cnn,1,1,0.003613
5090_single_seed,60,impoola_cnn,1,1,0.0
5090_single_seed,75,flex_quality,1,1,0.718391
5090_single_seed,75,nature_cnn,1,1,0.651727
5090_single_seed,75,impala_cnn,1,1,0.003613
5090_single_seed,75,impoola_cnn,1,1,0.124779
