axis,variant,seed,steps,wins,seconds,train_seconds,process_sps,native_sps,params
seconds,flex_quality,173,1024000,0.000833,6.631410837173462,77.819152125041,171063.28759031036,171896.6935829455,160736
seconds,flex_quality,173,2048000,0.003673,12.928581714630127,77.819152125041,171063.28759031036,171896.6935829455,160736
seconds,flex_quality,173,3072000,0.128913,19.177322149276733,77.819152125041,171063.28759031036,171896.6935829455,160736
seconds,flex_quality,173,4096000,0.29698,25.291555166244507,77.819152125041,171063.28759031036,171896.6935829455,160736
seconds,flex_quality,173,5120000,0.47846,31.311568021774292,77.819152125041,171063.28759031036,171896.6935829455,160736
seconds,flex_quality,173,6144000,0.641544,37.16128063201904,77.819152125041,171063.28759031036,171896.6935829455,160736
seconds,flex_quality,173,7168000,0.683568,42.92437529563904,77.819152125041,171063.28759031036,171896.6935829455,160736
seconds,flex_quality,173,8192000,0.698864,48.65742564201355,77.819152125041,171063.28759031036,171896.6935829455,160736
seconds,flex_quality,173,9216000,0.721374,53.96013784408569,77.819152125041,171063.28759031036,171896.6935829455,160736
seconds,impoola_cnn,173,3072000,0.794627,104.05661368370056,476.14932295307517,27957.616147470417,27974.14386433508,151712
seconds,impoola_cnn,173,4096000,0.837555,138.21470022201538,476.14932295307517,27957.616147470417,27974.14386433508,151712
seconds,impala_cnn,173,6144000,0.926091,218.68239760398865,461.45502198301256,28847.881951298932,28866.394992090107,270496
seconds,impala_cnn,173,7168000,0.941329,253.2883267402649,461.45502198301256,28847.881951298932,28866.394992090107,270496
seconds,impala_cnn,173,8192000,0.951489,287.93503284454346,461.45502198301256,28847.881951298932,28866.394992090107,270496
seconds,impala_cnn,173,9216000,0.955166,322.58321261405945,461.45502198301256,28847.881951298932,28866.394992090107,270496
seconds,impala_cnn,173,10240000,0.96875,357.2067680358887,461.45502198301256,28847.881951298932,28866.394992090107,270496
steps,impala_cnn,173,1024000,0.003613,38.29992318153381,461.45502198301256,28847.881951298932,28866.394992090107,270496
steps,impala_cnn,173,2048000,0.458371,76.64763474464417,461.45502198301256,28847.881951298932,28866.394992090107,270496
steps,impoola_cnn,173,3072000,0.794627,104.05661368370056,476.14932295307517,27957.616147470417,27974.14386433508,151712
steps,impoola_cnn,173,4096000,0.837555,138.21470022201538,476.14932295307517,27957.616147470417,27974.14386433508,151712
steps,impala_cnn,173,6144000,0.926091,218.68239760398865,461.45502198301256,28847.881951298932,28866.394992090107,270496
steps,impala_cnn,173,7168000,0.941329,253.2883267402649,461.45502198301256,28847.881951298932,28866.394992090107,270496
steps,impala_cnn,173,8192000,0.951489,287.93503284454346,461.45502198301256,28847.881951298932,28866.394992090107,270496
steps,impala_cnn,173,9216000,0.955166,322.58321261405945,461.45502198301256,28847.881951298932,28866.394992090107,270496
steps,impala_cnn,173,10240000,0.96875,357.2067680358887,461.45502198301256,28847.881951298932,28866.394992090107,270496
