variant,seed,steps,wins,seconds,train_seconds,process_sps,native_sps,params
flex_quality,173,1024000,0.000833,6.631410837173462,77.819152125041,171063.28759031036,171896.6935829455,160736
flex_quality,173,2048000,0.003673,12.928581714630127,77.819152125041,171063.28759031036,171896.6935829455,160736
flex_quality,173,3072000,0.128913,19.177322149276733,77.819152125041,171063.28759031036,171896.6935829455,160736
flex_quality,173,4096000,0.29698,25.291555166244507,77.819152125041,171063.28759031036,171896.6935829455,160736
flex_quality,173,5120000,0.47846,31.311568021774292,77.819152125041,171063.28759031036,171896.6935829455,160736
flex_quality,173,6144000,0.641544,37.16128063201904,77.819152125041,171063.28759031036,171896.6935829455,160736
flex_quality,173,7168000,0.683568,42.92437529563904,77.819152125041,171063.28759031036,171896.6935829455,160736
flex_quality,173,8192000,0.698864,48.65742564201355,77.819152125041,171063.28759031036,171896.6935829455,160736
flex_quality,173,9216000,0.721374,53.96013784408569,77.819152125041,171063.28759031036,171896.6935829455,160736
flex_quality,173,10240000,0.715789,59.464898347854614,77.819152125041,171063.28759031036,171896.6935829455,160736
flex_quality,173,11264000,0.717433,65.55982208251953,77.819152125041,171063.28759031036,171896.6935829455,160736
flex_quality,173,12288000,0.718391,71.61314392089844,77.819152125041,171063.28759031036,171896.6935829455,160736
flex_quality,173,13312000,0.71785,77.68564105033875,77.819152125041,171063.28759031036,171896.6935829455,160736
nature_cnn,173,1024000,0.0,7.120849132537842,83.79021483601537,158872.9665636104,159389.99122633276,138528
nature_cnn,173,2048000,0.001878,13.998709917068481,83.79021483601537,158872.9665636104,159389.99122633276,138528
nature_cnn,173,3072000,0.099712,20.878868579864502,83.79021483601537,158872.9665636104,159389.99122633276,138528
nature_cnn,173,4096000,0.205857,27.643999338150024,83.79021483601537,158872.9665636104,159389.99122633276,138528
nature_cnn,173,5120000,0.256614,34.35830068588257,83.79021483601537,158872.9665636104,159389.99122633276,138528
nature_cnn,173,6144000,0.354898,40.54376578330994,83.79021483601537,158872.9665636104,159389.99122633276,138528
nature_cnn,173,7168000,0.448211,47.06229591369629,83.79021483601537,158872.9665636104,159389.99122633276,138528
nature_cnn,173,8192000,0.521179,53.5643835067749,83.79021483601537,158872.9665636104,159389.99122633276,138528
nature_cnn,173,9216000,0.597765,59.91826391220093,83.79021483601537,158872.9665636104,159389.99122633276,138528
nature_cnn,173,10240000,0.641917,65.81906867027283,83.79021483601537,158872.9665636104,159389.99122633276,138528
nature_cnn,173,11264000,0.651727,71.89379715919495,83.79021483601537,158872.9665636104,159389.99122633276,138528
nature_cnn,173,12288000,0.657009,77.9328875541687,83.79021483601537,158872.9665636104,159389.99122633276,138528
nature_cnn,173,13312000,0.661064,83.68780422210693,83.79021483601537,158872.9665636104,159389.99122633276,138528
impala_cnn,173,1024000,0.003613,38.29992318153381,461.45502198301256,28847.881951298932,28866.394992090107,270496
impala_cnn,173,2048000,0.458371,76.64763474464417,461.45502198301256,28847.881951298932,28866.394992090107,270496
impala_cnn,173,3072000,0.704082,114.6002242565155,461.45502198301256,28847.881951298932,28866.394992090107,270496
impala_cnn,173,4096000,0.777355,149.6776626110077,461.45502198301256,28847.881951298932,28866.394992090107,270496
impala_cnn,173,5120000,0.814884,184.1449830532074,461.45502198301256,28847.881951298932,28866.394992090107,270496
impala_cnn,173,6144000,0.926091,218.68239760398865,461.45502198301256,28847.881951298932,28866.394992090107,270496
impala_cnn,173,7168000,0.941329,253.2883267402649,461.45502198301256,28847.881951298932,28866.394992090107,270496
impala_cnn,173,8192000,0.951489,287.93503284454346,461.45502198301256,28847.881951298932,28866.394992090107,270496
impala_cnn,173,9216000,0.955166,322.58321261405945,461.45502198301256,28847.881951298932,28866.394992090107,270496
impala_cnn,173,10240000,0.96875,357.2067680358887,461.45502198301256,28847.881951298932,28866.394992090107,270496
impala_cnn,173,11264000,0.960951,391.91908049583435,461.45502198301256,28847.881951298932,28866.394992090107,270496
impala_cnn,173,12288000,0.962489,426.62431263923645,461.45502198301256,28847.881951298932,28866.394992090107,270496
impala_cnn,173,13312000,0.964878,461.32760643959045,461.45502198301256,28847.881951298932,28866.394992090107,270496
impoola_cnn,173,1024000,0.0,34.99148416519165,476.14932295307517,27957.616147470417,27974.14386433508,151712
impoola_cnn,173,2048000,0.124779,69.65275406837463,476.14932295307517,27957.616147470417,27974.14386433508,151712
impoola_cnn,173,3072000,0.794627,104.05661368370056,476.14932295307517,27957.616147470417,27974.14386433508,151712
impoola_cnn,173,4096000,0.837555,138.21470022201538,476.14932295307517,27957.616147470417,27974.14386433508,151712
impoola_cnn,173,5120000,0.833479,174.19338750839233,476.14932295307517,27957.616147470417,27974.14386433508,151712
impoola_cnn,173,6144000,0.829956,212.0789439678192,476.14932295307517,27957.616147470417,27974.14386433508,151712
impoola_cnn,173,7168000,0.824205,249.74309420585632,476.14932295307517,27957.616147470417,27974.14386433508,151712
impoola_cnn,173,8192000,0.827862,287.5702247619629,476.14932295307517,27957.616147470417,27974.14386433508,151712
impoola_cnn,173,9216000,0.825818,325.3489511013031,476.14932295307517,27957.616147470417,27974.14386433508,151712
impoola_cnn,173,10240000,0.828444,363.01905632019043,476.14932295307517,27957.616147470417,27974.14386433508,151712
impoola_cnn,173,11264000,0.828597,400.6196427345276,476.14932295307517,27957.616147470417,27974.14386433508,151712
impoola_cnn,173,12288000,0.827709,438.27479887008667,476.14932295307517,27957.616147470417,27974.14386433508,151712
impoola_cnn,173,13312000,0.827709,476.030601978302,476.14932295307517,27957.616147470417,27974.14386433508,151712
