scope,view,budget_seconds,family,best_observed_wins
final_only,seed73,30,Flex,0.001717
final_only,seed73,30,Nature,
final_only,seed73,30,IMPALA,
final_only,seed73,30,Impoola,
final_only,seed73,60,Flex,0.003806
final_only,seed73,60,Nature,0.137184
final_only,seed73,60,IMPALA,
final_only,seed73,60,Impoola,
final_only,seed73,90,Flex,0.440633
final_only,seed73,90,Nature,0.753388
final_only,seed73,90,IMPALA,
final_only,seed73,90,Impoola,
final_only,seed73,120,Flex,0.829428
final_only,seed73,120,Nature,0.753388
final_only,seed73,120,IMPALA,
final_only,seed73,120,Impoola,
final_only,seed73,150,Flex,0.919965
final_only,seed73,150,Nature,0.769371
final_only,seed73,150,IMPALA,
final_only,seed73,150,Impoola,
final_only,seed73,300,Flex,0.919965
final_only,seed73,300,Nature,0.770985
final_only,seed73,300,IMPALA,
final_only,seed73,300,Impoola,
final_only,seed73,650,Flex,0.919965
final_only,seed73,650,Nature,0.770985
final_only,seed73,650,IMPALA,0.976722
final_only,seed73,650,Impoola,0.587807
final_only,seed73,1250,Flex,0.919965
final_only,seed73,1250,Nature,0.770985
final_only,seed73,1250,IMPALA,0.989908
final_only,seed73,1250,Impoola,0.621719
final_only,mean,30,Flex,0.001717
final_only,mean,30,Nature,
final_only,mean,30,IMPALA,
final_only,mean,30,Impoola,
final_only,mean,60,Flex,0.003806
final_only,mean,60,Nature,0.11162033333333334
final_only,mean,60,IMPALA,
final_only,mean,60,Impoola,
final_only,mean,90,Flex,0.440633
final_only,mean,90,Nature,0.644805
final_only,mean,90,IMPALA,
final_only,mean,90,Impoola,
final_only,mean,120,Flex,0.829428
final_only,mean,120,Nature,0.644805
final_only,mean,120,IMPALA,
final_only,mean,120,Impoola,
final_only,mean,150,Flex,0.919965
final_only,mean,150,Nature,0.7678566666666666
final_only,mean,150,IMPALA,
final_only,mean,150,Impoola,
final_only,mean,300,Flex,0.919965
final_only,mean,300,Nature,0.7870503333333333
final_only,mean,300,IMPALA,
final_only,mean,300,Impoola,
final_only,mean,650,Flex,0.919965
final_only,mean,650,Nature,0.7870503333333333
final_only,mean,650,IMPALA,0.9852343333333333
final_only,mean,650,Impoola,0.684357
final_only,mean,1250,Flex,0.919965
final_only,mean,1250,Nature,0.7870503333333333
final_only,mean,1250,IMPALA,0.9918963333333334
final_only,mean,1250,Impoola,0.6949336666666667
with_winner_curve,seed73,30,Flex,0.003575
with_winner_curve,seed73,30,Nature,
with_winner_curve,seed73,30,IMPALA,
with_winner_curve,seed73,30,Impoola,
with_winner_curve,seed73,60,Flex,0.708054
with_winner_curve,seed73,60,Nature,0.137184
with_winner_curve,seed73,60,IMPALA,
with_winner_curve,seed73,60,Impoola,
with_winner_curve,seed73,90,Flex,0.882405
with_winner_curve,seed73,90,Nature,0.753388
with_winner_curve,seed73,90,IMPALA,
with_winner_curve,seed73,90,Impoola,
with_winner_curve,seed73,120,Flex,0.920455
with_winner_curve,seed73,120,Nature,0.753388
with_winner_curve,seed73,120,IMPALA,
with_winner_curve,seed73,120,Impoola,
with_winner_curve,seed73,150,Flex,0.920455
with_winner_curve,seed73,150,Nature,0.769371
with_winner_curve,seed73,150,IMPALA,
with_winner_curve,seed73,150,Impoola,
with_winner_curve,seed73,300,Flex,0.920455
with_winner_curve,seed73,300,Nature,0.770985
with_winner_curve,seed73,300,IMPALA,
with_winner_curve,seed73,300,Impoola,
with_winner_curve,seed73,650,Flex,0.920455
with_winner_curve,seed73,650,Nature,0.770985
with_winner_curve,seed73,650,IMPALA,0.976722
with_winner_curve,seed73,650,Impoola,0.587807
with_winner_curve,seed73,1250,Flex,0.920455
with_winner_curve,seed73,1250,Nature,0.770985
with_winner_curve,seed73,1250,IMPALA,0.989908
with_winner_curve,seed73,1250,Impoola,0.621719
with_winner_curve,mean,30,Flex,0.003575
with_winner_curve,mean,30,Nature,
with_winner_curve,mean,30,IMPALA,
with_winner_curve,mean,30,Impoola,
with_winner_curve,mean,60,Flex,0.708054
with_winner_curve,mean,60,Nature,0.11162033333333334
with_winner_curve,mean,60,IMPALA,
with_winner_curve,mean,60,Impoola,
with_winner_curve,mean,90,Flex,0.882405
with_winner_curve,mean,90,Nature,0.644805
with_winner_curve,mean,90,IMPALA,
with_winner_curve,mean,90,Impoola,
with_winner_curve,mean,120,Flex,0.920455
with_winner_curve,mean,120,Nature,0.644805
with_winner_curve,mean,120,IMPALA,
with_winner_curve,mean,120,Impoola,
with_winner_curve,mean,150,Flex,0.920455
with_winner_curve,mean,150,Nature,0.7678566666666666
with_winner_curve,mean,150,IMPALA,
with_winner_curve,mean,150,Impoola,
with_winner_curve,mean,300,Flex,0.920455
with_winner_curve,mean,300,Nature,0.7870503333333333
with_winner_curve,mean,300,IMPALA,
with_winner_curve,mean,300,Impoola,
with_winner_curve,mean,650,Flex,0.920455
with_winner_curve,mean,650,Nature,0.7870503333333333
with_winner_curve,mean,650,IMPALA,0.9852343333333333
with_winner_curve,mean,650,Impoola,0.684357
with_winner_curve,mean,1250,Flex,0.920455
with_winner_curve,mean,1250,Nature,0.7870503333333333
with_winner_curve,mean,1250,IMPALA,0.9918963333333334
with_winner_curve,mean,1250,Impoola,0.6949336666666667
