name,index,eval_seed,steps,win_rate,score,games,params,checkpoint_sha256,eval_wall_s,training_native_cost_s,checkpoint
brave-comet-51,50,10073,1024000,0.0,-0.960918,1177,160736,7a4a4f855dceb6ca0d7e21b99799369d1629c97f7cb7c3fb21469ef1a273a846,0.8155348729924299,,checkpoints/connect4cnn/sweep_1789366661625_0050/0000000001024000.bin
brave-comet-51,50,10073,2048000,0.003575,-0.950849,1119,160736,b561a0a465a77b363ecbc0b037bc2aa7157c417abf7abcfce552cdd12d4e000e,0.5153185240342282,,checkpoints/connect4cnn/sweep_1789366661625_0050/0000000002048000.bin
brave-comet-51,50,10073,3072000,0.077748,-0.815907,1119,160736,128e8f92c324dee16d8b7116686eb3b167c11ba51a690dc74bd0353808c08c4e,0.5153011429938488,,checkpoints/connect4cnn/sweep_1789366661625_0050/0000000003072000.bin
brave-comet-51,50,10073,4096000,0.345148,-0.281013,1185,160736,1ae7457f6a6778949a15afdce706058878991e80782f2e79eee094c679e39bb3,0.5654540890245698,,checkpoints/connect4cnn/sweep_1789366661625_0050/0000000004096000.bin
brave-comet-51,50,10073,5120000,0.708054,0.418624,1192,160736,b19cf77b33331b1ffeeb3a62ec8e56f2a372ffaa66544164f78aeb36705ae53d,0.5653827739879489,,checkpoints/connect4cnn/sweep_1789366661625_0050/0000000005120000.bin
brave-comet-51,50,10073,6144000,0.848246,0.697368,1140,160736,bee6a048e9ea9347b5e390e8df7e4e4980ec4b865009b569ebb1c2ce4ef161ba,0.565416224009823,,checkpoints/connect4cnn/sweep_1789366661625_0050/0000000006144000.bin
brave-comet-51,50,10073,7168000,0.882405,0.76481,1131,160736,f28ef1f15ee507bcf8bf4975bba7c2d689e01f79dd39da2aee435016b5f8b6c3,0.5654801869532093,,checkpoints/connect4cnn/sweep_1789366661625_0050/0000000007168000.bin
brave-comet-51,50,10073,8192000,0.905273,0.810545,1119,160736,ac0c94d25f1c43afadcdde98db28a11452bc76111f12d0a6c3a3b4f9661935d3,0.565751992049627,,checkpoints/connect4cnn/sweep_1789366661625_0050/0000000008192000.bin
brave-comet-51,50,10073,9216000,0.91117,0.822339,1137,160736,58cbd4f298abb96faef18cefea3bc2ea2c723c7dcd7308be3f64a6d0c7550a90,0.5655702669755556,,checkpoints/connect4cnn/sweep_1789366661625_0050/0000000009216000.bin
brave-comet-51,50,10073,10240000,0.920455,0.840909,1144,160736,71c3167ed07fb5cf03dc24e102b778a62d7b4f662f420eb173b42e680e362576,0.5661933529772796,,checkpoints/connect4cnn/sweep_1789366661625_0050/0000000010240000.bin
brave-comet-51,50,10073,11264000,0.919156,0.838313,1138,160736,b4735d3c57e1ed26597842b56dbba8b2e6361fe85364f53af02ca014661da8ca,0.5652661090134643,,checkpoints/connect4cnn/sweep_1789366661625_0050/0000000011264000.bin
brave-comet-51,50,10073,12288000,0.919965,0.83993,1137,160736,1a846f3afac1befa779fd59969d1a981021dc5c88076fc485a9c9427962f66c9,0.5657296829740517,,checkpoints/connect4cnn/sweep_1789366661625_0050/0000000012288000.bin
brave-comet-51,50,10073,12662784,0.919965,0.83993,1137,160736,e0fd1a88c0fe602f654a80d0bd051a6f51749603b8dd981f2496798b9a9e52b1,0.5662158060004003,137.37,checkpoints/connect4cnn/sweep_1789366661625_0050/0000000012662784.bin
cosmic-wolf-116,115,10073,9484288,0.815534,0.63301,1030,261856,ce70c37f2dd36a56a1b16718bb5f3f61948b3069509deccf3bdc9c0f8db587eb,0.5157509130076505,103.54,checkpoints/connect4cnn/sweep_1789374995477_0115/0000000009484288.bin
clever-otter-60,59,10073,12431360,0.862852,0.725704,1101,109768,bef79b4da7df7ff48df2a4ce4d174bea3886523681b75a48b348a27385131038,0.5654339470202103,136.22,checkpoints/connect4cnn/sweep_1789367858773_0059/0000000012431360.bin
calm-otter-1,0,10073,13277184,0.725047,0.451036,1062,80296,a6b3a1adb28fe0c90c294e791b43c8a33ee3783473b68904df11c7dd071335f5,0.7656643430236727,144.5,checkpoints/connect4cnn/sweep_1789361640013_0000/0000000013277184.bin
wild-maple-2,1,10073,2414592,0.001717,-0.956223,1165,54752,40a896fd1b6e9b926a85b45ce367baa62bd7282c725840e15f7e35b28fc457bd,0.5655506629846059,26.9,checkpoints/connect4cnn/sweep_1789361784866_0001/0000000002414592.bin
clever-cat-3,2,10073,2570240,0.0,-0.955161,1182,60896,052008e485d6d91b9631f020380eec488f54dcd0880eb0c9ca9a6b00e5e09200,0.515610174043104,28.9,checkpoints/connect4cnn/sweep_1789361812012_0002/0000000002570240.bin
lucky-otter-4,3,10073,2553856,0.0,-0.954353,1183,62896,695d6d92341aeaf838c728d5ab11d127783b3d5698d9c24a43a24ee56c821a5e,0.5159620619961061,35.17,checkpoints/connect4cnn/sweep_1789361841154_0003/0000000002553856.bin
merry-robin-5,4,10073,2560000,0.0,-0.954622,1190,68512,9522f1f24187f878cd5f006350eb647313c30dfbceb367f1a2f7bb7c27e83b29,0.5149870759923942,30.52,checkpoints/connect4cnn/sweep_1789361876583_0004/0000000002560000.bin
wild-maple-6,5,10073,2193408,0.0,-0.948462,1203,62064,25c2c606e871b6d159f159a97cc4ded33eb03bdf1e46707c56f2e2b7828382b6,0.5153055259725079,26.28,checkpoints/connect4cnn/sweep_1789361907350_0005/0000000002193408.bin
lucky-robin-7,6,10073,2332672,0.001714,-0.954584,1167,114096,5d1329023b8a733d89bee8611bf541daae6682bdddd93db125c1d3639e878a14,0.5165514759719372,26.38,checkpoints/connect4cnn/sweep_1789361933890_0006/0000000002332672.bin
swift-maple-8,7,10073,2211840,0.000828,-0.947848,1208,59856,e248d3a5a9b9d1cc2f511c2930fe686faffbbd4e610f97af631b8c90d562839d,0.5151787630165927,28.32,checkpoints/connect4cnn/sweep_1789361960523_0007/0000000002211840.bin
silver-river-9,8,10073,2584576,0.001675,-0.957286,1194,57592,0adbdaffb746dff89fb19c072db857c6675ca40d1900cbe5253f975fdd06efc7,0.4652179850381799,29.75,checkpoints/connect4cnn/sweep_1789361989131_0008/0000000002584576.bin
silver-tiger-10,9,10073,2476032,0.0,-0.961017,1180,55360,06720b3c5f35a864cc1663e59912426c3eef6a3b450bce11acb5dbf7b86e3938,0.46484714199323207,28.62,checkpoints/connect4cnn/sweep_1789362019154_0009/0000000002476032.bin
swift-fox-11,10,10073,2185216,0.0,-0.959866,1196,64736,b73efbd104b0c9079a315678a8064e8048a9067625827bc873ce4315fab2f245,0.46493639098480344,26.71,checkpoints/connect4cnn/sweep_1789362048032_0010/0000000002185216.bin
gentle-fox-12,11,10073,13017088,0.750661,0.501322,1135,109648,cd768f0c8b8cb95aec95feadc91690e1add3afa7c1e3ef697249736935091530,0.5651336809969507,137.22,checkpoints/connect4cnn/sweep_1789362075152_0011/0000000013017088.bin
silver-robin-13,12,10073,11954176,0.690408,0.380817,1053,109648,0a55a03ff310603cb60d99ff3c20f7caa694549eab00d868536d0fbdc8366ea8,0.56593698594952,126.36,checkpoints/connect4cnn/sweep_1789362212690_0012/0000000011954176.bin
calm-river-14,13,10073,12357632,0.75678,0.513561,1143,109648,ed912ba52df79375cb9ce9add3c460142ccf9651fd80dd4370d780034c4a2668,0.5156154269934632,131.07,checkpoints/connect4cnn/sweep_1789362339367_0013/0000000012357632.bin
gentle-panda-15,14,10073,8880128,0.209188,-0.539787,1219,74216,4a06c49b821096936ab46a6fc09bcef40af646f73b6b8cea3c106befd0409770,0.5152561669819988,101.4,checkpoints/connect4cnn/sweep_1789362470754_0014/0000000008880128.bin
mystic-cedar-16,15,10073,11335680,0.711111,0.424074,1080,160528,fc9e80a840b0e686bb65b6092e2ace492eb18fda8a9b15a80d66dd16360b1c73,0.5654922249959782,119.0,checkpoints/connect4cnn/sweep_1789362572468_0015/0000000011335680.bin
brave-badger-17,16,10073,8437760,0.405923,-0.16115,1148,160976,12854b05fb52a0ec879dceb0f8235b5c19ce70906f669c28169782941edfd019,0.5153170189587399,96.69,checkpoints/connect4cnn/sweep_1789362691796_0016/0000000008437760.bin
quiet-tree-18,17,10073,13277184,0.587198,0.174397,1078,70208,23eb2f50fa72124620c1f2eabfd33cd8cb83a641071c0a8c4b3da0e2e1013dd2,0.5150928110233508,144.84,checkpoints/connect4cnn/sweep_1789362788804_0017/0000000013277184.bin
sunny-comet-19,18,10073,4411392,0.003806,-0.952426,1051,65560,7afead387d5d00234ab2a00b4089fb78e2970fbd2dd8d41c272d11962c2db973,0.4651271959883161,50.59,checkpoints/connect4cnn/sweep_1789362933998_0018/0000000004411392.bin
golden-river-20,19,10073,8321024,0.555659,0.122544,1069,160736,4cd72de5d5030d0933549c1d8d719cce54a824c82e028af1651752c4a800c018,0.5652506690239534,93.11,checkpoints/connect4cnn/sweep_1789362984953_0019/0000000008321024.bin
golden-owl-21,20,10073,10907648,0.0,-0.965549,1074,52768,8dc282fcb85dfe3f75c264d3b162f5991616550244401f3e173aaa9548de8e49,0.4650679369806312,120.95,checkpoints/connect4cnn/sweep_1789363078387_0020/0000000010907648.bin
cosmic-falcon-22,21,10073,13277184,0.816288,0.632576,1056,160736,b88ad328b3f1fc0031feeb4ffc3aab6383db27d353159e196e0b6b902e95ef14,0.515073080023285,145.06,checkpoints/connect4cnn/sweep_1789363199659_0021/0000000013277184.bin
cosmic-cat-23,22,10073,9947136,0.189553,-0.581297,1187,70832,b7f0b7bc2b47825a5e3b0f756da8865c8174daf3559d333edae011da79c44114,0.5654126930166967,114.22,checkpoints/connect4cnn/sweep_1789363345037_0022/0000000009947136.bin
merry-maple-24,23,10073,9701376,0.620209,0.261324,1148,254096,01d02d8c1ee18ed85e3715e821043405a53c6743e366d40b942d24158502c589,0.5658666420495138,108.11,checkpoints/connect4cnn/sweep_1789363459570_0023/0000000009701376.bin
lucky-falcon-25,24,10073,5955584,0.073148,-0.811111,1080,109768,fb388c986d7d26c262332d34c643edbe6ecff98fdf06aa88a3ad7faab04bf7ab,0.5151951779844239,68.06,checkpoints/connect4cnn/sweep_1789363567998_0024/0000000005955584.bin
golden-tiger-26,25,10073,10053632,0.32966,-0.30854,1089,112784,e0c362185a9a9eab85f7cba9c8891d43f7869889906faa8f96877be17810bd05,0.5155137130059302,111.08,checkpoints/connect4cnn/sweep_1789363636374_0025/0000000010053632.bin
calm-tree-27,26,10073,11024384,0.829206,0.658412,1171,160736,8a39a8e7efb13b3d3bd6f37f95e4406990190a21c6f2fc25dd1ce909940f277e,0.515364327991847,121.14,checkpoints/connect4cnn/sweep_1789363747787_0026/0000000011024384.bin
silver-comet-28,27,10073,13277184,0.816288,0.632576,1056,160736,b88ad328b3f1fc0031feeb4ffc3aab6383db27d353159e196e0b6b902e95ef14,0.515464669035282,145.86,checkpoints/connect4cnn/sweep_1789363869266_0027/0000000013277184.bin
lucky-badger-29,28,10073,13277184,0.803311,0.606621,1027,160528,1da86bdc5e8f406f9f71eab38f8e165e7763313719a52219424fdae5cf13ac75,0.5154092129669152,141.13,checkpoints/connect4cnn/sweep_1789364015495_0028/0000000013277184.bin
merry-cat-30,29,10073,10088448,0.54616,0.094909,1159,160528,3ec4a07fe54592c9ccf41b262db9cb4a7387b8db029e34e0ae507352ec6a1feb,0.5652221040218137,107.74,checkpoints/connect4cnn/sweep_1789364156956_0029/0000000010088448.bin
golden-panda-31,30,10073,9889792,0.642371,0.285714,1029,109544,cf62691825034f5cd07c3c604d6069b51bba329b0ecd816ddac1633b79ab7b07,0.5154223619611003,108.94,checkpoints/connect4cnn/sweep_1789364265028_0030/0000000009889792.bin
cosmic-bear-32,31,10073,10975232,0.622083,0.252244,1114,160976,8b54e74190970814bf71277a7bd5e1ca36201ebddd1dc63e794b103f2a23b961,0.5654854790191166,122.88,checkpoints/connect4cnn/sweep_1789364374290_0031/0000000010975232.bin
silver-wolf-33,32,10073,10156032,0.625806,0.253456,1085,160976,d10efbf5202cb545bc4ea54cf3722b032d3f529686aaa5556e2387e618eae6b9,0.5153257579659112,114.57,checkpoints/connect4cnn/sweep_1789364497499_0032/0000000010156032.bin
happy-bear-34,33,10073,7239680,0.157494,-0.640135,1181,90320,50bac12740a92c47d49b6df4e3c8058d086c2edc1b2270546e7f99650235a081,0.5151063430239446,76.63,checkpoints/connect4cnn/sweep_1789364612390_0033/0000000007239680.bin
sunny-bear-35,34,10073,13277184,0.892986,0.785971,1112,160976,ab25cf8b3440d69df8661c5638fa07d8a6cc86367d51ec949cdd9e2f8d5e4e6e,0.5653186849667691,146.19,checkpoints/connect4cnn/sweep_1789364689328_0034/0000000013277184.bin
brave-cat-36,35,10073,5969920,0.019091,-0.924545,1100,90080,e33ef694c035798562bcf619202adeff37f1eb1f34a8ef97d1269b8d0851e63c,0.5152285550138913,69.95,checkpoints/connect4cnn/sweep_1789364835891_0035/0000000005969920.bin
gentle-falcon-37,36,10073,13277184,0.816288,0.632576,1056,160736,b88ad328b3f1fc0031feeb4ffc3aab6383db27d353159e196e0b6b902e95ef14,0.5150960349710658,145.29,checkpoints/connect4cnn/sweep_1789364906223_0036/0000000013277184.bin
silver-panda-38,37,10073,13277184,0.803311,0.606621,1027,160528,1da86bdc5e8f406f9f71eab38f8e165e7763313719a52219424fdae5cf13ac75,0.5150830629863776,141.9,checkpoints/connect4cnn/sweep_1789365051874_0037/0000000013277184.bin
brave-tiger-39,38,10073,13277184,0.816288,0.632576,1056,160736,b88ad328b3f1fc0031feeb4ffc3aab6383db27d353159e196e0b6b902e95ef14,0.5651822229847312,145.05,checkpoints/connect4cnn/sweep_1789365194104_0038/0000000013277184.bin
swift-comet-40,39,10073,13277184,0.892986,0.785971,1112,160976,ab25cf8b3440d69df8661c5638fa07d8a6cc86367d51ec949cdd9e2f8d5e4e6e,0.5153063079924323,146.01,checkpoints/connect4cnn/sweep_1789365339504_0039/0000000013277184.bin
lucky-maple-41,40,10073,10432512,0.643581,0.300676,1184,160976,c61a135a831cc2c73f1a5aa28f339203b17bc50c98c4b90da6d73a9ce53a5b2f,0.5652423570281826,117.58,checkpoints/connect4cnn/sweep_1789365485856_0040/0000000010432512.bin
sunny-maple-42,41,10073,13277184,0.892986,0.785971,1112,160976,ab25cf8b3440d69df8661c5638fa07d8a6cc86367d51ec949cdd9e2f8d5e4e6e,0.5657949210144579,145.4,checkpoints/connect4cnn/sweep_1789365603840_0041/0000000013277184.bin
silver-cedar-43,42,10073,12439552,0.854594,0.71008,1121,109768,b3802714eff0ebe3f15dce07a42b0388f272764bbcf3faa231f27551985c9ab9,0.5655377060174942,135.83,checkpoints/connect4cnn/sweep_1789365749641_0042/0000000012439552.bin
silver-tiger-44,43,10073,10817536,0.787719,0.575439,1140,109768,4e2818eb0cca1fb391e32d7e82ec66a7f28250cd34582259e5500c5917da155c,0.5653181099914946,119.07,checkpoints/connect4cnn/sweep_1789365885809_0043/0000000010817536.bin
lucky-cat-45,44,10073,9777152,0.598818,0.19848,1184,160736,964502c50c4bda0d0b8133e3fcbd29c0c7fcb594db2fefef6f36b5560442afe1,0.5653905830113217,108.21,checkpoints/connect4cnn/sweep_1789366005233_0044/0000000009777152.bin
clever-cedar-46,45,10073,12154880,0.83874,0.678406,1079,160976,c08fcac789ddc25f1d2a692e123542666ac21f153e810a604e00a1963b77fece,0.5656414819532074,134.51,checkpoints/connect4cnn/sweep_1789366113785_0045/0000000012154880.bin
merry-maple-47,46,10073,13277184,0.505357,0.035714,1120,74440,7a7a9a3955ec42f8b8cc2dfeb6550e6318c9f7a81ddba8d5971cac47915d2a18,0.5656330999918282,149.39,checkpoints/connect4cnn/sweep_1789366248627_0046/0000000013277184.bin
wild-tree-48,47,10073,11325440,0.854262,0.708524,1091,160976,a5fe95b04968c35b9f140d8f9cce2187bfe76b308a8acea8ae89a312af5ba417,0.5655371759785339,125.95,checkpoints/connect4cnn/sweep_1789366398360_0047/0000000011325440.bin
cosmic-robin-49,48,10073,9035776,0.677249,0.356261,1134,160736,43a589483b653b4dab44e6a65433f68fbd28899aff48cc8c42d1abeb62dfa979,0.5152625149930827,101.82,checkpoints/connect4cnn/sweep_1789366524697_0048/0000000009035776.bin
wild-falcon-50,49,10073,2791424,0.002542,-0.949153,1180,77568,6533249c4540a19bc63850e8abae7874d7a5ce9bf8779e2cb7b67e4d3ce04b67,0.5160155770136043,34.41,checkpoints/connect4cnn/sweep_1789366626880_0049/0000000002791424.bin
calm-owl-52,51,10073,13189120,0.866007,0.732014,1112,160976,d1f950f5d6658914f05abfa055feb30ae80acf73228b1892101c6c484870a82c,0.565287942008581,146.41,checkpoints/connect4cnn/sweep_1789366799335_0051/0000000013189120.bin
merry-river-53,52,10073,13047808,0.834806,0.670495,1132,160976,d731657c373f3d039d1a4e5c7433497f172d4a3b414ab51dfcd80b69fd1ecdaa,0.5652873590006493,143.0,checkpoints/connect4cnn/sweep_1789366946095_0052/0000000013047808.bin
quiet-tiger-54,53,10073,11702272,0.819121,0.639104,1161,160976,56dddb359f18f84674927f1dbc7add5aebafab2d9cf2abe318a59ce1b36caab0,0.5153018370037898,131.51,checkpoints/connect4cnn/sweep_1789367089435_0053/0000000011702272.bin
happy-comet-55,54,10073,9093120,0.419325,-0.121951,1066,160976,daf7c219afdf35fb0fd59ba45ddbabf71974a04692fba35aac3ed91867d39773,0.5656147829722613,104.53,checkpoints/connect4cnn/sweep_1789367221276_0054/0000000009093120.bin
lucky-robin-56,55,10073,11507712,0.642384,0.285714,1057,160736,a98d14f44d939b3cb8a03bf009d1c713b70359b6eb0e773e15d24c672666cb52,0.5152969040209427,125.33,checkpoints/connect4cnn/sweep_1789367326136_0055/0000000011507712.bin
golden-panda-57,56,10073,10909696,0.740876,0.483577,1096,160976,769806984a63de8962d9e89377ecae597363594930ba452c5438d43a03510a35,0.5652169259847142,123.01,checkpoints/connect4cnn/sweep_1789367451830_0056/0000000010909696.bin
quiet-cat-58,57,10073,13277184,0.892986,0.785971,1112,160976,ab25cf8b3440d69df8661c5638fa07d8a6cc86367d51ec949cdd9e2f8d5e4e6e,0.5656878700247034,146.86,checkpoints/connect4cnn/sweep_1789367575215_0057/0000000013277184.bin
mystic-robin-59,58,10073,12732416,0.718929,0.437859,1046,109648,9d17a48ea4ef56c8e0c76778176310c899ecae9e0e61a1baf8fed60b2779bf23,0.515578257967718,136.03,checkpoints/connect4cnn/sweep_1789367722408_0058/0000000012732416.bin
calm-otter-61,60,10073,13119488,0.85045,0.700901,1110,160976,673ce55fd05c962e8be5d06dde872d88f3465844c307a729818ddba31b7d1d24,0.5654276120476425,145.77,checkpoints/connect4cnn/sweep_1789367995351_0060/0000000013119488.bin
cosmic-tree-62,61,10073,9299968,0.485989,0.0,1142,160976,e5d7991fa45bcc07aa4a245481c1bd0f582f1b44d50c66e56a3a770db6e1b557,0.5154609269811772,107.19,checkpoints/connect4cnn/sweep_1789368141470_0061/0000000009299968.bin
lucky-fox-63,62,10073,13277184,0.892986,0.785971,1112,160976,ab25cf8b3440d69df8661c5638fa07d8a6cc86367d51ec949cdd9e2f8d5e4e6e,0.5653775749960914,146.23,checkpoints/connect4cnn/sweep_1789368248992_0062/0000000013277184.bin
cosmic-fox-64,63,10073,11448320,0.655525,0.311049,1077,160976,5ad47915a3ff8f84f67d288d17d7da0c33de68858383733b5659ce7f5be702b7,0.5154049810371362,128.46,checkpoints/connect4cnn/sweep_1789368395599_0063/0000000011448320.bin
lucky-badger-65,64,10073,13236224,0.84392,0.68784,1102,160976,cadab81af1357e8ad347d68048195d80d19ea7057f816089f52ef87b857d07b3,0.5655403929995373,147.6,checkpoints/connect4cnn/sweep_1789368524447_0064/0000000013236224.bin
brave-robin-66,65,10073,12652544,0.834061,0.668122,1145,160976,2acecf79fb22669289a4729aa587d7d026d53e28589bd1514683a217cf9264b1,0.5655014450312592,137.6,checkpoints/connect4cnn/sweep_1789368672410_0065/0000000012652544.bin
mystic-comet-67,66,10073,7933952,0.440633,-0.100264,1137,160352,7712fa0585f3d7e3cca1afcd675fa3af7f3644cd6a64e45713446fda0c1e59e5,0.5655166219803505,88.18,checkpoints/connect4cnn/sweep_1789368810381_0066/0000000007933952.bin
golden-falcon-68,67,10073,13277184,0.728063,0.456125,1151,109768,d9c021b8dd107982ea77db5940f5ff884b7900863336a75e44904d6f2b2fde89,0.5656273829517886,146.09,checkpoints/connect4cnn/sweep_1789368898922_0067/0000000013277184.bin
merry-badger-69,68,10073,11530240,0.803396,0.607685,1119,160976,4bf72da1d428b3e0d003b398f44466132f030b9bdedbe17a680a7f34234083af,0.5151315210387111,128.66,checkpoints/connect4cnn/sweep_1789369045361_0068/0000000011530240.bin
calm-fox-70,69,10073,10737664,0.649676,0.300278,1079,160528,0974cf86c4e8d821652cb10efafdd428327ef7c6ea52268e7ca09e1637981177,0.5169861079775728,113.67,checkpoints/connect4cnn/sweep_1789369174382_0069/0000000010737664.bin
quiet-maple-71,70,10073,13277184,0.892986,0.785971,1112,160976,ab25cf8b3440d69df8661c5638fa07d8a6cc86367d51ec949cdd9e2f8d5e4e6e,0.5653773109661415,146.77,checkpoints/connect4cnn/sweep_1789369288461_0070/0000000013277184.bin
golden-fox-72,71,10073,12650496,0.785921,0.571842,1037,160528,c3cd8867a5b68f5d4302fe389604d390a8ad65bff69793d7a692781a195b67c4,0.5658243549987674,131.54,checkpoints/connect4cnn/sweep_1789369435611_0071/0000000012650496.bin
golden-river-73,72,10073,11237376,0.708688,0.418228,1174,160976,b0aa6b523700d388c89d3f63aad3001340ece5336f25781253ac7f42ac3905b1,0.5656994190067053,124.29,checkpoints/connect4cnn/sweep_1789369567486_0072/0000000011237376.bin
brave-otter-74,73,10073,13277184,0.892986,0.785971,1112,160976,ab25cf8b3440d69df8661c5638fa07d8a6cc86367d51ec949cdd9e2f8d5e4e6e,0.5654659059946425,146.26,checkpoints/connect4cnn/sweep_1789369692129_0073/0000000013277184.bin
bright-fox-75,74,10073,10317824,0.63979,0.283085,1141,160976,7455e7369a1f051aa1d60af0aad2ee15b8cec9e2a947115ed558a94ca670e8e1,0.5660718959989026,115.67,checkpoints/connect4cnn/sweep_1789369838736_0074/0000000010317824.bin
mystic-otter-76,75,10073,12412928,0.652739,0.305478,1077,160976,a510f0955a0258a6f2f64b5380d35884c4565c1e1e6d545822c60f8724856795,0.5154415040160529,139.42,checkpoints/connect4cnn/sweep_1789369954765_0075/0000000012412928.bin
cosmic-bear-77,76,10073,10366976,0.736645,0.474227,1067,160528,364b7d1bc9a72d2e04499547bf29e47cb2586b22202fdffafb37e7e3611d5e0a,0.5652546229539439,110.37,checkpoints/connect4cnn/sweep_1789370094517_0076/0000000010366976.bin
brave-bear-78,77,10073,12148736,0.772467,0.544933,1046,160736,70bd5ba1483d3f821044533463d1365f9af85f46999d9ebca33ed1d025f81a28,0.5652857429813594,133.71,checkpoints/connect4cnn/sweep_1789370205263_0077/0000000012148736.bin
wild-cat-79,78,10073,11489280,0.712889,0.425778,1125,160528,c304f1406b7225290b227b670ca72819bc967f90c9f2ddb326eb4609f06e3c57,0.565695958037395,125.37,checkpoints/connect4cnn/sweep_1789370339351_0078/0000000011489280.bin
silver-robin-80,79,10073,11126784,0.856282,0.712565,1162,160736,516760724f9c7fa343e5926e699f3b7c2e29b47f0c24825ce6a30e763d8fa30e,0.51520253601484,122.9,checkpoints/connect4cnn/sweep_1789370465079_0079/0000000011126784.bin
merry-fox-81,80,10073,8706048,0.453152,-0.074957,1174,253648,ea2a132625e9eac8b7594e6aa09a8f76c535ffb9c1c97ec64995c81768b6566b,0.5652567549841478,97.6,checkpoints/connect4cnn/sweep_1789370588314_0080/0000000008706048.bin
bright-river-82,81,10073,13277184,0.892986,0.785971,1112,160976,ab25cf8b3440d69df8661c5638fa07d8a6cc86367d51ec949cdd9e2f8d5e4e6e,0.5654090219759382,146.91,checkpoints/connect4cnn/sweep_1789370686299_0081/0000000013277184.bin
clever-fox-83,82,10073,12531712,0.825024,0.650047,1063,160736,e131221cc521afd091450be91318e87e7a00b11f695d0dc093bb2c81c73bb26a,0.5150506559875794,138.16,checkpoints/connect4cnn/sweep_1789370833543_0082/0000000012531712.bin
bright-owl-84,83,10073,13277184,0.892986,0.785971,1112,160976,ab25cf8b3440d69df8661c5638fa07d8a6cc86367d51ec949cdd9e2f8d5e4e6e,0.5153359780088067,146.01,checkpoints/connect4cnn/sweep_1789370972049_0083/0000000013277184.bin
brave-panda-85,84,10073,11800576,0.639286,0.278571,1120,160736,1146eb6306a1c162a54860774d7bf5f8b27a236ea40a7b01adf8854043430198,0.5653117229812779,132.46,checkpoints/connect4cnn/sweep_1789371118443_0084/0000000011800576.bin
brave-bear-86,85,10073,13277184,0.816288,0.632576,1056,160736,b88ad328b3f1fc0031feeb4ffc3aab6383db27d353159e196e0b6b902e95ef14,0.5154843589989468,146.16,checkpoints/connect4cnn/sweep_1789371251276_0085/0000000013277184.bin
cosmic-wolf-87,86,10073,8167424,0.36055,-0.255963,1090,253472,7705d7b7fe20e2485ee51ac150dfd67204a297bf2bf196b74367075d8c87a674,0.5151680340059102,89.4,checkpoints/connect4cnn/sweep_1789371397784_0086/0000000008167424.bin
brave-robin-88,87,10073,10375168,0.619963,0.241758,1092,160976,6db8b77f419ff3903107af4a2e7079b03768a08e98c975eb4490461825ec966d,0.5152785070240498,117.89,checkpoints/connect4cnn/sweep_1789371487530_0087/0000000010375168.bin
brave-tiger-89,88,10073,10827776,0.730516,0.464789,1065,160528,12540ee29cee9e0175b6d7868c5e310a0095693aed3feda86ed253d6359c3da7,0.5654748019878753,113.88,checkpoints/connect4cnn/sweep_1789371605758_0088/0000000010827776.bin
golden-robin-90,89,10073,10692608,0.695076,0.391098,1056,160352,91524791badd8b3643670d5ffcd05268be8d2f3a55087dbcccac0c10557decbb,0.5153320819954388,115.76,checkpoints/connect4cnn/sweep_1789371719990_0089/0000000010692608.bin
calm-otter-91,90,10073,12730368,0.882066,0.764133,1026,160528,c3518d4f5242a8f863f6a1c98e3a7f90c6d89871de92f57929d6e7266469e69b,0.5656154259922914,136.99,checkpoints/connect4cnn/sweep_1789371836102_0090/0000000012730368.bin
sunny-tiger-92,91,10073,13277184,0.892986,0.785971,1112,160976,ab25cf8b3440d69df8661c5638fa07d8a6cc86367d51ec949cdd9e2f8d5e4e6e,0.5658789469744079,146.63,checkpoints/connect4cnn/sweep_1789371973462_0091/0000000013277184.bin
clever-bear-93,92,10073,11980800,0.766174,0.533272,1082,160976,8dd6e762295798b192e8620d19e3372248452ff4ddad8050d5939a41b89d188f,0.5659848280483857,134.13,checkpoints/connect4cnn/sweep_1789372120484_0092/0000000011980800.bin
brave-otter-94,93,10073,13277184,0.892986,0.785971,1112,160976,ab25cf8b3440d69df8661c5638fa07d8a6cc86367d51ec949cdd9e2f8d5e4e6e,0.565777292009443,146.83,checkpoints/connect4cnn/sweep_1789372254963_0093/0000000013277184.bin
brave-wolf-95,94,10073,9748480,0.675347,0.352431,1152,160208,6782e8014dc8810a3dd4c22555708dbefc437168bdbcdc2dcd075f7d7691e61f,0.5654176559764892,107.08,checkpoints/connect4cnn/sweep_1789372402149_0094/0000000009748480.bin
gentle-otter-96,95,10073,10448896,0.707973,0.416907,1041,160528,05eb8cc0bd87275a452d750b5758aa75873ce14144228a87cec3a474c5a9dbfc,0.5651760490145534,110.84,checkpoints/connect4cnn/sweep_1789372509586_0095/0000000010448896.bin
lucky-maple-97,96,10073,13277184,0.803311,0.606621,1027,160528,1da86bdc5e8f406f9f71eab38f8e165e7763313719a52219424fdae5cf13ac75,0.5150145200314,142.08,checkpoints/connect4cnn/sweep_1789372620764_0096/0000000013277184.bin
golden-tiger-98,97,10073,11823104,0.701071,0.402142,1027,160352,19c037ad6e75871723b14e679c5457ac062c9a18f9edee5e1316943ac5ccbf1b,0.5153108349768445,127.82,checkpoints/connect4cnn/sweep_1789372763170_0097/0000000011823104.bin
golden-maple-99,98,10073,13277184,0.892986,0.785971,1112,160976,ab25cf8b3440d69df8661c5638fa07d8a6cc86367d51ec949cdd9e2f8d5e4e6e,0.515440920018591,146.77,checkpoints/connect4cnn/sweep_1789372891365_0098/0000000013277184.bin
quiet-owl-100,99,10073,8654848,0.543315,0.087571,1062,262912,d0c3c8f2462727e4d5cdaeb7aad17fd11f2150a42094c9ef827eb5815eb3f92c,0.5149505530134775,99.27,checkpoints/connect4cnn/sweep_1789373038520_0099/0000000008654848.bin
sunny-river-101,100,10073,10383360,0.752,0.504889,1125,160736,7abdffa9ea24361de70297de471a57d4e9832060fe187ed70bf432a39626771a,0.5152464919956401,114.06,checkpoints/connect4cnn/sweep_1789373138141_0100/0000000010383360.bin
gentle-bear-102,101,10073,11413504,0.777046,0.556914,1063,160976,3f0528198c7d1b93817ce0c1f4eb083449d8af7a91a0607726b00cf958a36dba,0.5657421110081486,127.37,checkpoints/connect4cnn/sweep_1789373252549_0101/0000000011413504.bin
merry-badger-103,102,10073,11134976,0.788497,0.576994,1078,253472,f94f8a83a74f59335af5ce6e67629616366de59c6c78c62b0d44c2485f4d813d,0.5655525870388374,117.06,checkpoints/connect4cnn/sweep_1789373380273_0102/0000000011134976.bin
happy-wolf-104,103,10073,11481088,0.763006,0.526975,1038,160528,abaff7515bb705a0c932d5c5b7295f01a9b1c9526dbf18c926f988501a2b56c5,0.5655041040154174,120.03,checkpoints/connect4cnn/sweep_1789373497689_0103/0000000011481088.bin
lucky-maple-105,104,10073,10960896,0.672662,0.346223,1112,160528,3957ac8373a8da643a7f107a2f876cd973be8b488f65aa5769b1d684922c7a2c,0.5657226400217041,114.59,checkpoints/connect4cnn/sweep_1789373618067_0104/0000000010960896.bin
lucky-owl-106,105,10073,8896512,0.597507,0.204809,1123,253648,d6d994dc9f7d79062a64a430ce8dd6016bfeafbc4f8b82ec7f6bb2b4f2e82406,0.515368024003692,98.61,checkpoints/connect4cnn/sweep_1789373733018_0105/0000000008896512.bin
swift-fox-107,106,10073,13277184,0.892986,0.785971,1112,160976,ab25cf8b3440d69df8661c5638fa07d8a6cc86367d51ec949cdd9e2f8d5e4e6e,0.5658908689511009,145.99,checkpoints/connect4cnn/sweep_1789373831988_0106/0000000013277184.bin
sunny-owl-108,107,10073,10655744,0.808072,0.61704,1115,253648,61aafd6ec5fba136f313e8f50b6fb6f4fb4b1f4b4801cf2a2878b7a38bb24936,0.5152127799810842,117.3,checkpoints/connect4cnn/sweep_1789373978328_0107/0000000010655744.bin
silver-owl-109,108,10073,12013568,0.878049,0.756098,1066,253472,1216753c98d33ff3869f429223fae2a3b2d8a2e5b0316c233baa5d1948834fee,0.5150035429978743,126.98,checkpoints/connect4cnn/sweep_1789374095982_0108/0000000012013568.bin
gentle-tree-110,109,10073,10854400,0.829428,0.660731,1067,253472,449c4e70cd83ee099cead82d01ba2f23510d8cb5a9a194c021ff2be2a47cff8e,0.5149065739824437,115.45,checkpoints/connect4cnn/sweep_1789374223301_0109/0000000010854400.bin
swift-fox-111,110,10073,12513280,0.804995,0.60999,1041,160736,7e8c8e208a70c297553c1b16b35e47d19e2058930462c5649442a7cc9b4cc39d,0.5150493559776805,137.3,checkpoints/connect4cnn/sweep_1789374339117_0110/0000000012513280.bin
golden-falcon-112,111,10073,13277184,0.816288,0.632576,1056,160736,b88ad328b3f1fc0031feeb4ffc3aab6383db27d353159e196e0b6b902e95ef14,0.5155900460085832,145.95,checkpoints/connect4cnn/sweep_1789374476760_0111/0000000013277184.bin
bright-robin-113,112,10073,11939840,0.759405,0.519685,1143,160528,7bdfc1a3291c57f24832943d7e24978cd70abd8de18b551925fb2656c8ce7054,0.5151096169720404,127.48,checkpoints/connect4cnn/sweep_1789374623091_0112/0000000011939840.bin
swift-robin-114,113,10073,10651648,0.765049,0.531068,1030,253328,dd94545466dc10b57376fdee64362ef10deda10646bf408d1414536b1faba60f,0.515209514007438,115.78,checkpoints/connect4cnn/sweep_1789374750944_0113/0000000010651648.bin
swift-cedar-115,114,10073,12326912,0.77704,0.555028,1054,160528,7fc895e5829ff17323e91510022e359c3d5d66cc5409a9de5a5dcf9d7bdb5f20,0.5652870539925061,128.06,checkpoints/connect4cnn/sweep_1789374867058_0114/0000000012326912.bin
lucky-cedar-117,116,10073,13277184,0.892986,0.785971,1112,160976,ab25cf8b3440d69df8661c5638fa07d8a6cc86367d51ec949cdd9e2f8d5e4e6e,0.5159377650124952,146.63,checkpoints/connect4cnn/sweep_1789375099357_0116/0000000013277184.bin
swift-otter-118,117,10073,10719232,0.805451,0.612782,1064,253648,8d87152b69e2149f8137ef30deb11b7b416906c7dc6a285c384e092368c02c1b,0.5653307259781286,116.72,checkpoints/connect4cnn/sweep_1789375246348_0117/0000000010719232.bin
cosmic-cedar-119,118,10073,10164224,0.727955,0.458724,1066,456992,50a17d6580ea97ba05d645668bc0aae24f40e5924f43ce7e0035b55eac2af826,0.5654349200194702,115.73,checkpoints/connect4cnn/sweep_1789375363427_0118/0000000010164224.bin
mystic-panda-120,119,10073,10174464,0.741395,0.487202,1133,456352,c943e31701c8fc7136fea91904df4e56b0105dc50392153890e90834b3379ef3,0.5651892179739662,112.4,checkpoints/connect4cnn/sweep_1789375479529_0119/0000000010174464.bin
cosmic-wolf-121,120,10073,13277184,0.898113,0.796226,1060,253648,d6bc8e97fee657247325bd2a0b3a1cc64dee7e7746588208c75a26582c031e0f,0.5653531860443763,142.42,checkpoints/connect4cnn/sweep_1789375592303_0120/0000000013277184.bin
mystic-fox-122,121,10073,8708096,0.65158,0.329633,1171,261632,cd5b435137269adb3efa56cd644dce2d9f9bfae5eed930514bb937c59f6e4c02,0.566066465980839,100.74,checkpoints/connect4cnn/sweep_1789375735104_0121/0000000008708096.bin
wild-otter-123,122,10073,13277184,0.408163,-0.181818,1078,106160,3ea1d89bacb44bec08ca5c7b1929cb7c3f5b4db698e8791cc4d5f631cd31d033,0.5656743110157549,146.49,checkpoints/connect4cnn/sweep_1789375836208_0122/0000000013277184.bin
swift-tree-124,123,10073,9476096,0.576097,0.153128,1071,262912,115498a691863f2d5035357488b110ff943e99d6fb45cfa770cba4236ea10317,0.5158613430103287,108.32,checkpoints/connect4cnn/sweep_1789375983039_0123/0000000009476096.bin
cosmic-wolf-125,124,10073,13277184,0.898113,0.796226,1060,253648,d6bc8e97fee657247325bd2a0b3a1cc64dee7e7746588208c75a26582c031e0f,0.515015308978036,142.34,checkpoints/connect4cnn/sweep_1789376091725_0124/0000000013277184.bin
wild-cat-126,125,10073,12568576,0.00095,-0.973409,1053,52768,0ff111bb29fb3ec8b87ea79140df1f5e6e84c940cd17b4dc97394104456ad80e,0.4650641959742643,139.07,checkpoints/connect4cnn/sweep_1789376234411_0125/0000000012568576.bin
cosmic-cedar-127,126,10073,7942144,0.193576,-0.586806,1152,262496,f99b2ee987c24220666d325c3ee25133dcd487e253e8c3c69156efe5e069a87b,0.565103332977742,90.75,checkpoints/connect4cnn/sweep_1789376373833_0126/0000000007942144.bin
lucky-maple-128,127,10073,11988992,0.783525,0.568008,1044,160528,510cf7382dec687abf005654b0ac67798408dda0cab00ce972c29ef7adc4dec9,0.5651796029997058,125.3,checkpoints/connect4cnn/sweep_1789376464968_0127/0000000011988992.bin
