family,name,seed,steps,wins,seconds,native_seconds,native_sps,params,kind,games,architecture,training_wins
Flex,brave-comet-51,73,1024000,0.0,12.2173011302948,,,160736,winner checkpoint,1177,"{""observation"": [1, 36, 44], ""policy.cnn_channels_1"": 16, ""policy.cnn_depth"": 1, ""policy.cnn_global_pool"": 0, ""policy.cnn_kernel_1"": 7, ""policy.cnn_pool_1"": 0, ""policy.cnn_projection"": 64, ""policy.cnn_residual_1"": 0, ""policy.cnn_stride_1"": 4, ""policy.hidden_size"": 128, ""policy.num_layers"": 1, ""version"": ""connect4-flex-v1""}",
Flex,brave-comet-51,73,2048000,0.003575,24.037423849105835,,,160736,winner checkpoint,1119,"{""observation"": [1, 36, 44], ""policy.cnn_channels_1"": 16, ""policy.cnn_depth"": 1, ""policy.cnn_global_pool"": 0, ""policy.cnn_kernel_1"": 7, ""policy.cnn_pool_1"": 0, ""policy.cnn_projection"": 64, ""policy.cnn_residual_1"": 0, ""policy.cnn_stride_1"": 4, ""policy.hidden_size"": 128, ""policy.num_layers"": 1, ""version"": ""connect4-flex-v1""}",
Flex,brave-comet-51,73,3072000,0.077748,35.71754455566406,,,160736,winner checkpoint,1119,"{""observation"": [1, 36, 44], ""policy.cnn_channels_1"": 16, ""policy.cnn_depth"": 1, ""policy.cnn_global_pool"": 0, ""policy.cnn_kernel_1"": 7, ""policy.cnn_pool_1"": 0, ""policy.cnn_projection"": 64, ""policy.cnn_residual_1"": 0, ""policy.cnn_stride_1"": 4, ""policy.hidden_size"": 128, ""policy.num_layers"": 1, ""version"": ""connect4-flex-v1""}",
Flex,brave-comet-51,73,4096000,0.345148,47.14166474342346,,,160736,winner checkpoint,1185,"{""observation"": [1, 36, 44], ""policy.cnn_channels_1"": 16, ""policy.cnn_depth"": 1, ""policy.cnn_global_pool"": 0, ""policy.cnn_kernel_1"": 7, ""policy.cnn_pool_1"": 0, ""policy.cnn_projection"": 64, ""policy.cnn_residual_1"": 0, ""policy.cnn_stride_1"": 4, ""policy.hidden_size"": 128, ""policy.num_layers"": 1, ""version"": ""connect4-flex-v1""}",
Flex,brave-comet-51,73,5120000,0.708054,58.20978283882141,,,160736,winner checkpoint,1192,"{""observation"": [1, 36, 44], ""policy.cnn_channels_1"": 16, ""policy.cnn_depth"": 1, ""policy.cnn_global_pool"": 0, ""policy.cnn_kernel_1"": 7, ""policy.cnn_pool_1"": 0, ""policy.cnn_projection"": 64, ""policy.cnn_residual_1"": 0, ""policy.cnn_stride_1"": 4, ""policy.hidden_size"": 128, ""policy.num_layers"": 1, ""version"": ""connect4-flex-v1""}",
Flex,brave-comet-51,73,6144000,0.848246,69.02589416503906,,,160736,winner checkpoint,1140,"{""observation"": [1, 36, 44], ""policy.cnn_channels_1"": 16, ""policy.cnn_depth"": 1, ""policy.cnn_global_pool"": 0, ""policy.cnn_kernel_1"": 7, ""policy.cnn_pool_1"": 0, ""policy.cnn_projection"": 64, ""policy.cnn_residual_1"": 0, ""policy.cnn_stride_1"": 4, ""policy.hidden_size"": 128, ""policy.num_layers"": 1, ""version"": ""connect4-flex-v1""}",
Flex,brave-comet-51,73,7168000,0.882405,79.80200529098511,,,160736,winner checkpoint,1131,"{""observation"": [1, 36, 44], ""policy.cnn_channels_1"": 16, ""policy.cnn_depth"": 1, ""policy.cnn_global_pool"": 0, ""policy.cnn_kernel_1"": 7, ""policy.cnn_pool_1"": 0, ""policy.cnn_projection"": 64, ""policy.cnn_residual_1"": 0, ""policy.cnn_stride_1"": 4, ""policy.hidden_size"": 128, ""policy.num_layers"": 1, ""version"": ""connect4-flex-v1""}",
Flex,brave-comet-51,73,8192000,0.905273,90.56212449073792,,,160736,winner checkpoint,1119,"{""observation"": [1, 36, 44], ""policy.cnn_channels_1"": 16, ""policy.cnn_depth"": 1, ""policy.cnn_global_pool"": 0, ""policy.cnn_kernel_1"": 7, ""policy.cnn_pool_1"": 0, ""policy.cnn_projection"": 64, ""policy.cnn_residual_1"": 0, ""policy.cnn_stride_1"": 4, ""policy.hidden_size"": 128, ""policy.num_layers"": 1, ""version"": ""connect4-flex-v1""}",
Flex,brave-comet-51,73,9216000,0.91117,101.3102355003357,,,160736,winner checkpoint,1137,"{""observation"": [1, 36, 44], ""policy.cnn_channels_1"": 16, ""policy.cnn_depth"": 1, ""policy.cnn_global_pool"": 0, ""policy.cnn_kernel_1"": 7, ""policy.cnn_pool_1"": 0, ""policy.cnn_projection"": 64, ""policy.cnn_residual_1"": 0, ""policy.cnn_stride_1"": 4, ""policy.hidden_size"": 128, ""policy.num_layers"": 1, ""version"": ""connect4-flex-v1""}",
Flex,brave-comet-51,73,10240000,0.920455,112.11035370826721,,,160736,winner checkpoint,1144,"{""observation"": [1, 36, 44], ""policy.cnn_channels_1"": 16, ""policy.cnn_depth"": 1, ""policy.cnn_global_pool"": 0, ""policy.cnn_kernel_1"": 7, ""policy.cnn_pool_1"": 0, ""policy.cnn_projection"": 64, ""policy.cnn_residual_1"": 0, ""policy.cnn_stride_1"": 4, ""policy.hidden_size"": 128, ""policy.num_layers"": 1, ""version"": ""connect4-flex-v1""}",
Flex,brave-comet-51,73,11264000,0.919156,122.89046573638916,,,160736,winner checkpoint,1138,"{""observation"": [1, 36, 44], ""policy.cnn_channels_1"": 16, ""policy.cnn_depth"": 1, ""policy.cnn_global_pool"": 0, ""policy.cnn_kernel_1"": 7, ""policy.cnn_pool_1"": 0, ""policy.cnn_projection"": 64, ""policy.cnn_residual_1"": 0, ""policy.cnn_stride_1"": 4, ""policy.hidden_size"": 128, ""policy.num_layers"": 1, ""version"": ""connect4-flex-v1""}",
Flex,brave-comet-51,73,12288000,0.919965,133.63058376312256,,,160736,winner checkpoint,1137,"{""observation"": [1, 36, 44], ""policy.cnn_channels_1"": 16, ""policy.cnn_depth"": 1, ""policy.cnn_global_pool"": 0, ""policy.cnn_kernel_1"": 7, ""policy.cnn_pool_1"": 0, ""policy.cnn_projection"": 64, ""policy.cnn_residual_1"": 0, ""policy.cnn_stride_1"": 4, ""policy.hidden_size"": 128, ""policy.num_layers"": 1, ""version"": ""connect4-flex-v1""}",
Flex,brave-comet-51,73,12662784,0.919965,137.574627161026,137.37,92180.12666521074,160736,final,1137,"{""observation"": [1, 36, 44], ""policy.cnn_channels_1"": 16, ""policy.cnn_depth"": 1, ""policy.cnn_global_pool"": 0, ""policy.cnn_kernel_1"": 7, ""policy.cnn_pool_1"": 0, ""policy.cnn_projection"": 64, ""policy.cnn_residual_1"": 0, ""policy.cnn_stride_1"": 4, ""policy.hidden_size"": 128, ""policy.num_layers"": 1, ""version"": ""connect4-flex-v1""}",0.902
Flex,cosmic-wolf-116,73,9484288,0.815534,103.7329204082489,103.54,91600.23179447556,261856,final,1030,"{""observation"": [1, 36, 44], ""policy.cnn_channels_1"": 32, ""policy.cnn_depth"": 1, ""policy.cnn_global_pool"": 0, ""policy.cnn_kernel_1"": 4, ""policy.cnn_pool_1"": 0, ""policy.cnn_projection"": 64, ""policy.cnn_residual_1"": 0, ""policy.cnn_stride_1"": 4, ""policy.hidden_size"": 128, ""policy.num_layers"": 1, ""version"": ""connect4-flex-v1""}",0.8128
Flex,clever-otter-60,73,12431360,0.862852,136.43528199195862,136.22,91259.43326971076,109768,final,1101,"{""observation"": [1, 36, 44], ""policy.cnn_channels_1"": 8, ""policy.cnn_depth"": 1, ""policy.cnn_global_pool"": 0, ""policy.cnn_kernel_1"": 8, ""policy.cnn_pool_1"": 0, ""policy.cnn_projection"": 64, ""policy.cnn_residual_1"": 0, ""policy.cnn_stride_1"": 4, ""policy.hidden_size"": 128, ""policy.num_layers"": 1, ""version"": ""connect4-flex-v1""}",0.873
Flex,calm-otter-1,73,13277184,0.725047,144.7913043498993,144.5,91883.62629757785,80296,final,1062,"{""observation"": [1, 36, 44], ""policy.cnn_channels_1"": 8, ""policy.cnn_depth"": 1, ""policy.cnn_global_pool"": 0, ""policy.cnn_kernel_1"": 8, ""policy.cnn_pool_1"": 0, ""policy.cnn_projection"": 32, ""policy.cnn_residual_1"": 0, ""policy.cnn_stride_1"": 4, ""policy.hidden_size"": 128, ""policy.num_layers"": 1, ""version"": ""connect4-flex-v1""}",0.7194
Flex,wild-maple-2,73,2414592,0.001717,27.090537071228027,26.9,89761.7843866171,54752,final,1165,"{""observation"": [1, 36, 44], ""policy.cnn_channels_1"": 16, ""policy.cnn_depth"": 1, ""policy.cnn_global_pool"": 0, ""policy.cnn_kernel_1"": 2, ""policy.cnn_pool_1"": 2, ""policy.cnn_projection"": 16, ""policy.cnn_residual_1"": 0, ""policy.cnn_stride_1"": 8, ""policy.hidden_size"": 128, ""policy.num_layers"": 1, ""version"": ""connect4-flex-v1""}",0.0007
Flex,clever-cat-3,73,2570240,0.0,29.084794282913208,28.9,88935.64013840831,60896,final,1182,"{""observation"": [1, 36, 44], ""policy.cnn_channels_1"": 16, ""policy.cnn_channels_2"": 16, ""policy.cnn_depth"": 2, ""policy.cnn_global_pool"": 1, ""policy.cnn_kernel_1"": 4, ""policy.cnn_kernel_2"": 2, ""policy.cnn_pool_1"": 1, ""policy.cnn_pool_2"": 0, ""policy.cnn_projection"": 64, ""policy.cnn_residual_1"": 0, ""policy.cnn_residual_2"": 0, ""policy.cnn_stride_1"": 8, ""policy.cnn_stride_2"": 1, ""policy.hidden_size"": 128, ""policy.num_layers"": 1, ""version"": ""connect4-flex-v1""}",0.0015
Flex,lucky-otter-4,73,2553856,0.0,35.3751003742218,35.17,72614.61472846175,62896,final,1183,"{""observation"": [1, 36, 44], ""policy.cnn_channels_1"": 8, ""policy.cnn_channels_2"": 16, ""policy.cnn_depth"": 2, ""policy.cnn_global_pool"": 0, ""policy.cnn_kernel_1"": 6, ""policy.cnn_kernel_2"": 5, ""policy.cnn_pool_1"": 1, ""policy.cnn_pool_2"": 2, ""policy.cnn_projection"": 32, ""policy.cnn_residual_1"": 1, ""policy.cnn_residual_2"": 1, ""policy.cnn_stride_1"": 4, ""policy.cnn_stride_2"": 2, ""policy.hidden_size"": 128, ""policy.num_layers"": 1, ""version"": ""connect4-flex-v1""}",0.0006
Flex,merry-robin-5,73,2560000,0.0,30.710372924804688,30.52,83879.42332896462,68512,final,1190,"{""observation"": [1, 36, 44], ""policy.cnn_channels_1"": 8, ""policy.cnn_channels_2"": 16, ""policy.cnn_depth"": 2, ""policy.cnn_global_pool"": 0, ""policy.cnn_kernel_1"": 5, ""policy.cnn_kernel_2"": 2, ""policy.cnn_pool_1"": 1, ""policy.cnn_pool_2"": 2, ""policy.cnn_projection"": 64, ""policy.cnn_residual_1"": 0, ""policy.cnn_residual_2"": 0, ""policy.cnn_stride_1"": 4, ""policy.cnn_stride_2"": 1, ""policy.hidden_size"": 128, ""policy.num_layers"": 1, ""version"": ""connect4-flex-v1""}",0.0011
Flex,wild-maple-6,73,2193408,0.0,26.48359179496765,26.28,83463.01369863014,62064,final,1203,"{""observation"": [1, 36, 44], ""policy.cnn_channels_1"": 16, ""policy.cnn_channels_2"": 16, ""policy.cnn_depth"": 2, ""policy.cnn_global_pool"": 1, ""policy.cnn_kernel_1"": 3, ""policy.cnn_kernel_2"": 3, ""policy.cnn_pool_1"": 1, ""policy.cnn_pool_2"": 0, ""policy.cnn_projection"": 32, ""policy.cnn_residual_1"": 1, ""policy.cnn_residual_2"": 1, ""policy.cnn_stride_1"": 8, ""policy.cnn_stride_2"": 2, ""policy.hidden_size"": 128, ""policy.num_layers"": 1, ""version"": ""connect4-flex-v1""}",0.0005
Flex,lucky-robin-7,73,2332672,0.001714,26.571832418441772,26.38,88425.77710386657,114096,final,1167,"{""observation"": [1, 36, 44], ""policy.cnn_channels_1"": 16, ""policy.cnn_depth"": 1, ""policy.cnn_global_pool"": 0, ""policy.cnn_kernel_1"": 1, ""policy.cnn_pool_1"": 0, ""policy.cnn_projection"": 128, ""policy.cnn_residual_1"": 1, ""policy.cnn_stride_1"": 8, ""policy.hidden_size"": 128, ""policy.num_layers"": 1, ""version"": ""connect4-flex-v1""}",0.0013
Flex,swift-maple-8,73,2211840,0.000828,28.523082971572876,28.32,78101.69491525424,59856,final,1208,"{""observation"": [1, 36, 44], ""policy.cnn_channels_1"": 32, ""policy.cnn_channels_2"": 8, ""policy.cnn_channels_3"": 16, ""policy.cnn_depth"": 3, ""policy.cnn_global_pool"": 1, ""policy.cnn_kernel_1"": 7, ""policy.cnn_kernel_2"": 1, ""policy.cnn_kernel_3"": 1, ""policy.cnn_pool_1"": 2, ""policy.cnn_pool_2"": 1, ""policy.cnn_pool_3"": 1, ""policy.cnn_projection"": 32, ""policy.cnn_residual_1"": 0, ""policy.cnn_residual_2"": 1, ""policy.cnn_residual_3"": 1, ""policy.cnn_stride_1"": 4, ""policy.cnn_stride_2"": 2, ""policy.cnn_stride_3"": 1, ""policy.hidden_size"": 128, ""policy.num_layers"": 1, ""version"": ""connect4-flex-v1""}",0.0002
Flex,silver-river-9,73,2584576,0.001675,29.963340997695923,29.75,86876.50420168067,57592,final,1194,"{""observation"": [1, 36, 44], ""policy.cnn_channels_1"": 8, ""policy.cnn_channels_2"": 8, ""policy.cnn_channels_3"": 16, ""policy.cnn_depth"": 3, ""policy.cnn_global_pool"": 0, ""policy.cnn_kernel_1"": 4, ""policy.cnn_kernel_2"": 4, ""policy.cnn_kernel_3"": 3, ""policy.cnn_pool_1"": 1, ""policy.cnn_pool_2"": 2, ""policy.cnn_pool_3"": 1, ""policy.cnn_projection"": 128, ""policy.cnn_residual_1"": 1, ""policy.cnn_residual_2"": 0, ""policy.cnn_residual_3"": 1, ""policy.cnn_stride_1"": 8, ""policy.cnn_stride_2"": 2, ""policy.cnn_stride_3"": 2, ""policy.hidden_size"": 128, ""policy.num_layers"": 1, ""version"": ""connect4-flex-v1""}",0.0014
Flex,silver-tiger-10,73,2476032,0.0,28.816591262817383,28.62,86514.04612159329,55360,final,1180,"{""observation"": [1, 36, 44], ""policy.cnn_channels_1"": 16, ""policy.cnn_depth"": 1, ""policy.cnn_global_pool"": 1, ""policy.cnn_kernel_1"": 5, ""policy.cnn_pool_1"": 1, ""policy.cnn_projection"": 32, ""policy.cnn_residual_1"": 0, ""policy.cnn_stride_1"": 4, ""policy.hidden_size"": 128, ""policy.num_layers"": 1, ""version"": ""connect4-flex-v1""}",0.0007
Flex,swift-fox-11,73,2185216,0.0,26.91883158683777,26.71,81812.65443654062,64736,final,1196,"{""observation"": [1, 36, 44], ""policy.cnn_channels_1"": 16, ""policy.cnn_channels_2"": 16, ""policy.cnn_depth"": 2, ""policy.cnn_global_pool"": 0, ""policy.cnn_kernel_1"": 8, ""policy.cnn_kernel_2"": 2, ""policy.cnn_pool_1"": 2, ""policy.cnn_pool_2"": 1, ""policy.cnn_projection"": 64, ""policy.cnn_residual_1"": 0, ""policy.cnn_residual_2"": 0, ""policy.cnn_stride_1"": 4, ""policy.cnn_stride_2"": 2, ""policy.hidden_size"": 128, ""policy.num_layers"": 1, ""version"": ""connect4-flex-v1""}",0.0007
Flex,gentle-fox-12,73,13017088,0.750661,137.41202521324158,137.22,94862.90628188312,109648,final,1135,"{""observation"": [1, 36, 44], ""policy.cnn_channels_1"": 8, ""policy.cnn_depth"": 1, ""policy.cnn_global_pool"": 0, ""policy.cnn_kernel_1"": 7, ""policy.cnn_pool_1"": 0, ""policy.cnn_projection"": 64, ""policy.cnn_residual_1"": 0, ""policy.cnn_stride_1"": 4, ""policy.hidden_size"": 128, ""policy.num_layers"": 1, ""version"": ""connect4-flex-v1""}",0.7354
Flex,silver-robin-13,73,11954176,0.690408,126.55111336708069,126.36,94604.11522633745,109648,final,1053,"{""observation"": [1, 36, 44], ""policy.cnn_channels_1"": 8, ""policy.cnn_depth"": 1, ""policy.cnn_global_pool"": 0, ""policy.cnn_kernel_1"": 7, ""policy.cnn_pool_1"": 0, ""policy.cnn_projection"": 64, ""policy.cnn_residual_1"": 0, ""policy.cnn_stride_1"": 4, ""policy.hidden_size"": 128, ""policy.num_layers"": 1, ""version"": ""connect4-flex-v1""}",0.6968
Flex,calm-river-14,73,12357632,0.75678,131.26326298713684,131.07,94282.6886396582,109648,final,1143,"{""observation"": [1, 36, 44], ""policy.cnn_channels_1"": 8, ""policy.cnn_depth"": 1, ""policy.cnn_global_pool"": 0, ""policy.cnn_kernel_1"": 7, ""policy.cnn_pool_1"": 0, ""policy.cnn_projection"": 64, ""policy.cnn_residual_1"": 0, ""policy.cnn_stride_1"": 4, ""policy.hidden_size"": 128, ""policy.num_layers"": 1, ""version"": ""connect4-flex-v1""}",0.7642
Flex,gentle-panda-15,73,8880128,0.209188,101.58114361763,101.4,87575.22682445758,74216,final,1219,"{""observation"": [1, 36, 44], ""policy.cnn_channels_1"": 8, ""policy.cnn_depth"": 1, ""policy.cnn_global_pool"": 0, ""policy.cnn_kernel_1"": 6, ""policy.cnn_pool_1"": 1, ""policy.cnn_projection"": 64, ""policy.cnn_residual_1"": 0, ""policy.cnn_stride_1"": 4, ""policy.hidden_size"": 128, ""policy.num_layers"": 1, ""version"": ""connect4-flex-v1""}",0.1867
Flex,mystic-cedar-16,73,11335680,0.711111,119.20016598701477,119.0,95257.81512605042,160528,final,1080,"{""observation"": [1, 36, 44], ""policy.cnn_channels_1"": 16, ""policy.cnn_depth"": 1, ""policy.cnn_global_pool"": 0, ""policy.cnn_kernel_1"": 6, ""policy.cnn_pool_1"": 0, ""policy.cnn_projection"": 64, ""policy.cnn_residual_1"": 0, ""policy.cnn_stride_1"": 4, ""policy.hidden_size"": 128, ""policy.num_layers"": 1, ""version"": ""connect4-flex-v1""}",0.7172
Flex,brave-badger-17,73,8437760,0.405923,96.8849880695343,96.69,87266.10818078395,160976,final,1148,"{""observation"": [1, 36, 44], ""policy.cnn_channels_1"": 16, ""policy.cnn_depth"": 1, ""policy.cnn_global_pool"": 0, ""policy.cnn_kernel_1"": 8, ""policy.cnn_pool_1"": 0, ""policy.cnn_projection"": 64, ""policy.cnn_residual_1"": 0, ""policy.cnn_stride_1"": 4, ""policy.hidden_size"": 128, ""policy.num_layers"": 1, ""version"": ""connect4-flex-v1""}",0.4307
Flex,quiet-tree-18,73,13277184,0.587198,145.042222738266,144.84,91667.93703396851,70208,final,1078,"{""observation"": [1, 36, 44], ""policy.cnn_channels_1"": 16, ""policy.cnn_depth"": 1, ""policy.cnn_global_pool"": 0, ""policy.cnn_kernel_1"": 5, ""policy.cnn_pool_1"": 1, ""policy.cnn_projection"": 32, ""policy.cnn_residual_1"": 0, ""policy.cnn_stride_1"": 4, ""policy.hidden_size"": 128, ""policy.num_layers"": 1, ""version"": ""connect4-flex-v1""}",0.587
Flex,sunny-comet-19,73,4411392,0.003806,50.820653438568115,50.59,87198.89306186992,65560,final,1051,"{""observation"": [1, 36, 44], ""policy.cnn_channels_1"": 8, ""policy.cnn_depth"": 1, ""policy.cnn_global_pool"": 0, ""policy.cnn_kernel_1"": 8, ""policy.cnn_pool_1"": 0, ""policy.cnn_projection"": 16, ""policy.cnn_residual_1"": 0, ""policy.cnn_stride_1"": 4, ""policy.hidden_size"": 128, ""policy.num_layers"": 1, ""version"": ""connect4-flex-v1""}",0.0046
Flex,golden-river-20,73,8321024,0.555659,93.30732774734497,93.11,89367.6726452583,160736,final,1069,"{""observation"": [1, 36, 44], ""policy.cnn_channels_1"": 16, ""policy.cnn_depth"": 1, ""policy.cnn_global_pool"": 0, ""policy.cnn_kernel_1"": 7, ""policy.cnn_pool_1"": 0, ""policy.cnn_projection"": 64, ""policy.cnn_residual_1"": 0, ""policy.cnn_stride_1"": 4, ""policy.hidden_size"": 128, ""policy.num_layers"": 1, ""version"": ""connect4-flex-v1""}",0.5616
Flex,golden-owl-21,73,10907648,0.0,121.1494607925415,120.95,90183.11699049194,52768,final,1074,"{""observation"": [1, 36, 44], ""policy.cnn_channels_1"": 16, ""policy.cnn_depth"": 1, ""policy.cnn_global_pool"": 1, ""policy.cnn_kernel_1"": 5, ""policy.cnn_pool_1"": 0, ""policy.cnn_projection"": 128, ""policy.cnn_residual_1"": 0, ""policy.cnn_stride_1"": 4, ""policy.hidden_size"": 128, ""policy.num_layers"": 1, ""version"": ""connect4-flex-v1""}",0.0008
Flex,cosmic-falcon-22,73,13277184,0.816288,145.24669575691223,145.06,91528.91217427271,160736,final,1056,"{""observation"": [1, 36, 44], ""policy.cnn_channels_1"": 16, ""policy.cnn_depth"": 1, ""policy.cnn_global_pool"": 0, ""policy.cnn_kernel_1"": 7, ""policy.cnn_pool_1"": 0, ""policy.cnn_projection"": 64, ""policy.cnn_residual_1"": 0, ""policy.cnn_stride_1"": 4, ""policy.hidden_size"": 128, ""policy.num_layers"": 1, ""version"": ""connect4-flex-v1""}",0.8043
Flex,cosmic-cat-23,73,9947136,0.189553,114.40167284011841,114.22,87087.51532130975,70832,final,1187,"{""observation"": [1, 36, 44], ""policy.cnn_channels_1"": 16, ""policy.cnn_depth"": 1, ""policy.cnn_global_pool"": 0, ""policy.cnn_kernel_1"": 8, ""policy.cnn_pool_1"": 1, ""policy.cnn_projection"": 32, ""policy.cnn_residual_1"": 0, ""policy.cnn_stride_1"": 4, ""policy.hidden_size"": 128, ""policy.num_layers"": 1, ""version"": ""connect4-flex-v1""}",0.1922
Flex,merry-maple-24,73,9701376,0.620209,108.29759383201599,108.11,89736.1576172417,254096,final,1148,"{""observation"": [1, 36, 44], ""policy.cnn_channels_1"": 16, ""policy.cnn_depth"": 1, ""policy.cnn_global_pool"": 0, ""policy.cnn_kernel_1"": 8, ""policy.cnn_pool_1"": 0, ""policy.cnn_projection"": 128, ""policy.cnn_residual_1"": 0, ""policy.cnn_stride_1"": 4, ""policy.hidden_size"": 128, ""policy.num_layers"": 1, ""version"": ""connect4-flex-v1""}",0.5986
Flex,lucky-falcon-25,73,5955584,0.073148,68.24216866493225,68.06,87504.90743461651,109768,final,1080,"{""observation"": [1, 36, 44], ""policy.cnn_channels_1"": 8, ""policy.cnn_depth"": 1, ""policy.cnn_global_pool"": 0, ""policy.cnn_kernel_1"": 8, ""policy.cnn_pool_1"": 0, ""policy.cnn_projection"": 64, ""policy.cnn_residual_1"": 0, ""policy.cnn_stride_1"": 4, ""policy.hidden_size"": 128, ""policy.num_layers"": 1, ""version"": ""connect4-flex-v1""}",0.059
Flex,golden-tiger-26,73,10053632,0.32966,111.2831244468689,111.08,90508.03024846957,112784,final,1089,"{""observation"": [1, 36, 44], ""policy.cnn_channels_1"": 16, ""policy.cnn_depth"": 1, ""policy.cnn_global_pool"": 0, ""policy.cnn_kernel_1"": 8, ""policy.cnn_pool_1"": 1, ""policy.cnn_projection"": 128, ""policy.cnn_residual_1"": 0, ""policy.cnn_stride_1"": 4, ""policy.hidden_size"": 128, ""policy.num_layers"": 1, ""version"": ""connect4-flex-v1""}",0.3203
Flex,calm-tree-27,73,11024384,0.829206,121.31914854049683,121.14,91005.31616311705,160736,final,1171,"{""observation"": [1, 36, 44], ""policy.cnn_channels_1"": 16, ""policy.cnn_depth"": 1, ""policy.cnn_global_pool"": 0, ""policy.cnn_kernel_1"": 7, ""policy.cnn_pool_1"": 0, ""policy.cnn_projection"": 64, ""policy.cnn_residual_1"": 0, ""policy.cnn_stride_1"": 4, ""policy.hidden_size"": 128, ""policy.num_layers"": 1, ""version"": ""connect4-flex-v1""}",0.8162
Flex,silver-comet-28,73,13277184,0.816288,146.10139417648315,145.86,91026.90250925544,160736,final,1056,"{""observation"": [1, 36, 44], ""policy.cnn_channels_1"": 16, ""policy.cnn_depth"": 1, ""policy.cnn_global_pool"": 0, ""policy.cnn_kernel_1"": 7, ""policy.cnn_pool_1"": 0, ""policy.cnn_projection"": 64, ""policy.cnn_residual_1"": 0, ""policy.cnn_stride_1"": 4, ""policy.hidden_size"": 128, ""policy.num_layers"": 1, ""version"": ""connect4-flex-v1""}",0.8159
Flex,lucky-badger-29,73,13277184,0.803311,141.3255958557129,141.13,94077.68723871608,160528,final,1027,"{""observation"": [1, 36, 44], ""policy.cnn_channels_1"": 16, ""policy.cnn_depth"": 1, ""policy.cnn_global_pool"": 0, ""policy.cnn_kernel_1"": 6, ""policy.cnn_pool_1"": 0, ""policy.cnn_projection"": 64, ""policy.cnn_residual_1"": 0, ""policy.cnn_stride_1"": 4, ""policy.hidden_size"": 128, ""policy.num_layers"": 1, ""version"": ""connect4-flex-v1""}",0.7882
Flex,merry-cat-30,73,10088448,0.54616,107.94551634788513,107.74,93636.97790978281,160528,final,1159,"{""observation"": [1, 36, 44], ""policy.cnn_channels_1"": 16, ""policy.cnn_depth"": 1, ""policy.cnn_global_pool"": 0, ""policy.cnn_kernel_1"": 6, ""policy.cnn_pool_1"": 0, ""policy.cnn_projection"": 64, ""policy.cnn_residual_1"": 0, ""policy.cnn_stride_1"": 4, ""policy.hidden_size"": 128, ""policy.num_layers"": 1, ""version"": ""connect4-flex-v1""}",0.5494
Flex,golden-panda-31,73,9889792,0.642371,109.13044428825378,108.94,90782.00844501561,109544,final,1029,"{""observation"": [1, 36, 44], ""policy.cnn_channels_1"": 8, ""policy.cnn_depth"": 1, ""policy.cnn_global_pool"": 0, ""policy.cnn_kernel_1"": 6, ""policy.cnn_pool_1"": 0, ""policy.cnn_projection"": 64, ""policy.cnn_residual_1"": 0, ""policy.cnn_stride_1"": 4, ""policy.hidden_size"": 128, ""policy.num_layers"": 1, ""version"": ""connect4-flex-v1""}",0.6257
Flex,cosmic-bear-32,73,10975232,0.622083,123.07749223709106,122.88,89316.66666666667,160976,final,1114,"{""observation"": [1, 36, 44], ""policy.cnn_channels_1"": 16, ""policy.cnn_depth"": 1, ""policy.cnn_global_pool"": 0, ""policy.cnn_kernel_1"": 8, ""policy.cnn_pool_1"": 0, ""policy.cnn_projection"": 64, ""policy.cnn_residual_1"": 0, ""policy.cnn_stride_1"": 4, ""policy.hidden_size"": 128, ""policy.num_layers"": 1, ""version"": ""connect4-flex-v1""}",0.603
Flex,silver-wolf-33,73,10156032,0.625806,114.76546573638916,114.57,88644.77611940299,160976,final,1085,"{""observation"": [1, 36, 44], ""policy.cnn_channels_1"": 16, ""policy.cnn_depth"": 1, ""policy.cnn_global_pool"": 0, ""policy.cnn_kernel_1"": 8, ""policy.cnn_pool_1"": 0, ""policy.cnn_projection"": 64, ""policy.cnn_residual_1"": 0, ""policy.cnn_stride_1"": 4, ""policy.hidden_size"": 128, ""policy.num_layers"": 1, ""version"": ""connect4-flex-v1""}",0.6171
Flex,happy-bear-34,73,7239680,0.157494,76.81128358840942,76.63,94475.79277045545,90320,final,1181,"{""observation"": [1, 36, 44], ""policy.cnn_channels_1"": 16, ""policy.cnn_depth"": 1, ""policy.cnn_global_pool"": 0, ""policy.cnn_kernel_1"": 8, ""policy.cnn_pool_1"": 0, ""policy.cnn_projection"": 64, ""policy.cnn_residual_1"": 0, ""policy.cnn_stride_1"": 8, ""policy.hidden_size"": 128, ""policy.num_layers"": 1, ""version"": ""connect4-flex-v1""}",0.1466
Flex,sunny-bear-35,73,13277184,0.892986,146.39083576202393,146.19,90821.42417402011,160976,final,1112,"{""observation"": [1, 36, 44], ""policy.cnn_channels_1"": 16, ""policy.cnn_depth"": 1, ""policy.cnn_global_pool"": 0, ""policy.cnn_kernel_1"": 8, ""policy.cnn_pool_1"": 0, ""policy.cnn_projection"": 64, ""policy.cnn_residual_1"": 0, ""policy.cnn_stride_1"": 4, ""policy.hidden_size"": 128, ""policy.num_layers"": 1, ""version"": ""connect4-flex-v1""}",0.8861
Flex,brave-cat-36,73,5969920,0.019091,70.19658422470093,69.95,85345.53252323088,90080,final,1100,"{""observation"": [1, 36, 44], ""policy.cnn_channels_1"": 16, ""policy.cnn_depth"": 1, ""policy.cnn_global_pool"": 0, ""policy.cnn_kernel_1"": 7, ""policy.cnn_pool_1"": 1, ""policy.cnn_projection"": 64, ""policy.cnn_residual_1"": 0, ""policy.cnn_stride_1"": 4, ""policy.hidden_size"": 128, ""policy.num_layers"": 1, ""version"": ""connect4-flex-v1""}",0.013
Flex,gentle-falcon-37,73,13277184,0.816288,145.52212834358215,145.29,91384.01817055544,160736,final,1056,"{""observation"": [1, 36, 44], ""policy.cnn_channels_1"": 16, ""policy.cnn_depth"": 1, ""policy.cnn_global_pool"": 0, ""policy.cnn_kernel_1"": 7, ""policy.cnn_pool_1"": 0, ""policy.cnn_projection"": 64, ""policy.cnn_residual_1"": 0, ""policy.cnn_stride_1"": 4, ""policy.hidden_size"": 128, ""policy.num_layers"": 1, ""version"": ""connect4-flex-v1""}",0.7869
Flex,silver-panda-38,73,13277184,0.803311,142.08061957359314,141.9,93567.18816067652,160528,final,1027,"{""observation"": [1, 36, 44], ""policy.cnn_channels_1"": 16, ""policy.cnn_depth"": 1, ""policy.cnn_global_pool"": 0, ""policy.cnn_kernel_1"": 6, ""policy.cnn_pool_1"": 0, ""policy.cnn_projection"": 64, ""policy.cnn_residual_1"": 0, ""policy.cnn_stride_1"": 4, ""policy.hidden_size"": 128, ""policy.num_layers"": 1, ""version"": ""connect4-flex-v1""}",0.7991
Flex,brave-tiger-39,73,13277184,0.816288,145.2681610584259,145.05,91535.22233712512,160736,final,1056,"{""observation"": [1, 36, 44], ""policy.cnn_channels_1"": 16, ""policy.cnn_depth"": 1, ""policy.cnn_global_pool"": 0, ""policy.cnn_kernel_1"": 7, ""policy.cnn_pool_1"": 0, ""policy.cnn_projection"": 64, ""policy.cnn_residual_1"": 0, ""policy.cnn_stride_1"": 4, ""policy.hidden_size"": 128, ""policy.num_layers"": 1, ""version"": ""connect4-flex-v1""}",0.8144
Flex,swift-comet-40,73,13277184,0.892986,146.2137143611908,146.01,90933.3881241011,160976,final,1112,"{""observation"": [1, 36, 44], ""policy.cnn_channels_1"": 16, ""policy.cnn_depth"": 1, ""policy.cnn_global_pool"": 0, ""policy.cnn_kernel_1"": 8, ""policy.cnn_pool_1"": 0, ""policy.cnn_projection"": 64, ""policy.cnn_residual_1"": 0, ""policy.cnn_stride_1"": 4, ""policy.hidden_size"": 128, ""policy.num_layers"": 1, ""version"": ""connect4-flex-v1""}",0.8851
Flex,lucky-maple-41,73,10432512,0.643581,117.81096768379211,117.58,88726.92634801837,160976,final,1184,"{""observation"": [1, 36, 44], ""policy.cnn_channels_1"": 16, ""policy.cnn_depth"": 1, ""policy.cnn_global_pool"": 0, ""policy.cnn_kernel_1"": 8, ""policy.cnn_pool_1"": 0, ""policy.cnn_projection"": 64, ""policy.cnn_residual_1"": 0, ""policy.cnn_stride_1"": 4, ""policy.hidden_size"": 128, ""policy.num_layers"": 1, ""version"": ""connect4-flex-v1""}",0.6425
Flex,sunny-maple-42,73,13277184,0.892986,145.6605143547058,145.4,91314.88308115544,160976,final,1112,"{""observation"": [1, 36, 44], ""policy.cnn_channels_1"": 16, ""policy.cnn_depth"": 1, ""policy.cnn_global_pool"": 0, ""policy.cnn_kernel_1"": 8, ""policy.cnn_pool_1"": 0, ""policy.cnn_projection"": 64, ""policy.cnn_residual_1"": 0, ""policy.cnn_stride_1"": 4, ""policy.hidden_size"": 128, ""policy.num_layers"": 1, ""version"": ""connect4-flex-v1""}",0.8851
Flex,silver-cedar-43,73,12439552,0.854594,136.02095246315002,135.83,91581.77133181182,109768,final,1121,"{""observation"": [1, 36, 44], ""policy.cnn_channels_1"": 8, ""policy.cnn_depth"": 1, ""policy.cnn_global_pool"": 0, ""policy.cnn_kernel_1"": 8, ""policy.cnn_pool_1"": 0, ""policy.cnn_projection"": 64, ""policy.cnn_residual_1"": 0, ""policy.cnn_stride_1"": 4, ""policy.hidden_size"": 128, ""policy.num_layers"": 1, ""version"": ""connect4-flex-v1""}",0.8569
Flex,silver-tiger-44,73,10817536,0.787719,119.28221440315247,119.07,90850.22255815908,109768,final,1140,"{""observation"": [1, 36, 44], ""policy.cnn_channels_1"": 8, ""policy.cnn_depth"": 1, ""policy.cnn_global_pool"": 0, ""policy.cnn_kernel_1"": 8, ""policy.cnn_pool_1"": 0, ""policy.cnn_projection"": 64, ""policy.cnn_residual_1"": 0, ""policy.cnn_stride_1"": 4, ""policy.hidden_size"": 128, ""policy.num_layers"": 1, ""version"": ""connect4-flex-v1""}",0.7739
Flex,lucky-cat-45,73,9777152,0.598818,108.40736532211304,108.21,90353.49782829684,160736,final,1184,"{""observation"": [1, 36, 44], ""policy.cnn_channels_1"": 16, ""policy.cnn_depth"": 1, ""policy.cnn_global_pool"": 0, ""policy.cnn_kernel_1"": 7, ""policy.cnn_pool_1"": 0, ""policy.cnn_projection"": 64, ""policy.cnn_residual_1"": 0, ""policy.cnn_stride_1"": 4, ""policy.hidden_size"": 128, ""policy.num_layers"": 1, ""version"": ""connect4-flex-v1""}",0.6154
Flex,clever-cedar-46,73,12154880,0.83874,134.7007908821106,134.51,90364.13649542785,160976,final,1079,"{""observation"": [1, 36, 44], ""policy.cnn_channels_1"": 16, ""policy.cnn_depth"": 1, ""policy.cnn_global_pool"": 0, ""policy.cnn_kernel_1"": 8, ""policy.cnn_pool_1"": 0, ""policy.cnn_projection"": 64, ""policy.cnn_residual_1"": 0, ""policy.cnn_stride_1"": 4, ""policy.hidden_size"": 128, ""policy.num_layers"": 1, ""version"": ""connect4-flex-v1""}",0.8314
Flex,merry-maple-47,73,13277184,0.505357,149.59238147735596,149.39,88875.9890220229,74440,final,1120,"{""observation"": [1, 36, 44], ""policy.cnn_channels_1"": 8, ""policy.cnn_depth"": 1, ""policy.cnn_global_pool"": 0, ""policy.cnn_kernel_1"": 8, ""policy.cnn_pool_1"": 1, ""policy.cnn_projection"": 64, ""policy.cnn_residual_1"": 0, ""policy.cnn_stride_1"": 4, ""policy.hidden_size"": 128, ""policy.num_layers"": 1, ""version"": ""connect4-flex-v1""}",0.4826
Flex,wild-tree-48,73,11325440,0.854262,126.17271757125854,125.95,89920.12703453751,160976,final,1091,"{""observation"": [1, 36, 44], ""policy.cnn_channels_1"": 16, ""policy.cnn_depth"": 1, ""policy.cnn_global_pool"": 0, ""policy.cnn_kernel_1"": 8, ""policy.cnn_pool_1"": 0, ""policy.cnn_projection"": 64, ""policy.cnn_residual_1"": 0, ""policy.cnn_stride_1"": 4, ""policy.hidden_size"": 128, ""policy.num_layers"": 1, ""version"": ""connect4-flex-v1""}",0.8231
Flex,cosmic-robin-49,73,9035776,0.677249,102.0407943725586,101.82,88742.64388135927,160736,final,1134,"{""observation"": [1, 36, 44], ""policy.cnn_channels_1"": 16, ""policy.cnn_depth"": 1, ""policy.cnn_global_pool"": 0, ""policy.cnn_kernel_1"": 7, ""policy.cnn_pool_1"": 0, ""policy.cnn_projection"": 64, ""policy.cnn_residual_1"": 0, ""policy.cnn_stride_1"": 4, ""policy.hidden_size"": 128, ""policy.num_layers"": 1, ""version"": ""connect4-flex-v1""}",0.6663
Flex,wild-falcon-50,73,2791424,0.002542,34.60616755485535,34.41,81122.46439988376,77568,final,1180,"{""observation"": [1, 36, 44], ""policy.cnn_channels_1"": 32, ""policy.cnn_channels_2"": 32, ""policy.cnn_depth"": 2, ""policy.cnn_global_pool"": 0, ""policy.cnn_kernel_1"": 4, ""policy.cnn_kernel_2"": 2, ""policy.cnn_pool_1"": 0, ""policy.cnn_pool_2"": 0, ""policy.cnn_projection"": 32, ""policy.cnn_residual_1"": 0, ""policy.cnn_residual_2"": 1, ""policy.cnn_stride_1"": 4, ""policy.cnn_stride_2"": 4, ""policy.hidden_size"": 128, ""policy.num_layers"": 1, ""version"": ""connect4-flex-v1""}",0.0005
Flex,calm-owl-52,73,13189120,0.866007,146.61017656326294,146.41,90083.46424424561,160976,final,1112,"{""observation"": [1, 36, 44], ""policy.cnn_channels_1"": 16, ""policy.cnn_depth"": 1, ""policy.cnn_global_pool"": 0, ""policy.cnn_kernel_1"": 8, ""policy.cnn_pool_1"": 0, ""policy.cnn_projection"": 64, ""policy.cnn_residual_1"": 0, ""policy.cnn_stride_1"": 4, ""policy.hidden_size"": 128, ""policy.num_layers"": 1, ""version"": ""connect4-flex-v1""}",0.8802
Flex,merry-river-53,73,13047808,0.834806,143.1956934928894,143.0,91243.41258741259,160976,final,1132,"{""observation"": [1, 36, 44], ""policy.cnn_channels_1"": 16, ""policy.cnn_depth"": 1, ""policy.cnn_global_pool"": 0, ""policy.cnn_kernel_1"": 8, ""policy.cnn_pool_1"": 0, ""policy.cnn_projection"": 64, ""policy.cnn_residual_1"": 0, ""policy.cnn_stride_1"": 4, ""policy.hidden_size"": 128, ""policy.num_layers"": 1, ""version"": ""connect4-flex-v1""}",0.7862
Flex,quiet-tiger-54,73,11702272,0.819121,131.70507073402405,131.51,88983.89476085469,160976,final,1161,"{""observation"": [1, 36, 44], ""policy.cnn_channels_1"": 16, ""policy.cnn_depth"": 1, ""policy.cnn_global_pool"": 0, ""policy.cnn_kernel_1"": 8, ""policy.cnn_pool_1"": 0, ""policy.cnn_projection"": 64, ""policy.cnn_residual_1"": 0, ""policy.cnn_stride_1"": 4, ""policy.hidden_size"": 128, ""policy.num_layers"": 1, ""version"": ""connect4-flex-v1""}",0.7913
Flex,happy-comet-55,73,9093120,0.419325,104.7291932106018,104.53,86990.52903472687,160976,final,1066,"{""observation"": [1, 36, 44], ""policy.cnn_channels_1"": 16, ""policy.cnn_depth"": 1, ""policy.cnn_global_pool"": 0, ""policy.cnn_kernel_1"": 8, ""policy.cnn_pool_1"": 0, ""policy.cnn_projection"": 64, ""policy.cnn_residual_1"": 0, ""policy.cnn_stride_1"": 4, ""policy.hidden_size"": 128, ""policy.num_layers"": 1, ""version"": ""connect4-flex-v1""}",0.4244
Flex,lucky-robin-56,73,11507712,0.642384,125.5225203037262,125.33,91819.29306630496,160736,final,1057,"{""observation"": [1, 36, 44], ""policy.cnn_channels_1"": 16, ""policy.cnn_depth"": 1, ""policy.cnn_global_pool"": 0, ""policy.cnn_kernel_1"": 7, ""policy.cnn_pool_1"": 0, ""policy.cnn_projection"": 64, ""policy.cnn_residual_1"": 0, ""policy.cnn_stride_1"": 4, ""policy.hidden_size"": 128, ""policy.num_layers"": 1, ""version"": ""connect4-flex-v1""}",0.6389
Flex,golden-panda-57,73,10909696,0.740876,123.24182868003845,123.01,88689.50491829932,160976,final,1096,"{""observation"": [1, 36, 44], ""policy.cnn_channels_1"": 16, ""policy.cnn_depth"": 1, ""policy.cnn_global_pool"": 0, ""policy.cnn_kernel_1"": 8, ""policy.cnn_pool_1"": 0, ""policy.cnn_projection"": 64, ""policy.cnn_residual_1"": 0, ""policy.cnn_stride_1"": 4, ""policy.hidden_size"": 128, ""policy.num_layers"": 1, ""version"": ""connect4-flex-v1""}",0.7284
Flex,quiet-cat-58,73,13277184,0.892986,147.05839562416077,146.86,90407.08157428843,160976,final,1112,"{""observation"": [1, 36, 44], ""policy.cnn_channels_1"": 16, ""policy.cnn_depth"": 1, ""policy.cnn_global_pool"": 0, ""policy.cnn_kernel_1"": 8, ""policy.cnn_pool_1"": 0, ""policy.cnn_projection"": 64, ""policy.cnn_residual_1"": 0, ""policy.cnn_stride_1"": 4, ""policy.hidden_size"": 128, ""policy.num_layers"": 1, ""version"": ""connect4-flex-v1""}",0.8851
Flex,mystic-robin-59,73,12732416,0.718929,136.23483681678772,136.03,93600.0588105565,109648,final,1046,"{""observation"": [1, 36, 44], ""policy.cnn_channels_1"": 8, ""policy.cnn_depth"": 1, ""policy.cnn_global_pool"": 0, ""policy.cnn_kernel_1"": 7, ""policy.cnn_pool_1"": 0, ""policy.cnn_projection"": 64, ""policy.cnn_residual_1"": 0, ""policy.cnn_stride_1"": 4, ""policy.hidden_size"": 128, ""policy.num_layers"": 1, ""version"": ""connect4-flex-v1""}",0.7111
Flex,calm-otter-61,73,13119488,0.85045,145.97483587265015,145.77,90001.28970295671,160976,final,1110,"{""observation"": [1, 36, 44], ""policy.cnn_channels_1"": 16, ""policy.cnn_depth"": 1, ""policy.cnn_global_pool"": 0, ""policy.cnn_kernel_1"": 8, ""policy.cnn_pool_1"": 0, ""policy.cnn_projection"": 64, ""policy.cnn_residual_1"": 0, ""policy.cnn_stride_1"": 4, ""policy.hidden_size"": 128, ""policy.num_layers"": 1, ""version"": ""connect4-flex-v1""}",0.8285
Flex,cosmic-tree-62,73,9299968,0.485989,107.38493514060974,107.19,86761.52626177816,160976,final,1142,"{""observation"": [1, 36, 44], ""policy.cnn_channels_1"": 16, ""policy.cnn_depth"": 1, ""policy.cnn_global_pool"": 0, ""policy.cnn_kernel_1"": 8, ""policy.cnn_pool_1"": 0, ""policy.cnn_projection"": 64, ""policy.cnn_residual_1"": 0, ""policy.cnn_stride_1"": 4, ""policy.hidden_size"": 128, ""policy.num_layers"": 1, ""version"": ""connect4-flex-v1""}",0.5135
Flex,lucky-fox-63,73,13277184,0.892986,146.43231892585754,146.23,90796.58072898859,160976,final,1112,"{""observation"": [1, 36, 44], ""policy.cnn_channels_1"": 16, ""policy.cnn_depth"": 1, ""policy.cnn_global_pool"": 0, ""policy.cnn_kernel_1"": 8, ""policy.cnn_pool_1"": 0, ""policy.cnn_projection"": 64, ""policy.cnn_residual_1"": 0, ""policy.cnn_stride_1"": 4, ""policy.hidden_size"": 128, ""policy.num_layers"": 1, ""version"": ""connect4-flex-v1""}",0.8861
Flex,cosmic-fox-64,73,11448320,0.655525,128.7145392894745,128.46,89119.72598474233,160976,final,1077,"{""observation"": [1, 36, 44], ""policy.cnn_channels_1"": 16, ""policy.cnn_depth"": 1, ""policy.cnn_global_pool"": 0, ""policy.cnn_kernel_1"": 8, ""policy.cnn_pool_1"": 0, ""policy.cnn_projection"": 64, ""policy.cnn_residual_1"": 0, ""policy.cnn_stride_1"": 4, ""policy.hidden_size"": 128, ""policy.num_layers"": 1, ""version"": ""connect4-flex-v1""}",0.6623
Flex,lucky-badger-65,73,13236224,0.84392,147.81594324111938,147.6,89676.31436314364,160976,final,1102,"{""observation"": [1, 36, 44], ""policy.cnn_channels_1"": 16, ""policy.cnn_depth"": 1, ""policy.cnn_global_pool"": 0, ""policy.cnn_kernel_1"": 8, ""policy.cnn_pool_1"": 0, ""policy.cnn_projection"": 64, ""policy.cnn_residual_1"": 0, ""policy.cnn_stride_1"": 4, ""policy.hidden_size"": 128, ""policy.num_layers"": 1, ""version"": ""connect4-flex-v1""}",0.8478
Flex,brave-robin-66,73,12652544,0.834061,137.8142454624176,137.6,91951.62790697675,160976,final,1145,"{""observation"": [1, 36, 44], ""policy.cnn_channels_1"": 16, ""policy.cnn_depth"": 1, ""policy.cnn_global_pool"": 0, ""policy.cnn_kernel_1"": 8, ""policy.cnn_pool_1"": 0, ""policy.cnn_projection"": 64, ""policy.cnn_residual_1"": 0, ""policy.cnn_stride_1"": 4, ""policy.hidden_size"": 128, ""policy.num_layers"": 1, ""version"": ""connect4-flex-v1""}",0.8237
Flex,mystic-comet-67,73,7933952,0.440633,88.39209008216858,88.18,89974.5066908596,160352,final,1137,"{""observation"": [1, 36, 44], ""policy.cnn_channels_1"": 16, ""policy.cnn_depth"": 1, ""policy.cnn_global_pool"": 0, ""policy.cnn_kernel_1"": 5, ""policy.cnn_pool_1"": 0, ""policy.cnn_projection"": 64, ""policy.cnn_residual_1"": 0, ""policy.cnn_stride_1"": 4, ""policy.hidden_size"": 128, ""policy.num_layers"": 1, ""version"": ""connect4-flex-v1""}",0.4341
Flex,golden-falcon-68,73,13277184,0.728063,146.29247641563416,146.09,90883.59230611267,109768,final,1151,"{""observation"": [1, 36, 44], ""policy.cnn_channels_1"": 8, ""policy.cnn_depth"": 1, ""policy.cnn_global_pool"": 0, ""policy.cnn_kernel_1"": 8, ""policy.cnn_pool_1"": 0, ""policy.cnn_projection"": 64, ""policy.cnn_residual_1"": 0, ""policy.cnn_stride_1"": 4, ""policy.hidden_size"": 128, ""policy.num_layers"": 1, ""version"": ""connect4-flex-v1""}",0.7343
Flex,merry-badger-69,73,11530240,0.803396,128.8667016029358,128.66,89617.90766360951,160976,final,1119,"{""observation"": [1, 36, 44], ""policy.cnn_channels_1"": 16, ""policy.cnn_depth"": 1, ""policy.cnn_global_pool"": 0, ""policy.cnn_kernel_1"": 8, ""policy.cnn_pool_1"": 0, ""policy.cnn_projection"": 64, ""policy.cnn_residual_1"": 0, ""policy.cnn_stride_1"": 4, ""policy.hidden_size"": 128, ""policy.num_layers"": 1, ""version"": ""connect4-flex-v1""}",0.8175
Flex,calm-fox-70,73,10737664,0.649676,113.88277697563171,113.67,94463.48200932523,160528,final,1079,"{""observation"": [1, 36, 44], ""policy.cnn_channels_1"": 16, ""policy.cnn_depth"": 1, ""policy.cnn_global_pool"": 0, ""policy.cnn_kernel_1"": 6, ""policy.cnn_pool_1"": 0, ""policy.cnn_projection"": 64, ""policy.cnn_residual_1"": 0, ""policy.cnn_stride_1"": 4, ""policy.hidden_size"": 128, ""policy.num_layers"": 1, ""version"": ""connect4-flex-v1""}",0.674
Flex,quiet-maple-71,73,13277184,0.892986,147.00115728378296,146.77,90462.51958847175,160976,final,1112,"{""observation"": [1, 36, 44], ""policy.cnn_channels_1"": 16, ""policy.cnn_depth"": 1, ""policy.cnn_global_pool"": 0, ""policy.cnn_kernel_1"": 8, ""policy.cnn_pool_1"": 0, ""policy.cnn_projection"": 64, ""policy.cnn_residual_1"": 0, ""policy.cnn_stride_1"": 4, ""policy.hidden_size"": 128, ""policy.num_layers"": 1, ""version"": ""connect4-flex-v1""}",0.8859
Flex,golden-fox-72,73,12650496,0.785921,131.7244188785553,131.54,96172.23658202829,160528,final,1037,"{""observation"": [1, 36, 44], ""policy.cnn_channels_1"": 16, ""policy.cnn_depth"": 1, ""policy.cnn_global_pool"": 0, ""policy.cnn_kernel_1"": 6, ""policy.cnn_pool_1"": 0, ""policy.cnn_projection"": 64, ""policy.cnn_residual_1"": 0, ""policy.cnn_stride_1"": 4, ""policy.hidden_size"": 128, ""policy.num_layers"": 1, ""version"": ""connect4-flex-v1""}",0.8069
Flex,golden-river-73,73,11237376,0.708688,124.49060821533203,124.29,90412.55129133478,160976,final,1174,"{""observation"": [1, 36, 44], ""policy.cnn_channels_1"": 16, ""policy.cnn_depth"": 1, ""policy.cnn_global_pool"": 0, ""policy.cnn_kernel_1"": 8, ""policy.cnn_pool_1"": 0, ""policy.cnn_projection"": 64, ""policy.cnn_residual_1"": 0, ""policy.cnn_stride_1"": 4, ""policy.hidden_size"": 128, ""policy.num_layers"": 1, ""version"": ""connect4-flex-v1""}",0.7207
Flex,brave-otter-74,73,13277184,0.892986,146.4570004940033,146.26,90777.95706276495,160976,final,1112,"{""observation"": [1, 36, 44], ""policy.cnn_channels_1"": 16, ""policy.cnn_depth"": 1, ""policy.cnn_global_pool"": 0, ""policy.cnn_kernel_1"": 8, ""policy.cnn_pool_1"": 0, ""policy.cnn_projection"": 64, ""policy.cnn_residual_1"": 0, ""policy.cnn_stride_1"": 4, ""policy.hidden_size"": 128, ""policy.num_layers"": 1, ""version"": ""connect4-flex-v1""}",0.8851
Flex,bright-fox-75,73,10317824,0.63979,115.8871021270752,115.67,89200.51871703986,160976,final,1141,"{""observation"": [1, 36, 44], ""policy.cnn_channels_1"": 16, ""policy.cnn_depth"": 1, ""policy.cnn_global_pool"": 0, ""policy.cnn_kernel_1"": 8, ""policy.cnn_pool_1"": 0, ""policy.cnn_projection"": 64, ""policy.cnn_residual_1"": 0, ""policy.cnn_stride_1"": 4, ""policy.hidden_size"": 128, ""policy.num_layers"": 1, ""version"": ""connect4-flex-v1""}",0.6513
Flex,mystic-otter-76,73,12412928,0.652739,139.6114227771759,139.42,89032.62085783963,160976,final,1077,"{""observation"": [1, 36, 44], ""policy.cnn_channels_1"": 16, ""policy.cnn_depth"": 1, ""policy.cnn_global_pool"": 0, ""policy.cnn_kernel_1"": 8, ""policy.cnn_pool_1"": 0, ""policy.cnn_projection"": 64, ""policy.cnn_residual_1"": 0, ""policy.cnn_stride_1"": 4, ""policy.hidden_size"": 128, ""policy.num_layers"": 1, ""version"": ""connect4-flex-v1""}",0.6646
Flex,cosmic-bear-77,73,10366976,0.736645,110.56047868728638,110.37,93929.29238017577,160528,final,1067,"{""observation"": [1, 36, 44], ""policy.cnn_channels_1"": 16, ""policy.cnn_depth"": 1, ""policy.cnn_global_pool"": 0, ""policy.cnn_kernel_1"": 6, ""policy.cnn_pool_1"": 0, ""policy.cnn_projection"": 64, ""policy.cnn_residual_1"": 0, ""policy.cnn_stride_1"": 4, ""policy.hidden_size"": 128, ""policy.num_layers"": 1, ""version"": ""connect4-flex-v1""}",0.7523
Flex,brave-bear-78,73,12148736,0.772467,133.9437460899353,133.71,90858.84376636003,160736,final,1046,"{""observation"": [1, 36, 44], ""policy.cnn_channels_1"": 16, ""policy.cnn_depth"": 1, ""policy.cnn_global_pool"": 0, ""policy.cnn_kernel_1"": 7, ""policy.cnn_pool_1"": 0, ""policy.cnn_projection"": 64, ""policy.cnn_residual_1"": 0, ""policy.cnn_stride_1"": 4, ""policy.hidden_size"": 128, ""policy.num_layers"": 1, ""version"": ""connect4-flex-v1""}",0.771
Flex,wild-cat-79,73,11489280,0.712889,125.58094310760498,125.37,91642.97678870543,160528,final,1125,"{""observation"": [1, 36, 44], ""policy.cnn_channels_1"": 16, ""policy.cnn_depth"": 1, ""policy.cnn_global_pool"": 0, ""policy.cnn_kernel_1"": 6, ""policy.cnn_pool_1"": 0, ""policy.cnn_projection"": 64, ""policy.cnn_residual_1"": 0, ""policy.cnn_stride_1"": 4, ""policy.hidden_size"": 128, ""policy.num_layers"": 1, ""version"": ""connect4-flex-v1""}",0.7099
Flex,silver-robin-80,73,11126784,0.856282,123.09410119056702,122.9,90535.26444263628,160736,final,1162,"{""observation"": [1, 36, 44], ""policy.cnn_channels_1"": 16, ""policy.cnn_depth"": 1, ""policy.cnn_global_pool"": 0, ""policy.cnn_kernel_1"": 7, ""policy.cnn_pool_1"": 0, ""policy.cnn_projection"": 64, ""policy.cnn_residual_1"": 0, ""policy.cnn_stride_1"": 4, ""policy.hidden_size"": 128, ""policy.num_layers"": 1, ""version"": ""connect4-flex-v1""}",0.8494
Flex,merry-fox-81,73,8706048,0.453152,97.83604407310486,97.6,89201.31147540984,253648,final,1174,"{""observation"": [1, 36, 44], ""policy.cnn_channels_1"": 16, ""policy.cnn_depth"": 1, ""policy.cnn_global_pool"": 0, ""policy.cnn_kernel_1"": 6, ""policy.cnn_pool_1"": 0, ""policy.cnn_projection"": 128, ""policy.cnn_residual_1"": 0, ""policy.cnn_stride_1"": 4, ""policy.hidden_size"": 128, ""policy.num_layers"": 1, ""version"": ""connect4-flex-v1""}",0.4294
Flex,bright-river-82,73,13277184,0.892986,147.1004467010498,146.91,90376.3120277721,160976,final,1112,"{""observation"": [1, 36, 44], ""policy.cnn_channels_1"": 16, ""policy.cnn_depth"": 1, ""policy.cnn_global_pool"": 0, ""policy.cnn_kernel_1"": 8, ""policy.cnn_pool_1"": 0, ""policy.cnn_projection"": 64, ""policy.cnn_residual_1"": 0, ""policy.cnn_stride_1"": 4, ""policy.hidden_size"": 128, ""policy.num_layers"": 1, ""version"": ""connect4-flex-v1""}",0.8887
Flex,clever-fox-83,73,12531712,0.825024,138.35375785827637,138.16,90704.342790967,160736,final,1063,"{""observation"": [1, 36, 44], ""policy.cnn_channels_1"": 16, ""policy.cnn_depth"": 1, ""policy.cnn_global_pool"": 0, ""policy.cnn_kernel_1"": 7, ""policy.cnn_pool_1"": 0, ""policy.cnn_projection"": 64, ""policy.cnn_residual_1"": 0, ""policy.cnn_stride_1"": 4, ""policy.hidden_size"": 128, ""policy.num_layers"": 1, ""version"": ""connect4-flex-v1""}",0.8422
Flex,bright-owl-84,73,13277184,0.892986,146.21314120292664,146.01,90933.3881241011,160976,final,1112,"{""observation"": [1, 36, 44], ""policy.cnn_channels_1"": 16, ""policy.cnn_depth"": 1, ""policy.cnn_global_pool"": 0, ""policy.cnn_kernel_1"": 8, ""policy.cnn_pool_1"": 0, ""policy.cnn_projection"": 64, ""policy.cnn_residual_1"": 0, ""policy.cnn_stride_1"": 4, ""policy.hidden_size"": 128, ""policy.num_layers"": 1, ""version"": ""connect4-flex-v1""}",0.8859
Flex,brave-panda-85,73,11800576,0.639286,132.68854928016663,132.46,89087.84538728672,160736,final,1120,"{""observation"": [1, 36, 44], ""policy.cnn_channels_1"": 16, ""policy.cnn_depth"": 1, ""policy.cnn_global_pool"": 0, ""policy.cnn_kernel_1"": 7, ""policy.cnn_pool_1"": 0, ""policy.cnn_projection"": 64, ""policy.cnn_residual_1"": 0, ""policy.cnn_stride_1"": 4, ""policy.hidden_size"": 128, ""policy.num_layers"": 1, ""version"": ""connect4-flex-v1""}",0.6478
Flex,brave-bear-86,73,13277184,0.816288,146.35677933692932,146.16,90840.06568144499,160736,final,1056,"{""observation"": [1, 36, 44], ""policy.cnn_channels_1"": 16, ""policy.cnn_depth"": 1, ""policy.cnn_global_pool"": 0, ""policy.cnn_kernel_1"": 7, ""policy.cnn_pool_1"": 0, ""policy.cnn_projection"": 64, ""policy.cnn_residual_1"": 0, ""policy.cnn_stride_1"": 4, ""policy.hidden_size"": 128, ""policy.num_layers"": 1, ""version"": ""connect4-flex-v1""}",0.8085
Flex,cosmic-wolf-87,73,8167424,0.36055,89.6056272983551,89.4,91358.21029082773,253472,final,1090,"{""observation"": [1, 36, 44], ""policy.cnn_channels_1"": 16, ""policy.cnn_depth"": 1, ""policy.cnn_global_pool"": 0, ""policy.cnn_kernel_1"": 5, ""policy.cnn_pool_1"": 0, ""policy.cnn_projection"": 128, ""policy.cnn_residual_1"": 0, ""policy.cnn_stride_1"": 4, ""policy.hidden_size"": 128, ""policy.num_layers"": 1, ""version"": ""connect4-flex-v1""}",0.3595
Flex,brave-robin-88,73,10375168,0.619963,118.07675671577454,117.89,88007.1931461532,160976,final,1092,"{""observation"": [1, 36, 44], ""policy.cnn_channels_1"": 16, ""policy.cnn_depth"": 1, ""policy.cnn_global_pool"": 0, ""policy.cnn_kernel_1"": 8, ""policy.cnn_pool_1"": 0, ""policy.cnn_projection"": 64, ""policy.cnn_residual_1"": 0, ""policy.cnn_stride_1"": 4, ""policy.hidden_size"": 128, ""policy.num_layers"": 1, ""version"": ""connect4-flex-v1""}",0.6166
Flex,brave-tiger-89,73,10827776,0.730516,114.06984090805054,113.88,95080.57604495961,160528,final,1065,"{""observation"": [1, 36, 44], ""policy.cnn_channels_1"": 16, ""policy.cnn_depth"": 1, ""policy.cnn_global_pool"": 0, ""policy.cnn_kernel_1"": 6, ""policy.cnn_pool_1"": 0, ""policy.cnn_projection"": 64, ""policy.cnn_residual_1"": 0, ""policy.cnn_stride_1"": 4, ""policy.hidden_size"": 128, ""policy.num_layers"": 1, ""version"": ""connect4-flex-v1""}",0.7314
Flex,golden-robin-90,73,10692608,0.695076,115.97093558311462,115.76,92368.7629578438,160352,final,1056,"{""observation"": [1, 36, 44], ""policy.cnn_channels_1"": 16, ""policy.cnn_depth"": 1, ""policy.cnn_global_pool"": 0, ""policy.cnn_kernel_1"": 5, ""policy.cnn_pool_1"": 0, ""policy.cnn_projection"": 64, ""policy.cnn_residual_1"": 0, ""policy.cnn_stride_1"": 4, ""policy.hidden_size"": 128, ""policy.num_layers"": 1, ""version"": ""connect4-flex-v1""}",0.6956
Flex,calm-otter-91,73,12730368,0.882066,137.17614889144897,136.99,92929.17731221256,160528,final,1026,"{""observation"": [1, 36, 44], ""policy.cnn_channels_1"": 16, ""policy.cnn_depth"": 1, ""policy.cnn_global_pool"": 0, ""policy.cnn_kernel_1"": 6, ""policy.cnn_pool_1"": 0, ""policy.cnn_projection"": 64, ""policy.cnn_residual_1"": 0, ""policy.cnn_stride_1"": 4, ""policy.hidden_size"": 128, ""policy.num_layers"": 1, ""version"": ""connect4-flex-v1""}",0.8732
Flex,sunny-tiger-92,73,13277184,0.892986,146.8774561882019,146.63,90548.89176839664,160976,final,1112,"{""observation"": [1, 36, 44], ""policy.cnn_channels_1"": 16, ""policy.cnn_depth"": 1, ""policy.cnn_global_pool"": 0, ""policy.cnn_kernel_1"": 8, ""policy.cnn_pool_1"": 0, ""policy.cnn_projection"": 64, ""policy.cnn_residual_1"": 0, ""policy.cnn_stride_1"": 4, ""policy.hidden_size"": 128, ""policy.num_layers"": 1, ""version"": ""connect4-flex-v1""}",0.8821
Flex,clever-bear-93,73,11980800,0.766174,134.32865285873413,134.13,89322.29926191008,160976,final,1082,"{""observation"": [1, 36, 44], ""policy.cnn_channels_1"": 16, ""policy.cnn_depth"": 1, ""policy.cnn_global_pool"": 0, ""policy.cnn_kernel_1"": 8, ""policy.cnn_pool_1"": 0, ""policy.cnn_projection"": 64, ""policy.cnn_residual_1"": 0, ""policy.cnn_stride_1"": 4, ""policy.hidden_size"": 128, ""policy.num_layers"": 1, ""version"": ""connect4-flex-v1""}",0.7343
Flex,brave-otter-94,73,13277184,0.892986,147.03096461296082,146.83,90425.55336102976,160976,final,1112,"{""observation"": [1, 36, 44], ""policy.cnn_channels_1"": 16, ""policy.cnn_depth"": 1, ""policy.cnn_global_pool"": 0, ""policy.cnn_kernel_1"": 8, ""policy.cnn_pool_1"": 0, ""policy.cnn_projection"": 64, ""policy.cnn_residual_1"": 0, ""policy.cnn_stride_1"": 4, ""policy.hidden_size"": 128, ""policy.num_layers"": 1, ""version"": ""connect4-flex-v1""}",0.8851
Flex,brave-wolf-95,73,9748480,0.675347,107.2899158000946,107.08,91039.22301083303,160208,final,1152,"{""observation"": [1, 36, 44], ""policy.cnn_channels_1"": 16, ""policy.cnn_depth"": 1, ""policy.cnn_global_pool"": 0, ""policy.cnn_kernel_1"": 4, ""policy.cnn_pool_1"": 0, ""policy.cnn_projection"": 64, ""policy.cnn_residual_1"": 0, ""policy.cnn_stride_1"": 4, ""policy.hidden_size"": 128, ""policy.num_layers"": 1, ""version"": ""connect4-flex-v1""}",0.6549
Flex,gentle-otter-96,73,10448896,0.707973,111.03790616989136,110.84,94270.08300252617,160528,final,1041,"{""observation"": [1, 36, 44], ""policy.cnn_channels_1"": 16, ""policy.cnn_depth"": 1, ""policy.cnn_global_pool"": 0, ""policy.cnn_kernel_1"": 6, ""policy.cnn_pool_1"": 0, ""policy.cnn_projection"": 64, ""policy.cnn_residual_1"": 0, ""policy.cnn_stride_1"": 4, ""policy.hidden_size"": 128, ""policy.num_layers"": 1, ""version"": ""connect4-flex-v1""}",0.7082
Flex,lucky-maple-97,73,13277184,0.803311,142.26516962051392,142.08,93448.64864864864,160528,final,1027,"{""observation"": [1, 36, 44], ""policy.cnn_channels_1"": 16, ""policy.cnn_depth"": 1, ""policy.cnn_global_pool"": 0, ""policy.cnn_kernel_1"": 6, ""policy.cnn_pool_1"": 0, ""policy.cnn_projection"": 64, ""policy.cnn_residual_1"": 0, ""policy.cnn_stride_1"": 4, ""policy.hidden_size"": 128, ""policy.num_layers"": 1, ""version"": ""connect4-flex-v1""}",0.803
Flex,golden-tiger-98,73,11823104,0.701071,128.02030682563782,127.82,92498.07541855735,160352,final,1027,"{""observation"": [1, 36, 44], ""policy.cnn_channels_1"": 16, ""policy.cnn_depth"": 1, ""policy.cnn_global_pool"": 0, ""policy.cnn_kernel_1"": 5, ""policy.cnn_pool_1"": 0, ""policy.cnn_projection"": 64, ""policy.cnn_residual_1"": 0, ""policy.cnn_stride_1"": 4, ""policy.hidden_size"": 128, ""policy.num_layers"": 1, ""version"": ""connect4-flex-v1""}",0.7077
Flex,golden-maple-99,73,13277184,0.892986,147.0066089630127,146.77,90462.51958847175,160976,final,1112,"{""observation"": [1, 36, 44], ""policy.cnn_channels_1"": 16, ""policy.cnn_depth"": 1, ""policy.cnn_global_pool"": 0, ""policy.cnn_kernel_1"": 8, ""policy.cnn_pool_1"": 0, ""policy.cnn_projection"": 64, ""policy.cnn_residual_1"": 0, ""policy.cnn_stride_1"": 4, ""policy.hidden_size"": 128, ""policy.num_layers"": 1, ""version"": ""connect4-flex-v1""}",0.8868
Flex,quiet-owl-100,73,8654848,0.543315,99.47650170326233,99.27,87184.92998891912,262912,final,1062,"{""observation"": [1, 36, 44], ""policy.cnn_channels_1"": 32, ""policy.cnn_depth"": 1, ""policy.cnn_global_pool"": 0, ""policy.cnn_kernel_1"": 7, ""policy.cnn_pool_1"": 0, ""policy.cnn_projection"": 64, ""policy.cnn_residual_1"": 0, ""policy.cnn_stride_1"": 4, ""policy.hidden_size"": 128, ""policy.num_layers"": 1, ""version"": ""connect4-flex-v1""}",0.5424
Flex,sunny-river-101,73,10383360,0.752,114.26451849937439,114.06,91034.19253024724,160736,final,1125,"{""observation"": [1, 36, 44], ""policy.cnn_channels_1"": 16, ""policy.cnn_depth"": 1, ""policy.cnn_global_pool"": 0, ""policy.cnn_kernel_1"": 7, ""policy.cnn_pool_1"": 0, ""policy.cnn_projection"": 64, ""policy.cnn_residual_1"": 0, ""policy.cnn_stride_1"": 4, ""policy.hidden_size"": 128, ""policy.num_layers"": 1, ""version"": ""connect4-flex-v1""}",0.7471
Flex,gentle-bear-102,73,11413504,0.777046,127.5696370601654,127.37,89609.04451597708,160976,final,1063,"{""observation"": [1, 36, 44], ""policy.cnn_channels_1"": 16, ""policy.cnn_depth"": 1, ""policy.cnn_global_pool"": 0, ""policy.cnn_kernel_1"": 8, ""policy.cnn_pool_1"": 0, ""policy.cnn_projection"": 64, ""policy.cnn_residual_1"": 0, ""policy.cnn_stride_1"": 4, ""policy.hidden_size"": 128, ""policy.num_layers"": 1, ""version"": ""connect4-flex-v1""}",0.7747
Flex,merry-badger-103,73,11134976,0.788497,117.266672372818,117.06,95121.95455322057,253472,final,1078,"{""observation"": [1, 36, 44], ""policy.cnn_channels_1"": 16, ""policy.cnn_depth"": 1, ""policy.cnn_global_pool"": 0, ""policy.cnn_kernel_1"": 5, ""policy.cnn_pool_1"": 0, ""policy.cnn_projection"": 128, ""policy.cnn_residual_1"": 0, ""policy.cnn_stride_1"": 4, ""policy.hidden_size"": 128, ""policy.num_layers"": 1, ""version"": ""connect4-flex-v1""}",0.7979
Flex,happy-wolf-104,73,11481088,0.763006,120.2397518157959,120.03,95651.82037823877,160528,final,1038,"{""observation"": [1, 36, 44], ""policy.cnn_channels_1"": 16, ""policy.cnn_depth"": 1, ""policy.cnn_global_pool"": 0, ""policy.cnn_kernel_1"": 6, ""policy.cnn_pool_1"": 0, ""policy.cnn_projection"": 64, ""policy.cnn_residual_1"": 0, ""policy.cnn_stride_1"": 4, ""policy.hidden_size"": 128, ""policy.num_layers"": 1, ""version"": ""connect4-flex-v1""}",0.7612
Flex,lucky-maple-105,73,10960896,0.672662,114.78277826309204,114.59,95653.16345230823,160528,final,1112,"{""observation"": [1, 36, 44], ""policy.cnn_channels_1"": 16, ""policy.cnn_depth"": 1, ""policy.cnn_global_pool"": 0, ""policy.cnn_kernel_1"": 6, ""policy.cnn_pool_1"": 0, ""policy.cnn_projection"": 64, ""policy.cnn_residual_1"": 0, ""policy.cnn_stride_1"": 4, ""policy.hidden_size"": 128, ""policy.num_layers"": 1, ""version"": ""connect4-flex-v1""}",0.7
Flex,lucky-owl-106,73,8896512,0.597507,98.82066106796265,98.61,90219.16641314268,253648,final,1123,"{""observation"": [1, 36, 44], ""policy.cnn_channels_1"": 16, ""policy.cnn_depth"": 1, ""policy.cnn_global_pool"": 0, ""policy.cnn_kernel_1"": 6, ""policy.cnn_pool_1"": 0, ""policy.cnn_projection"": 128, ""policy.cnn_residual_1"": 0, ""policy.cnn_stride_1"": 4, ""policy.hidden_size"": 128, ""policy.num_layers"": 1, ""version"": ""connect4-flex-v1""}",0.5801
Flex,swift-fox-107,73,13277184,0.892986,146.19195532798767,145.99,90945.8456058634,160976,final,1112,"{""observation"": [1, 36, 44], ""policy.cnn_channels_1"": 16, ""policy.cnn_depth"": 1, ""policy.cnn_global_pool"": 0, ""policy.cnn_kernel_1"": 8, ""policy.cnn_pool_1"": 0, ""policy.cnn_projection"": 64, ""policy.cnn_residual_1"": 0, ""policy.cnn_stride_1"": 4, ""policy.hidden_size"": 128, ""policy.num_layers"": 1, ""version"": ""connect4-flex-v1""}",0.8862
Flex,sunny-owl-108,73,10655744,0.808072,117.50901126861572,117.3,90841.80733162831,253648,final,1115,"{""observation"": [1, 36, 44], ""policy.cnn_channels_1"": 16, ""policy.cnn_depth"": 1, ""policy.cnn_global_pool"": 0, ""policy.cnn_kernel_1"": 6, ""policy.cnn_pool_1"": 0, ""policy.cnn_projection"": 128, ""policy.cnn_residual_1"": 0, ""policy.cnn_stride_1"": 4, ""policy.hidden_size"": 128, ""policy.num_layers"": 1, ""version"": ""connect4-flex-v1""}",0.811
Flex,silver-owl-109,73,12013568,0.878049,127.17214703559875,126.98,94609.92282249173,253472,final,1066,"{""observation"": [1, 36, 44], ""policy.cnn_channels_1"": 16, ""policy.cnn_depth"": 1, ""policy.cnn_global_pool"": 0, ""policy.cnn_kernel_1"": 5, ""policy.cnn_pool_1"": 0, ""policy.cnn_projection"": 128, ""policy.cnn_residual_1"": 0, ""policy.cnn_stride_1"": 4, ""policy.hidden_size"": 128, ""policy.num_layers"": 1, ""version"": ""connect4-flex-v1""}",0.8669
Flex,gentle-tree-110,73,10854400,0.829428,115.6741669178009,115.45,94018.18969250757,253472,final,1067,"{""observation"": [1, 36, 44], ""policy.cnn_channels_1"": 16, ""policy.cnn_depth"": 1, ""policy.cnn_global_pool"": 0, ""policy.cnn_kernel_1"": 5, ""policy.cnn_pool_1"": 0, ""policy.cnn_projection"": 128, ""policy.cnn_residual_1"": 0, ""policy.cnn_stride_1"": 4, ""policy.hidden_size"": 128, ""policy.num_layers"": 1, ""version"": ""connect4-flex-v1""}",0.8359
Flex,swift-fox-111,73,12513280,0.804995,137.50339365005493,137.3,91138.23743627094,160736,final,1041,"{""observation"": [1, 36, 44], ""policy.cnn_channels_1"": 16, ""policy.cnn_depth"": 1, ""policy.cnn_global_pool"": 0, ""policy.cnn_kernel_1"": 7, ""policy.cnn_pool_1"": 0, ""policy.cnn_projection"": 64, ""policy.cnn_residual_1"": 0, ""policy.cnn_stride_1"": 4, ""policy.hidden_size"": 128, ""policy.num_layers"": 1, ""version"": ""connect4-flex-v1""}",0.7676
Flex,golden-falcon-112,73,13277184,0.816288,146.1456983089447,145.95,90970.7708119219,160736,final,1056,"{""observation"": [1, 36, 44], ""policy.cnn_channels_1"": 16, ""policy.cnn_depth"": 1, ""policy.cnn_global_pool"": 0, ""policy.cnn_kernel_1"": 7, ""policy.cnn_pool_1"": 0, ""policy.cnn_projection"": 64, ""policy.cnn_residual_1"": 0, ""policy.cnn_stride_1"": 4, ""policy.hidden_size"": 128, ""policy.num_layers"": 1, ""version"": ""connect4-flex-v1""}",0.8125
Flex,bright-robin-113,73,11939840,0.759405,127.69182991981506,127.48,93660.49576404142,160528,final,1143,"{""observation"": [1, 36, 44], ""policy.cnn_channels_1"": 16, ""policy.cnn_depth"": 1, ""policy.cnn_global_pool"": 0, ""policy.cnn_kernel_1"": 6, ""policy.cnn_pool_1"": 0, ""policy.cnn_projection"": 64, ""policy.cnn_residual_1"": 0, ""policy.cnn_stride_1"": 4, ""policy.hidden_size"": 128, ""policy.num_layers"": 1, ""version"": ""connect4-flex-v1""}",0.7884
Flex,swift-robin-114,73,10651648,0.765049,115.96786427497864,115.78,91999.03264812575,253328,final,1030,"{""observation"": [1, 36, 44], ""policy.cnn_channels_1"": 16, ""policy.cnn_depth"": 1, ""policy.cnn_global_pool"": 0, ""policy.cnn_kernel_1"": 4, ""policy.cnn_pool_1"": 0, ""policy.cnn_projection"": 128, ""policy.cnn_residual_1"": 0, ""policy.cnn_stride_1"": 4, ""policy.hidden_size"": 128, ""policy.num_layers"": 1, ""version"": ""connect4-flex-v1""}",0.7569
Flex,swift-cedar-115,73,12326912,0.77704,128.27100658416748,128.06,96258.87865063251,160528,final,1054,"{""observation"": [1, 36, 44], ""policy.cnn_channels_1"": 16, ""policy.cnn_depth"": 1, ""policy.cnn_global_pool"": 0, ""policy.cnn_kernel_1"": 6, ""policy.cnn_pool_1"": 0, ""policy.cnn_projection"": 64, ""policy.cnn_residual_1"": 0, ""policy.cnn_stride_1"": 4, ""policy.hidden_size"": 128, ""policy.num_layers"": 1, ""version"": ""connect4-flex-v1""}",0.7599
Flex,lucky-cedar-117,73,13277184,0.892986,146.84223198890686,146.63,90548.89176839664,160976,final,1112,"{""observation"": [1, 36, 44], ""policy.cnn_channels_1"": 16, ""policy.cnn_depth"": 1, ""policy.cnn_global_pool"": 0, ""policy.cnn_kernel_1"": 8, ""policy.cnn_pool_1"": 0, ""policy.cnn_projection"": 64, ""policy.cnn_residual_1"": 0, ""policy.cnn_stride_1"": 4, ""policy.hidden_size"": 128, ""policy.num_layers"": 1, ""version"": ""connect4-flex-v1""}",0.8859
Flex,swift-otter-118,73,10719232,0.805451,116.9290657043457,116.72,91837.14873200822,253648,final,1064,"{""observation"": [1, 36, 44], ""policy.cnn_channels_1"": 16, ""policy.cnn_depth"": 1, ""policy.cnn_global_pool"": 0, ""policy.cnn_kernel_1"": 6, ""policy.cnn_pool_1"": 0, ""policy.cnn_projection"": 128, ""policy.cnn_residual_1"": 0, ""policy.cnn_stride_1"": 4, ""policy.hidden_size"": 128, ""policy.num_layers"": 1, ""version"": ""connect4-flex-v1""}",0.788
Flex,cosmic-cedar-119,73,10164224,0.727955,115.95427179336548,115.73,87827.04570984187,456992,final,1066,"{""observation"": [1, 36, 44], ""policy.cnn_channels_1"": 32, ""policy.cnn_depth"": 1, ""policy.cnn_global_pool"": 0, ""policy.cnn_kernel_1"": 6, ""policy.cnn_pool_1"": 0, ""policy.cnn_projection"": 128, ""policy.cnn_residual_1"": 0, ""policy.cnn_stride_1"": 4, ""policy.hidden_size"": 128, ""policy.num_layers"": 1, ""version"": ""connect4-flex-v1""}",0.7039
Flex,mystic-panda-120,73,10174464,0.741395,112.59723091125488,112.4,90520.14234875444,456352,final,1133,"{""observation"": [1, 36, 44], ""policy.cnn_channels_1"": 32, ""policy.cnn_depth"": 1, ""policy.cnn_global_pool"": 0, ""policy.cnn_kernel_1"": 4, ""policy.cnn_pool_1"": 0, ""policy.cnn_projection"": 128, ""policy.cnn_residual_1"": 0, ""policy.cnn_stride_1"": 4, ""policy.hidden_size"": 128, ""policy.num_layers"": 1, ""version"": ""connect4-flex-v1""}",0.7253
Flex,cosmic-wolf-121,73,13277184,0.898113,142.64846682548523,142.42,93225.55820811684,253648,final,1060,"{""observation"": [1, 36, 44], ""policy.cnn_channels_1"": 16, ""policy.cnn_depth"": 1, ""policy.cnn_global_pool"": 0, ""policy.cnn_kernel_1"": 6, ""policy.cnn_pool_1"": 0, ""policy.cnn_projection"": 128, ""policy.cnn_residual_1"": 0, ""policy.cnn_stride_1"": 4, ""policy.hidden_size"": 128, ""policy.num_layers"": 1, ""version"": ""connect4-flex-v1""}",0.8806
Flex,mystic-fox-122,73,8708096,0.65158,100.96033954620361,100.74,86441.29442128251,261632,final,1171,"{""observation"": [1, 36, 44], ""policy.cnn_channels_1"": 32, ""policy.cnn_depth"": 1, ""policy.cnn_global_pool"": 0, ""policy.cnn_kernel_1"": 3, ""policy.cnn_pool_1"": 0, ""policy.cnn_projection"": 64, ""policy.cnn_residual_1"": 0, ""policy.cnn_stride_1"": 4, ""policy.hidden_size"": 128, ""policy.num_layers"": 1, ""version"": ""connect4-flex-v1""}",0.6275
Flex,wild-otter-123,73,13277184,0.408163,146.68560481071472,146.49,90635.42903952488,106160,final,1078,"{""observation"": [1, 36, 44], ""policy.cnn_channels_1"": 16, ""policy.cnn_depth"": 1, ""policy.cnn_global_pool"": 0, ""policy.cnn_kernel_1"": 8, ""policy.cnn_pool_1"": 0, ""policy.cnn_projection"": 32, ""policy.cnn_residual_1"": 0, ""policy.cnn_stride_1"": 4, ""policy.hidden_size"": 128, ""policy.num_layers"": 1, ""version"": ""connect4-flex-v1""}",0.4438
Flex,swift-tree-124,73,9476096,0.576097,108.52353286743164,108.32,87482.42245199409,262912,final,1071,"{""observation"": [1, 36, 44], ""policy.cnn_channels_1"": 32, ""policy.cnn_depth"": 1, ""policy.cnn_global_pool"": 0, ""policy.cnn_kernel_1"": 7, ""policy.cnn_pool_1"": 0, ""policy.cnn_projection"": 64, ""policy.cnn_residual_1"": 0, ""policy.cnn_stride_1"": 4, ""policy.hidden_size"": 128, ""policy.num_layers"": 1, ""version"": ""connect4-flex-v1""}",0.5647
Flex,cosmic-wolf-125,73,13277184,0.898113,142.5387692451477,142.34,93277.95419418294,253648,final,1060,"{""observation"": [1, 36, 44], ""policy.cnn_channels_1"": 16, ""policy.cnn_depth"": 1, ""policy.cnn_global_pool"": 0, ""policy.cnn_kernel_1"": 6, ""policy.cnn_pool_1"": 0, ""policy.cnn_projection"": 128, ""policy.cnn_residual_1"": 0, ""policy.cnn_stride_1"": 4, ""policy.hidden_size"": 128, ""policy.num_layers"": 1, ""version"": ""connect4-flex-v1""}",0.878
Flex,wild-cat-126,73,12568576,0.00095,139.27396082878113,139.07,90375.89703027254,52768,final,1053,"{""observation"": [1, 36, 44], ""policy.cnn_channels_1"": 16, ""policy.cnn_depth"": 1, ""policy.cnn_global_pool"": 1, ""policy.cnn_kernel_1"": 5, ""policy.cnn_pool_1"": 0, ""policy.cnn_projection"": 128, ""policy.cnn_residual_1"": 0, ""policy.cnn_stride_1"": 4, ""policy.hidden_size"": 128, ""policy.num_layers"": 1, ""version"": ""connect4-flex-v1""}",0.0
Flex,cosmic-cedar-127,73,7942144,0.193576,90.96074318885803,90.75,87516.73829201102,262496,final,1152,"{""observation"": [1, 36, 44], ""policy.cnn_channels_1"": 32, ""policy.cnn_depth"": 1, ""policy.cnn_global_pool"": 0, ""policy.cnn_kernel_1"": 6, ""policy.cnn_pool_1"": 0, ""policy.cnn_projection"": 64, ""policy.cnn_residual_1"": 0, ""policy.cnn_stride_1"": 4, ""policy.hidden_size"": 128, ""policy.num_layers"": 1, ""version"": ""connect4-flex-v1""}",0.1761
Flex,lucky-maple-128,73,11988992,0.783525,125.50682854652405,125.3,95682.29848363927,160528,final,1044,"{""observation"": [1, 36, 44], ""policy.cnn_channels_1"": 16, ""policy.cnn_depth"": 1, ""policy.cnn_global_pool"": 0, ""policy.cnn_kernel_1"": 6, ""policy.cnn_pool_1"": 0, ""policy.cnn_projection"": 64, ""policy.cnn_residual_1"": 0, ""policy.cnn_stride_1"": 4, ""policy.hidden_size"": 128, ""policy.num_layers"": 1, ""version"": ""connect4-flex-v1""}",0.7798
Nature,Nature seed 73,73,3319808,0.137184,43.06877541542053,,81899.7773657365,138528,reference checkpoint,1108,{},
Nature,Nature seed 73,73,6639616,0.753388,83.76909875869751,,81899.7773657365,138528,reference checkpoint,1107,{},
Nature,Nature seed 73,73,9959424,0.769371,123.08542084693909,,81899.7773657365,138528,reference checkpoint,1097,{},
Nature,Nature seed 73,73,13279232,0.770985,162.45772981643677,162.14002561569214,81899.7773657365,138528,reference checkpoint,1096,{},
Nature,Nature seed 74,74,3319808,0.044444,42.93074107170105,,81076.4527343899,138528,reference checkpoint,1035,{},
Nature,Nature seed 74,74,6639616,0.693117,84.0790786743164,,81076.4527343899,138528,reference checkpoint,1046,{},
Nature,Nature seed 74,74,9959424,0.8861,124.09940814971924,,81076.4527343899,138528,reference checkpoint,1036,{},
Nature,Nature seed 74,74,13279232,0.883317,164.01972341537476,163.78654408454895,81076.4527343899,138528,reference checkpoint,1037,{},
Nature,Nature seed 75,75,3319808,0.153233,43.05237793922424,,80067.5962452013,138528,reference checkpoint,1129,{},
Nature,Nature seed 75,75,6639616,0.48791,84.72072386741638,,80067.5962452013,138528,reference checkpoint,1158,{},
Nature,Nature seed 75,75,9959424,0.648099,125.54106020927429,,80067.5962452013,138528,reference checkpoint,1131,{},
Nature,Nature seed 75,75,13279232,0.706849,166.07737803459167,165.8502643108368,80067.5962452013,138528,reference checkpoint,1095,{},
IMPALA,IMPALA seed 73,73,3319808,0.829902,307.92807817459106,,10824.225231427836,270496,reference checkpoint,1117,{},
IMPALA,IMPALA seed 73,73,6639616,0.976722,613.9665832519531,,10824.225231427836,270496,reference checkpoint,1031,{},
IMPALA,IMPALA seed 73,73,9959424,0.986289,920.5610918998718,,10824.225231427836,270496,reference checkpoint,1094,{},
IMPALA,IMPALA seed 73,73,13279232,0.989908,1227.1115837097168,1226.806696653366,10824.225231427836,270496,reference checkpoint,1090,{},
Impoola,Impoola seed 73,73,3319808,0.402946,308.8621790409088,,10851.26994331464,151712,reference checkpoint,1154,{},
Impoola,Impoola seed 73,73,6639616,0.587807,614.1046938896179,,10851.26994331464,151712,reference checkpoint,1099,{},
Impoola,Impoola seed 73,73,9959424,0.621719,919.0551979541779,,10851.26994331464,151712,reference checkpoint,1105,{},
Impoola,Impoola seed 73,73,13279232,0.617486,1224.0536894798279,1223.7491159439087,10851.26994331464,151712,reference checkpoint,1098,{},
Impoola,Impoola seed 74,74,3319808,0.702555,308.80434823036194,,10812.370913786692,151712,reference checkpoint,1096,{},
Impoola,Impoola seed 74,74,6639616,0.724557,615.5438764095306,,10812.370913786692,151712,reference checkpoint,1071,{},
Impoola,Impoola seed 74,74,9959424,0.726246,921.9593715667725,,10812.370913786692,151712,reference checkpoint,1063,{},
Impoola,Impoola seed 74,74,13279232,0.735902,1228.4469065666199,1228.1517260074615,10812.370913786692,151712,reference checkpoint,1064,{},
IMPALA,IMPALA seed 74,74,3319808,0.869413,309.0587434768677,,10777.522134959676,270496,reference checkpoint,1141,{},
IMPALA,IMPALA seed 74,74,6639616,0.985,616.8822662830353,,10777.522134959676,270496,reference checkpoint,1200,{},
IMPALA,IMPALA seed 74,74,9959424,0.988411,924.557816028595,,10777.522134959676,270496,reference checkpoint,1208,{},
IMPALA,IMPALA seed 74,74,13279232,0.990058,1232.3933491706848,1232.1229159832,10777.522134959676,270496,reference checkpoint,1207,{},
IMPALA,IMPALA seed 75,75,3319808,0.84692,308.71728563308716,,10807.652079148134,270496,reference checkpoint,1104,{},
IMPALA,IMPALA seed 75,75,6639616,0.993981,615.123797416687,,10807.652079148134,270496,reference checkpoint,1163,{},
IMPALA,IMPALA seed 75,75,9959424,0.994854,922.00732588768,,10807.652079148134,270496,reference checkpoint,1166,{},
IMPALA,IMPALA seed 75,75,13279232,0.995723,1228.9828577041626,1228.6879613399506,10807.652079148134,270496,reference checkpoint,1169,{},
Impoola,Impoola seed 75,75,3319808,0.716241,307.80814385414124,,10846.382573429839,151712,reference checkpoint,1096,{},
Impoola,Impoola seed 75,75,6639616,0.740707,613.647218465805,,10846.382573429839,151712,reference checkpoint,1103,{},
Impoola,Impoola seed 75,75,9959424,0.728452,919.2822697162628,,10846.382573429839,151712,reference checkpoint,1079,{},
Impoola,Impoola seed 75,75,13279232,0.731413,1224.581300497055,1224.3005361557007,10846.382573429839,151712,reference checkpoint,1076,{},
