variant,seed,eval_seed,steps,win_rate,score,games,params,checkpoint_wall_s,train_process_wall_s,eval_wall_s,process_sps,native_uptime_s,native_avg_sps,native_last_sps,vram_last_gb,checkpoint
nature_cnn,73,10073,3319808,0.137184,-0.6787,1108,138528,43.06877541542053,162.55211340400274,0.5653277380042709,81692.15226993787,162.14002561569214,81899.7773657365,82192.54850107369,1.55230712890625,nature_cnn-s73/checkpoints/connect4cnn/trial/0000000003319808.bin
nature_cnn,73,10073,6639616,0.753388,0.506775,1107,138528,83.76909875869751,162.55211340400274,0.5154021790076513,81692.15226993787,162.14002561569214,81899.7773657365,82192.54850107369,1.55230712890625,nature_cnn-s73/checkpoints/connect4cnn/trial/0000000006639616.bin
nature_cnn,73,10073,9959424,0.769371,0.538742,1097,138528,123.08542084693909,162.55211340400274,0.5149290490080602,81692.15226993787,162.14002561569214,81899.7773657365,82192.54850107369,1.55230712890625,nature_cnn-s73/checkpoints/connect4cnn/trial/0000000009959424.bin
nature_cnn,73,10073,13279232,0.770985,0.541971,1096,138528,162.45772981643677,162.55211340400274,0.565321975009283,81692.15226993787,162.14002561569214,81899.7773657365,82192.54850107369,1.55230712890625,nature_cnn-s73/checkpoints/connect4cnn/trial/0000000013279232.bin
nature_cnn,74,10074,3319808,0.044444,-0.877295,1035,138528,42.93074107170105,164.11660413301433,0.5157890809932724,80913.39733813501,163.78654408454895,81076.4527343899,83865.44903713698,1.55230712890625,nature_cnn-s74/checkpoints/connect4cnn/trial/0000000003319808.bin
nature_cnn,74,10074,6639616,0.693117,0.404398,1046,138528,84.0790786743164,164.11660413301433,0.515919040015433,80913.39733813501,163.78654408454895,81076.4527343899,83865.44903713698,1.55230712890625,nature_cnn-s74/checkpoints/connect4cnn/trial/0000000006639616.bin
nature_cnn,74,10074,9959424,0.8861,0.773166,1036,138528,124.09940814971924,164.11660413301433,0.5153278220095672,80913.39733813501,163.78654408454895,81076.4527343899,83865.44903713698,1.55230712890625,nature_cnn-s74/checkpoints/connect4cnn/trial/0000000009959424.bin
nature_cnn,74,10074,13279232,0.883317,0.768563,1037,138528,164.01972341537476,164.11660413301433,0.5159253059828188,80913.39733813501,163.78654408454895,81076.4527343899,83865.44903713698,1.55230712890625,nature_cnn-s74/checkpoints/connect4cnn/trial/0000000013279232.bin
nature_cnn,75,10075,3319808,0.153233,-0.648361,1129,138528,43.05237793922424,166.1677619619877,0.5653459759778343,79914.6106513593,165.8502643108368,80067.5962452013,81721.64464397273,1.55230712890625,nature_cnn-s75/checkpoints/connect4cnn/trial/0000000003319808.bin
nature_cnn,75,10075,6639616,0.48791,0.018998,1158,138528,84.72072386741638,166.1677619619877,0.5658782800019253,79914.6106513593,165.8502643108368,80067.5962452013,81721.64464397273,1.55230712890625,nature_cnn-s75/checkpoints/connect4cnn/trial/0000000006639616.bin
nature_cnn,75,10075,9959424,0.648099,0.328028,1131,138528,125.54106020927429,166.1677619619877,0.5661035619850736,79914.6106513593,165.8502643108368,80067.5962452013,81721.64464397273,1.55230712890625,nature_cnn-s75/checkpoints/connect4cnn/trial/0000000009959424.bin
nature_cnn,75,10075,13279232,0.706849,0.445662,1095,138528,166.07737803459167,166.1677619619877,0.565515841008164,79914.6106513593,165.8502643108368,80067.5962452013,81721.64464397273,1.55230712890625,nature_cnn-s75/checkpoints/connect4cnn/trial/0000000013279232.bin
