candidate,equal_game_normalized_final_score,total_checkpoint_training_seconds
happy-cat-1,0.3114647702296551,590.555044163
mystic-tree-2,0.10366161616161616,792.955469133
swift-fox-3,0.1020988709146604,564.53481803
quiet-owl-4,0.31076094384924274,1720.33216577
quiet-owl-5,0.11726222120958962,902.558396635
quiet-owl-6,0.3114647702296551,597.685743124
quiet-owl-7,0.2446283801569807,763.713273053
quiet-owl-8,0.27002396205555385,763.12092215
quiet-owl-9,0.31600236644099317,1046.831524599
quiet-owl-10,0.2592391096309621,981.180135573
quiet-owl-11,0.22141289393373517,602.143736396
quiet-owl-12,0.2649624219740395,603.116174814
quality-reference,0.35391309916541164,631.884930176
nature-cnn,0.2985055231419429,664.976743635
