stage,environment,candidate,seed,decisions,parameters,process_wall_seconds,process_sps,native_metric_file
calibration,connect4cnn,quality-reference,63173,13312000,160736,76.92512684,173051.3883673955,/home/keith/Git/ml/cnn-5090-learning/build/learning-feedback/5090-20261008T173307Z/prepared/calibration/jobs/connect4cnn/quality-reference-s63173/metrics/connect4cnn/quality-reference.ini
calibration,connect4cnn,nature-cnn,63173,13312000,138528,78.961830356,168587.78399617574,/home/keith/Git/ml/cnn-5090-learning/build/learning-feedback/5090-20261008T173307Z/prepared/calibration/jobs/connect4cnn/nature-cnn-s63173/metrics/connect4cnn/nature-cnn.ini
calibration,pongcnn,nature-cnn,63173,8388608,138016,23.144464702,362445.53970069176,/home/keith/Git/ml/cnn-5090-learning/build/learning-feedback/5090-20261008T173307Z/prepared/calibration/jobs/pongcnn/nature-cnn-s63173/metrics/pongcnn/nature-cnn.ini
calibration,pongcnn,quality-reference,63173,8388608,160224,21.393504113,392110.05152272223,/home/keith/Git/ml/cnn-5090-learning/build/learning-feedback/5090-20261008T173307Z/prepared/calibration/jobs/pongcnn/quality-reference-s63173/metrics/pongcnn/quality-reference.ini
calibration,flappycnn,quality-reference,63173,19922944,160096,40.670457457,489862.7958897217,/home/keith/Git/ml/cnn-5090-learning/build/learning-feedback/5090-20261008T173307Z/prepared/calibration/jobs/flappycnn/quality-reference-s63173/metrics/flappycnn/quality-reference.ini
calibration,flappycnn,nature-cnn,63173,19922944,137888,43.621675053,456721.2051301051,/home/keith/Git/ml/cnn-5090-learning/build/learning-feedback/5090-20261008T173307Z/prepared/calibration/jobs/flappycnn/nature-cnn-s63173/metrics/flappycnn/nature-cnn.ini
calibration,breakoutcnn,nature-cnn,63173,16777216,138016,50.145728812,334569.1925806684,/home/keith/Git/ml/cnn-5090-learning/build/learning-feedback/5090-20261008T173307Z/prepared/calibration/jobs/breakoutcnn/nature-cnn-s63173/metrics/breakoutcnn/nature-cnn.ini
calibration,breakoutcnn,quality-reference,63173,16777216,160224,48.634603744,344964.5871139597,/home/keith/Git/ml/cnn-5090-learning/build/learning-feedback/5090-20261008T173307Z/prepared/calibration/jobs/breakoutcnn/quality-reference-s63173/metrics/breakoutcnn/quality-reference.ini
calibration,snakecnn,quality-reference,63173,8388608,160352,19.388352574,432662.2371850829,/home/keith/Git/ml/cnn-5090-learning/build/learning-feedback/5090-20261008T173307Z/prepared/calibration/jobs/snakecnn/quality-reference-s63173/metrics/snakecnn/quality-reference.ini
calibration,snakecnn,nature-cnn,63173,8388608,138144,19.290041607,434867.28390238044,/home/keith/Git/ml/cnn-5090-learning/build/learning-feedback/5090-20261008T173307Z/prepared/calibration/jobs/snakecnn/nature-cnn-s63173/metrics/snakecnn/nature-cnn.ini
calibration,mazecnn,nature-cnn,63173,33554432,138272,115.204995762,291258.4803988841,/home/keith/Git/ml/cnn-5090-learning/build/learning-feedback/5090-20261008T173307Z/prepared/calibration/jobs/mazecnn/nature-cnn-s63173/metrics/mazecnn/nature-cnn.ini
calibration,mazecnn,quality-reference,63173,33554432,160480,114.732840889,292457.08325537527,/home/keith/Git/ml/cnn-5090-learning/build/learning-feedback/5090-20261008T173307Z/prepared/calibration/jobs/mazecnn/quality-reference-s63173/metrics/mazecnn/quality-reference.ini
calibration,connect4cnn,nature-cnn,63174,13312000,138528,79.782441766,166853.75510370787,/home/keith/Git/ml/cnn-5090-learning/build/learning-feedback/5090-20261008T173307Z/prepared/calibration/jobs/connect4cnn/nature-cnn-s63174/metrics/connect4cnn/nature-cnn.ini
calibration,connect4cnn,quality-reference,63174,13312000,160736,77.189818857,172457.97693425723,/home/keith/Git/ml/cnn-5090-learning/build/learning-feedback/5090-20261008T173307Z/prepared/calibration/jobs/connect4cnn/quality-reference-s63174/metrics/connect4cnn/quality-reference.ini
calibration,pongcnn,quality-reference,63174,8388608,160224,21.696020497,386642.70257118944,/home/keith/Git/ml/cnn-5090-learning/build/learning-feedback/5090-20261008T173307Z/prepared/calibration/jobs/pongcnn/quality-reference-s63174/metrics/pongcnn/quality-reference.ini
calibration,pongcnn,nature-cnn,63174,8388608,138016,21.795252932,384882.34232344077,/home/keith/Git/ml/cnn-5090-learning/build/learning-feedback/5090-20261008T173307Z/prepared/calibration/jobs/pongcnn/nature-cnn-s63174/metrics/pongcnn/nature-cnn.ini
calibration,flappycnn,nature-cnn,63174,19922944,137888,43.781515599,455053.77617523714,/home/keith/Git/ml/cnn-5090-learning/build/learning-feedback/5090-20261008T173307Z/prepared/calibration/jobs/flappycnn/nature-cnn-s63174/metrics/flappycnn/nature-cnn.ini
calibration,flappycnn,quality-reference,63174,19922944,160096,41.972969669,474661.29171018605,/home/keith/Git/ml/cnn-5090-learning/build/learning-feedback/5090-20261008T173307Z/prepared/calibration/jobs/flappycnn/quality-reference-s63174/metrics/flappycnn/quality-reference.ini
calibration,breakoutcnn,quality-reference,63174,16777216,160224,45.629247881,367685.5696538015,/home/keith/Git/ml/cnn-5090-learning/build/learning-feedback/5090-20261008T173307Z/prepared/calibration/jobs/breakoutcnn/quality-reference-s63174/metrics/breakoutcnn/quality-reference.ini
calibration,breakoutcnn,nature-cnn,63174,16777216,138016,47.527709789,352998.6206884933,/home/keith/Git/ml/cnn-5090-learning/build/learning-feedback/5090-20261008T173307Z/prepared/calibration/jobs/breakoutcnn/nature-cnn-s63174/metrics/breakoutcnn/nature-cnn.ini
calibration,snakecnn,nature-cnn,63174,8388608,138144,19.139735091,438282.34613051364,/home/keith/Git/ml/cnn-5090-learning/build/learning-feedback/5090-20261008T173307Z/prepared/calibration/jobs/snakecnn/nature-cnn-s63174/metrics/snakecnn/nature-cnn.ini
calibration,snakecnn,quality-reference,63174,8388608,160352,18.841450396,445220.9263985794,/home/keith/Git/ml/cnn-5090-learning/build/learning-feedback/5090-20261008T173307Z/prepared/calibration/jobs/snakecnn/quality-reference-s63174/metrics/snakecnn/quality-reference.ini
calibration,mazecnn,quality-reference,63174,33554432,160480,114.189511209,293848.6349992832,/home/keith/Git/ml/cnn-5090-learning/build/learning-feedback/5090-20261008T173307Z/prepared/calibration/jobs/mazecnn/quality-reference-s63174/metrics/mazecnn/quality-reference.ini
calibration,mazecnn,nature-cnn,63174,33554432,138272,118.146168873,284007.78730344604,/home/keith/Git/ml/cnn-5090-learning/build/learning-feedback/5090-20261008T173307Z/prepared/calibration/jobs/mazecnn/nature-cnn-s63174/metrics/mazecnn/nature-cnn.ini
references,connect4cnn,quality-reference,64173,13312000,160736,75.736875106,175766.42793049963,/home/keith/Git/ml/cnn-5090-learning/build/learning-feedback/5090-20261008T173307Z/prepared/references/jobs/connect4cnn/quality-reference-s64173/metrics/connect4cnn/quality-reference.ini
references,connect4cnn,nature-cnn,64173,13312000,138528,78.439741896,169709.89039777603,/home/keith/Git/ml/cnn-5090-learning/build/learning-feedback/5090-20261008T173307Z/prepared/references/jobs/connect4cnn/nature-cnn-s64173/metrics/connect4cnn/nature-cnn.ini
references,pongcnn,nature-cnn,64173,8388608,138016,23.555439024,356121.91271209484,/home/keith/Git/ml/cnn-5090-learning/build/learning-feedback/5090-20261008T173307Z/prepared/references/jobs/pongcnn/nature-cnn-s64173/metrics/pongcnn/nature-cnn.ini
references,pongcnn,quality-reference,64173,8388608,160224,22.551166725,371981.1086625718,/home/keith/Git/ml/cnn-5090-learning/build/learning-feedback/5090-20261008T173307Z/prepared/references/jobs/pongcnn/quality-reference-s64173/metrics/pongcnn/quality-reference.ini
references,flappycnn,quality-reference,64173,19922944,160096,42.771987944,465794.20217934396,/home/keith/Git/ml/cnn-5090-learning/build/learning-feedback/5090-20261008T173307Z/prepared/references/jobs/flappycnn/quality-reference-s64173/metrics/flappycnn/quality-reference.ini
references,flappycnn,nature-cnn,64173,19922944,137888,42.428391215,469566.33116356545,/home/keith/Git/ml/cnn-5090-learning/build/learning-feedback/5090-20261008T173307Z/prepared/references/jobs/flappycnn/nature-cnn-s64173/metrics/flappycnn/nature-cnn.ini
references,breakoutcnn,nature-cnn,64173,16777216,138016,47.629249011,352246.0745943169,/home/keith/Git/ml/cnn-5090-learning/build/learning-feedback/5090-20261008T173307Z/prepared/references/jobs/breakoutcnn/nature-cnn-s64173/metrics/breakoutcnn/nature-cnn.ini
references,breakoutcnn,quality-reference,64173,16777216,160224,45.727196017,366897.9832868548,/home/keith/Git/ml/cnn-5090-learning/build/learning-feedback/5090-20261008T173307Z/prepared/references/jobs/breakoutcnn/quality-reference-s64173/metrics/breakoutcnn/quality-reference.ini
references,snakecnn,quality-reference,64173,8388608,160352,18.689459347,448841.6622574224,/home/keith/Git/ml/cnn-5090-learning/build/learning-feedback/5090-20261008T173307Z/prepared/references/jobs/snakecnn/quality-reference-s64173/metrics/snakecnn/quality-reference.ini
references,snakecnn,nature-cnn,64173,8388608,138144,19.740947248,424934.42156631406,/home/keith/Git/ml/cnn-5090-learning/build/learning-feedback/5090-20261008T173307Z/prepared/references/jobs/snakecnn/nature-cnn-s64173/metrics/snakecnn/nature-cnn.ini
references,mazecnn,nature-cnn,64173,33554432,138272,117.832366332,284764.1360732611,/home/keith/Git/ml/cnn-5090-learning/build/learning-feedback/5090-20261008T173307Z/prepared/references/jobs/mazecnn/nature-cnn-s64173/metrics/mazecnn/nature-cnn.ini
references,mazecnn,quality-reference,64173,33554432,160480,111.520772132,300880.5566758789,/home/keith/Git/ml/cnn-5090-learning/build/learning-feedback/5090-20261008T173307Z/prepared/references/jobs/mazecnn/quality-reference-s64173/metrics/mazecnn/quality-reference.ini
references,connect4cnn,nature-cnn,64174,13312000,138528,76.868775777,173178.24910622684,/home/keith/Git/ml/cnn-5090-learning/build/learning-feedback/5090-20261008T173307Z/prepared/references/jobs/connect4cnn/nature-cnn-s64174/metrics/connect4cnn/nature-cnn.ini
references,connect4cnn,quality-reference,64174,13312000,160736,74.676326176,178262.6527264581,/home/keith/Git/ml/cnn-5090-learning/build/learning-feedback/5090-20261008T173307Z/prepared/references/jobs/connect4cnn/quality-reference-s64174/metrics/connect4cnn/quality-reference.ini
references,pongcnn,quality-reference,64174,8388608,160224,22.447446678,373699.8742142641,/home/keith/Git/ml/cnn-5090-learning/build/learning-feedback/5090-20261008T173307Z/prepared/references/jobs/pongcnn/quality-reference-s64174/metrics/pongcnn/quality-reference.ini
references,pongcnn,nature-cnn,64174,8388608,138016,23.553510129,356151.0770180967,/home/keith/Git/ml/cnn-5090-learning/build/learning-feedback/5090-20261008T173307Z/prepared/references/jobs/pongcnn/nature-cnn-s64174/metrics/pongcnn/nature-cnn.ini
references,flappycnn,nature-cnn,64174,19922944,137888,43.386663382,459195.11773900344,/home/keith/Git/ml/cnn-5090-learning/build/learning-feedback/5090-20261008T173307Z/prepared/references/jobs/flappycnn/nature-cnn-s64174/metrics/flappycnn/nature-cnn.ini
references,flappycnn,quality-reference,64174,19922944,160096,41.169608324,483923.5739919788,/home/keith/Git/ml/cnn-5090-learning/build/learning-feedback/5090-20261008T173307Z/prepared/references/jobs/flappycnn/quality-reference-s64174/metrics/flappycnn/quality-reference.ini
references,breakoutcnn,quality-reference,64174,16777216,160224,45.176595224,371369.6421081137,/home/keith/Git/ml/cnn-5090-learning/build/learning-feedback/5090-20261008T173307Z/prepared/references/jobs/breakoutcnn/quality-reference-s64174/metrics/breakoutcnn/quality-reference.ini
references,breakoutcnn,nature-cnn,64174,16777216,138016,49.478173205,339083.1737155685,/home/keith/Git/ml/cnn-5090-learning/build/learning-feedback/5090-20261008T173307Z/prepared/references/jobs/breakoutcnn/nature-cnn-s64174/metrics/breakoutcnn/nature-cnn.ini
references,snakecnn,nature-cnn,64174,8388608,138144,20.296726642,413298.5652297972,/home/keith/Git/ml/cnn-5090-learning/build/learning-feedback/5090-20261008T173307Z/prepared/references/jobs/snakecnn/nature-cnn-s64174/metrics/snakecnn/nature-cnn.ini
references,snakecnn,quality-reference,64174,8388608,160352,19.195665121,437005.33152263047,/home/keith/Git/ml/cnn-5090-learning/build/learning-feedback/5090-20261008T173307Z/prepared/references/jobs/snakecnn/quality-reference-s64174/metrics/snakecnn/quality-reference.ini
references,mazecnn,quality-reference,64174,33554432,160480,114.058741441,294185.536120061,/home/keith/Git/ml/cnn-5090-learning/build/learning-feedback/5090-20261008T173307Z/prepared/references/jobs/mazecnn/quality-reference-s64174/metrics/mazecnn/quality-reference.ini
references,mazecnn,nature-cnn,64174,33554432,138272,123.577304336,271525.845140361,/home/keith/Git/ml/cnn-5090-learning/build/learning-feedback/5090-20261008T173307Z/prepared/references/jobs/mazecnn/nature-cnn-s64174/metrics/mazecnn/nature-cnn.ini
trial-0000,connect4cnn,happy-cat-1,64173,13312000,80296,73.570174994,180942.88889601876,/home/keith/Git/ml/cnn-5090-learning/build/learning-feedback/5090-20261008T173307Z/prepared/execution/search/execution/trial-0000/panel/jobs/connect4cnn/happy-cat-1-s64173/metrics/connect4cnn/happy-cat-1.ini
trial-0000,pongcnn,happy-cat-1,64173,8388608,79784,20.0914654,417520.96390141855,/home/keith/Git/ml/cnn-5090-learning/build/learning-feedback/5090-20261008T173307Z/prepared/execution/search/execution/trial-0000/panel/jobs/pongcnn/happy-cat-1-s64173/metrics/pongcnn/happy-cat-1.ini
trial-0000,flappycnn,happy-cat-1,64173,19922944,79656,37.765987152,527536.6937931324,/home/keith/Git/ml/cnn-5090-learning/build/learning-feedback/5090-20261008T173307Z/prepared/execution/search/execution/trial-0000/panel/jobs/flappycnn/happy-cat-1-s64173/metrics/flappycnn/happy-cat-1.ini
trial-0000,breakoutcnn,happy-cat-1,64173,16777216,79784,43.47286449,385923.86760847655,/home/keith/Git/ml/cnn-5090-learning/build/learning-feedback/5090-20261008T173307Z/prepared/execution/search/execution/trial-0000/panel/jobs/breakoutcnn/happy-cat-1-s64173/metrics/breakoutcnn/happy-cat-1.ini
trial-0000,snakecnn,happy-cat-1,64173,8388608,79912,17.288997328,485199.2189514901,/home/keith/Git/ml/cnn-5090-learning/build/learning-feedback/5090-20261008T173307Z/prepared/execution/search/execution/trial-0000/panel/jobs/snakecnn/happy-cat-1-s64173/metrics/snakecnn/happy-cat-1.ini
trial-0000,mazecnn,happy-cat-1,64173,33554432,80040,102.004130628,328951.6982637697,/home/keith/Git/ml/cnn-5090-learning/build/learning-feedback/5090-20261008T173307Z/prepared/execution/search/execution/trial-0000/panel/jobs/mazecnn/happy-cat-1-s64173/metrics/mazecnn/happy-cat-1.ini
trial-0000,connect4cnn,happy-cat-1,64174,13312000,80296,72.463954174,183705.1283184921,/home/keith/Git/ml/cnn-5090-learning/build/learning-feedback/5090-20261008T173307Z/prepared/execution/search/execution/trial-0000/panel/jobs/connect4cnn/happy-cat-1-s64174/metrics/connect4cnn/happy-cat-1.ini
trial-0000,pongcnn,happy-cat-1,64174,8388608,79784,19.892754948,421691.61696949287,/home/keith/Git/ml/cnn-5090-learning/build/learning-feedback/5090-20261008T173307Z/prepared/execution/search/execution/trial-0000/panel/jobs/pongcnn/happy-cat-1-s64174/metrics/pongcnn/happy-cat-1.ini
trial-0000,flappycnn,happy-cat-1,64174,19922944,79656,38.870473771,512546.9814793938,/home/keith/Git/ml/cnn-5090-learning/build/learning-feedback/5090-20261008T173307Z/prepared/execution/search/execution/trial-0000/panel/jobs/flappycnn/happy-cat-1-s64174/metrics/flappycnn/happy-cat-1.ini
trial-0000,breakoutcnn,happy-cat-1,64174,16777216,79784,44.27867738,378900.56778385193,/home/keith/Git/ml/cnn-5090-learning/build/learning-feedback/5090-20261008T173307Z/prepared/execution/search/execution/trial-0000/panel/jobs/breakoutcnn/happy-cat-1-s64174/metrics/breakoutcnn/happy-cat-1.ini
trial-0000,snakecnn,happy-cat-1,64174,8388608,79912,17.388232062,482430.1843965119,/home/keith/Git/ml/cnn-5090-learning/build/learning-feedback/5090-20261008T173307Z/prepared/execution/search/execution/trial-0000/panel/jobs/snakecnn/happy-cat-1-s64174/metrics/snakecnn/happy-cat-1.ini
trial-0000,mazecnn,happy-cat-1,64174,33554432,80040,105.214189604,318915.4630786068,/home/keith/Git/ml/cnn-5090-learning/build/learning-feedback/5090-20261008T173307Z/prepared/execution/search/execution/trial-0000/panel/jobs/mazecnn/happy-cat-1-s64174/metrics/mazecnn/happy-cat-1.ini
trial-0001,connect4cnn,mystic-tree-2,64173,13312000,71296,87.047361366,152928.2426382606,/home/keith/Git/ml/cnn-5090-learning/build/learning-feedback/5090-20261008T173307Z/prepared/execution/search/execution/trial-0001/panel/jobs/connect4cnn/mystic-tree-2-s64173/metrics/connect4cnn/mystic-tree-2.ini
trial-0001,pongcnn,mystic-tree-2,64173,8388608,70784,26.501395225,316534.5797373957,/home/keith/Git/ml/cnn-5090-learning/build/learning-feedback/5090-20261008T173307Z/prepared/execution/search/execution/trial-0001/panel/jobs/pongcnn/mystic-tree-2-s64173/metrics/pongcnn/mystic-tree-2.ini
trial-0001,flappycnn,mystic-tree-2,64173,19922944,70656,53.341444014,373498.4001327565,/home/keith/Git/ml/cnn-5090-learning/build/learning-feedback/5090-20261008T173307Z/prepared/execution/search/execution/trial-0001/panel/jobs/flappycnn/mystic-tree-2-s64173/metrics/flappycnn/mystic-tree-2.ini
trial-0001,breakoutcnn,mystic-tree-2,64173,16777216,70784,57.896609453,289778.9034368171,/home/keith/Git/ml/cnn-5090-learning/build/learning-feedback/5090-20261008T173307Z/prepared/execution/search/execution/trial-0001/panel/jobs/breakoutcnn/mystic-tree-2-s64173/metrics/breakoutcnn/mystic-tree-2.ini
trial-0001,snakecnn,mystic-tree-2,64173,8388608,70912,24.450409613,343086.6039781957,/home/keith/Git/ml/cnn-5090-learning/build/learning-feedback/5090-20261008T173307Z/prepared/execution/search/execution/trial-0001/panel/jobs/snakecnn/mystic-tree-2-s64173/metrics/snakecnn/mystic-tree-2.ini
trial-0001,mazecnn,mystic-tree-2,64173,33554432,71040,149.076877882,225081.39744219495,/home/keith/Git/ml/cnn-5090-learning/build/learning-feedback/5090-20261008T173307Z/prepared/execution/search/execution/trial-0001/panel/jobs/mazecnn/mystic-tree-2-s64173/metrics/mazecnn/mystic-tree-2.ini
trial-0001,connect4cnn,mystic-tree-2,64174,13312000,71296,83.825900311,158805.33284595265,/home/keith/Git/ml/cnn-5090-learning/build/learning-feedback/5090-20261008T173307Z/prepared/execution/search/execution/trial-0001/panel/jobs/connect4cnn/mystic-tree-2-s64174/metrics/connect4cnn/mystic-tree-2.ini
trial-0001,pongcnn,mystic-tree-2,64174,8388608,70784,26.852242235,312398.7906330609,/home/keith/Git/ml/cnn-5090-learning/build/learning-feedback/5090-20261008T173307Z/prepared/execution/search/execution/trial-0001/panel/jobs/pongcnn/mystic-tree-2-s64174/metrics/pongcnn/mystic-tree-2.ini
trial-0001,flappycnn,mystic-tree-2,64174,19922944,70656,54.993082407,362280.9111253606,/home/keith/Git/ml/cnn-5090-learning/build/learning-feedback/5090-20261008T173307Z/prepared/execution/search/execution/trial-0001/panel/jobs/flappycnn/mystic-tree-2-s64174/metrics/flappycnn/mystic-tree-2.ini
trial-0001,breakoutcnn,mystic-tree-2,64174,16777216,70784,56.693162855,295930.1466899963,/home/keith/Git/ml/cnn-5090-learning/build/learning-feedback/5090-20261008T173307Z/prepared/execution/search/execution/trial-0001/panel/jobs/breakoutcnn/mystic-tree-2-s64174/metrics/breakoutcnn/mystic-tree-2.ini
trial-0001,snakecnn,mystic-tree-2,64174,8388608,70912,24.197155519,346677.4428677424,/home/keith/Git/ml/cnn-5090-learning/build/learning-feedback/5090-20261008T173307Z/prepared/execution/search/execution/trial-0001/panel/jobs/snakecnn/mystic-tree-2-s64174/metrics/snakecnn/mystic-tree-2.ini
trial-0001,mazecnn,mystic-tree-2,64174,33554432,71040,149.829085224,223951.39067848466,/home/keith/Git/ml/cnn-5090-learning/build/learning-feedback/5090-20261008T173307Z/prepared/execution/search/execution/trial-0001/panel/jobs/mazecnn/mystic-tree-2-s64174/metrics/mazecnn/mystic-tree-2.ini
trial-0002,connect4cnn,swift-fox-3,64173,13312000,61808,75.369030211,176624.2707745115,/home/keith/Git/ml/cnn-5090-learning/build/learning-feedback/5090-20261008T173307Z/prepared/execution/search/execution/trial-0002/panel/jobs/connect4cnn/swift-fox-3-s64173/metrics/connect4cnn/swift-fox-3.ini
trial-0002,pongcnn,swift-fox-3,64173,8388608,61296,19.390828858,432606.9845404852,/home/keith/Git/ml/cnn-5090-learning/build/learning-feedback/5090-20261008T173307Z/prepared/execution/search/execution/trial-0002/panel/jobs/pongcnn/swift-fox-3-s64173/metrics/pongcnn/swift-fox-3.ini
trial-0002,flappycnn,swift-fox-3,64173,19922944,61168,37.263162644,534655.2086932947,/home/keith/Git/ml/cnn-5090-learning/build/learning-feedback/5090-20261008T173307Z/prepared/execution/search/execution/trial-0002/panel/jobs/flappycnn/swift-fox-3-s64173/metrics/flappycnn/swift-fox-3.ini
trial-0002,breakoutcnn,swift-fox-3,64173,16777216,61296,43.322177887,387266.2183272753,/home/keith/Git/ml/cnn-5090-learning/build/learning-feedback/5090-20261008T173307Z/prepared/execution/search/execution/trial-0002/panel/jobs/breakoutcnn/swift-fox-3-s64173/metrics/breakoutcnn/swift-fox-3.ini
trial-0002,snakecnn,swift-fox-3,64173,8388608,61424,16.737802943,501177.3665018707,/home/keith/Git/ml/cnn-5090-learning/build/learning-feedback/5090-20261008T173307Z/prepared/execution/search/execution/trial-0002/panel/jobs/snakecnn/swift-fox-3-s64173/metrics/snakecnn/swift-fox-3.ini
trial-0002,mazecnn,swift-fox-3,64173,33554432,61552,91.046384013,368542.170716071,/home/keith/Git/ml/cnn-5090-learning/build/learning-feedback/5090-20261008T173307Z/prepared/execution/search/execution/trial-0002/panel/jobs/mazecnn/swift-fox-3-s64173/metrics/mazecnn/swift-fox-3.ini
trial-0002,connect4cnn,swift-fox-3,64174,13312000,61808,75.915182872,175353.59194807263,/home/keith/Git/ml/cnn-5090-learning/build/learning-feedback/5090-20261008T173307Z/prepared/execution/search/execution/trial-0002/panel/jobs/connect4cnn/swift-fox-3-s64174/metrics/connect4cnn/swift-fox-3.ini
trial-0002,pongcnn,swift-fox-3,64174,8388608,61296,19.240192235,435993.9805975645,/home/keith/Git/ml/cnn-5090-learning/build/learning-feedback/5090-20261008T173307Z/prepared/execution/search/execution/trial-0002/panel/jobs/pongcnn/swift-fox-3-s64174/metrics/pongcnn/swift-fox-3.ini
trial-0002,flappycnn,swift-fox-3,64174,19922944,61168,37.619775927,529586.9927205269,/home/keith/Git/ml/cnn-5090-learning/build/learning-feedback/5090-20261008T173307Z/prepared/execution/search/execution/trial-0002/panel/jobs/flappycnn/swift-fox-3-s64174/metrics/flappycnn/swift-fox-3.ini
trial-0002,breakoutcnn,swift-fox-3,64174,16777216,61296,44.231060504,379308.4725717297,/home/keith/Git/ml/cnn-5090-learning/build/learning-feedback/5090-20261008T173307Z/prepared/execution/search/execution/trial-0002/panel/jobs/breakoutcnn/swift-fox-3-s64174/metrics/breakoutcnn/swift-fox-3.ini
trial-0002,snakecnn,swift-fox-3,64174,8388608,61424,16.835097456,498280.9289892358,/home/keith/Git/ml/cnn-5090-learning/build/learning-feedback/5090-20261008T173307Z/prepared/execution/search/execution/trial-0002/panel/jobs/snakecnn/swift-fox-3-s64174/metrics/snakecnn/swift-fox-3.ini
trial-0002,mazecnn,swift-fox-3,64174,33554432,61552,89.33938913,375583.8530659091,/home/keith/Git/ml/cnn-5090-learning/build/learning-feedback/5090-20261008T173307Z/prepared/execution/search/execution/trial-0002/panel/jobs/mazecnn/swift-fox-3-s64174/metrics/mazecnn/swift-fox-3.ini
trial-0003,connect4cnn,quiet-owl-4,64173,13312000,81440,117.078330011,113701.65596613208,/home/keith/Git/ml/cnn-5090-learning/build/learning-feedback/5090-20261008T173307Z/prepared/execution/search/execution/trial-0003/panel/jobs/connect4cnn/quiet-owl-4-s64173/metrics/connect4cnn/quiet-owl-4.ini
trial-0003,pongcnn,quiet-owl-4,64173,8388608,80928,49.086967074,170892.77460051535,/home/keith/Git/ml/cnn-5090-learning/build/learning-feedback/5090-20261008T173307Z/prepared/execution/search/execution/trial-0003/panel/jobs/pongcnn/quiet-owl-4-s64173/metrics/pongcnn/quiet-owl-4.ini
trial-0003,flappycnn,quiet-owl-4,64173,19922944,80800,113.139052313,176092.5479991032,/home/keith/Git/ml/cnn-5090-learning/build/learning-feedback/5090-20261008T173307Z/prepared/execution/search/execution/trial-0003/panel/jobs/flappycnn/quiet-owl-4-s64173/metrics/flappycnn/quiet-owl-4.ini
trial-0003,breakoutcnn,quiet-owl-4,64173,16777216,80928,112.900076682,148602.34371014242,/home/keith/Git/ml/cnn-5090-learning/build/learning-feedback/5090-20261008T173307Z/prepared/execution/search/execution/trial-0003/panel/jobs/breakoutcnn/quiet-owl-4-s64173/metrics/breakoutcnn/quiet-owl-4.ini
trial-0003,snakecnn,quiet-owl-4,64173,8388608,81056,52.535541613,159674.91230592408,/home/keith/Git/ml/cnn-5090-learning/build/learning-feedback/5090-20261008T173307Z/prepared/execution/search/execution/trial-0003/panel/jobs/snakecnn/quiet-owl-4-s64173/metrics/snakecnn/quiet-owl-4.ini
trial-0003,mazecnn,quiet-owl-4,64173,33554432,81184,408.303691955,82180.08472893776,/home/keith/Git/ml/cnn-5090-learning/build/learning-feedback/5090-20261008T173307Z/prepared/execution/search/execution/trial-0003/panel/jobs/mazecnn/quiet-owl-4-s64173/metrics/mazecnn/quiet-owl-4.ini
trial-0003,connect4cnn,quiet-owl-4,64174,13312000,81440,127.100440706,104736.06484805512,/home/keith/Git/ml/cnn-5090-learning/build/learning-feedback/5090-20261008T173307Z/prepared/execution/search/execution/trial-0003/panel/jobs/connect4cnn/quiet-owl-4-s64174/metrics/connect4cnn/quiet-owl-4.ini
trial-0003,pongcnn,quiet-owl-4,64174,8388608,80928,53.03489406,158171.48593734743,/home/keith/Git/ml/cnn-5090-learning/build/learning-feedback/5090-20261008T173307Z/prepared/execution/search/execution/trial-0003/panel/jobs/pongcnn/quiet-owl-4-s64174/metrics/pongcnn/quiet-owl-4.ini
trial-0003,flappycnn,quiet-owl-4,64174,19922944,80800,119.062913058,167331.23260888795,/home/keith/Git/ml/cnn-5090-learning/build/learning-feedback/5090-20261008T173307Z/prepared/execution/search/execution/trial-0003/panel/jobs/flappycnn/quiet-owl-4-s64174/metrics/flappycnn/quiet-owl-4.ini
trial-0003,breakoutcnn,quiet-owl-4,64174,16777216,80928,112.003455852,149791.94947492698,/home/keith/Git/ml/cnn-5090-learning/build/learning-feedback/5090-20261008T173307Z/prepared/execution/search/execution/trial-0003/panel/jobs/breakoutcnn/quiet-owl-4-s64174/metrics/breakoutcnn/quiet-owl-4.ini
trial-0003,snakecnn,quiet-owl-4,64174,8388608,81056,51.834370532,161834.85810484155,/home/keith/Git/ml/cnn-5090-learning/build/learning-feedback/5090-20261008T173307Z/prepared/execution/search/execution/trial-0003/panel/jobs/snakecnn/quiet-owl-4-s64174/metrics/snakecnn/quiet-owl-4.ini
trial-0003,mazecnn,quiet-owl-4,64174,33554432,81184,406.372595942,82570.60720892975,/home/keith/Git/ml/cnn-5090-learning/build/learning-feedback/5090-20261008T173307Z/prepared/execution/search/execution/trial-0003/panel/jobs/mazecnn/quiet-owl-4-s64174/metrics/mazecnn/quiet-owl-4.ini
trial-0004,connect4cnn,quiet-owl-5,64173,13312000,55088,92.761557063,143507.72476748115,/home/keith/Git/ml/cnn-5090-learning/build/learning-feedback/5090-20261008T173307Z/prepared/execution/search/execution/trial-0004/panel/jobs/connect4cnn/quiet-owl-5-s64173/metrics/connect4cnn/quiet-owl-5.ini
trial-0004,pongcnn,quiet-owl-5,64173,8388608,54576,30.403939265,275905.30052323465,/home/keith/Git/ml/cnn-5090-learning/build/learning-feedback/5090-20261008T173307Z/prepared/execution/search/execution/trial-0004/panel/jobs/pongcnn/quiet-owl-5-s64173/metrics/pongcnn/quiet-owl-5.ini
trial-0004,flappycnn,quiet-owl-5,64173,19922944,54448,61.609010449,323377.1140747705,/home/keith/Git/ml/cnn-5090-learning/build/learning-feedback/5090-20261008T173307Z/prepared/execution/search/execution/trial-0004/panel/jobs/flappycnn/quiet-owl-5-s64173/metrics/flappycnn/quiet-owl-5.ini
trial-0004,breakoutcnn,quiet-owl-5,64173,16777216,54576,64.469129334,260236.42902141632,/home/keith/Git/ml/cnn-5090-learning/build/learning-feedback/5090-20261008T173307Z/prepared/execution/search/execution/trial-0004/panel/jobs/breakoutcnn/quiet-owl-5-s64173/metrics/breakoutcnn/quiet-owl-5.ini
trial-0004,snakecnn,quiet-owl-5,64173,8388608,54704,26.550991542,315943.3042916827,/home/keith/Git/ml/cnn-5090-learning/build/learning-feedback/5090-20261008T173307Z/prepared/execution/search/execution/trial-0004/panel/jobs/snakecnn/quiet-owl-5-s64173/metrics/snakecnn/quiet-owl-5.ini
trial-0004,mazecnn,quiet-owl-5,64173,33554432,54832,183.424312073,182933.39427461426,/home/keith/Git/ml/cnn-5090-learning/build/learning-feedback/5090-20261008T173307Z/prepared/execution/search/execution/trial-0004/panel/jobs/mazecnn/quiet-owl-5-s64173/metrics/mazecnn/quiet-owl-5.ini
trial-0004,connect4cnn,quiet-owl-5,64174,13312000,55088,88.337688371,150694.45720712497,/home/keith/Git/ml/cnn-5090-learning/build/learning-feedback/5090-20261008T173307Z/prepared/execution/search/execution/trial-0004/panel/jobs/connect4cnn/quiet-owl-5-s64174/metrics/connect4cnn/quiet-owl-5.ini
trial-0004,pongcnn,quiet-owl-5,64174,8388608,54576,29.310905409,286194.0933910644,/home/keith/Git/ml/cnn-5090-learning/build/learning-feedback/5090-20261008T173307Z/prepared/execution/search/execution/trial-0004/panel/jobs/pongcnn/quiet-owl-5-s64174/metrics/pongcnn/quiet-owl-5.ini
trial-0004,flappycnn,quiet-owl-5,64174,19922944,54448,59.948490368,332334.37368816044,/home/keith/Git/ml/cnn-5090-learning/build/learning-feedback/5090-20261008T173307Z/prepared/execution/search/execution/trial-0004/panel/jobs/flappycnn/quiet-owl-5-s64174/metrics/flappycnn/quiet-owl-5.ini
trial-0004,breakoutcnn,quiet-owl-5,64174,16777216,54576,60.113611065,279091.8013868612,/home/keith/Git/ml/cnn-5090-learning/build/learning-feedback/5090-20261008T173307Z/prepared/execution/search/execution/trial-0004/panel/jobs/breakoutcnn/quiet-owl-5-s64174/metrics/breakoutcnn/quiet-owl-5.ini
trial-0004,snakecnn,quiet-owl-5,64174,8388608,54704,26.954568777,311212.8437075163,/home/keith/Git/ml/cnn-5090-learning/build/learning-feedback/5090-20261008T173307Z/prepared/execution/search/execution/trial-0004/panel/jobs/snakecnn/quiet-owl-5-s64174/metrics/snakecnn/quiet-owl-5.ini
trial-0004,mazecnn,quiet-owl-5,64174,33554432,54832,180.767267201,185622.27841111255,/home/keith/Git/ml/cnn-5090-learning/build/learning-feedback/5090-20261008T173307Z/prepared/execution/search/execution/trial-0004/panel/jobs/mazecnn/quiet-owl-5-s64174/metrics/mazecnn/quiet-owl-5.ini
trial-0005,connect4cnn,quiet-owl-6,64173,13312000,80296,76.367649399,174314.64900076282,/home/keith/Git/ml/cnn-5090-learning/build/learning-feedback/5090-20261008T173307Z/prepared/execution/search/execution/trial-0005/panel/jobs/connect4cnn/quiet-owl-6-s64173/metrics/connect4cnn/quiet-owl-6.ini
trial-0005,pongcnn,quiet-owl-6,64173,8388608,79784,21.442745375,391209.6074125023,/home/keith/Git/ml/cnn-5090-learning/build/learning-feedback/5090-20261008T173307Z/prepared/execution/search/execution/trial-0005/panel/jobs/pongcnn/quiet-owl-6-s64173/metrics/pongcnn/quiet-owl-6.ini
trial-0005,flappycnn,quiet-owl-6,64173,19922944,79656,40.62606274,490398.1005371725,/home/keith/Git/ml/cnn-5090-learning/build/learning-feedback/5090-20261008T173307Z/prepared/execution/search/execution/trial-0005/panel/jobs/flappycnn/quiet-owl-6-s64173/metrics/flappycnn/quiet-owl-6.ini
trial-0005,breakoutcnn,quiet-owl-6,64173,16777216,79784,46.238435219,362841.34444727085,/home/keith/Git/ml/cnn-5090-learning/build/learning-feedback/5090-20261008T173307Z/prepared/execution/search/execution/trial-0005/panel/jobs/breakoutcnn/quiet-owl-6-s64173/metrics/breakoutcnn/quiet-owl-6.ini
trial-0005,snakecnn,quiet-owl-6,64173,8388608,79912,18.690378708,448819.5841858166,/home/keith/Git/ml/cnn-5090-learning/build/learning-feedback/5090-20261008T173307Z/prepared/execution/search/execution/trial-0005/panel/jobs/snakecnn/quiet-owl-6-s64173/metrics/snakecnn/quiet-owl-6.ini
trial-0005,mazecnn,quiet-owl-6,64173,33554432,80040,102.755805127,326545.3660601339,/home/keith/Git/ml/cnn-5090-learning/build/learning-feedback/5090-20261008T173307Z/prepared/execution/search/execution/trial-0005/panel/jobs/mazecnn/quiet-owl-6-s64173/metrics/mazecnn/quiet-owl-6.ini
trial-0005,connect4cnn,quiet-owl-6,64174,13312000,80296,71.013749005,187456.65714765625,/home/keith/Git/ml/cnn-5090-learning/build/learning-feedback/5090-20261008T173307Z/prepared/execution/search/execution/trial-0005/panel/jobs/connect4cnn/quiet-owl-6-s64174/metrics/connect4cnn/quiet-owl-6.ini
trial-0005,pongcnn,quiet-owl-6,64174,8388608,79784,19.491375475,430375.3734957999,/home/keith/Git/ml/cnn-5090-learning/build/learning-feedback/5090-20261008T173307Z/prepared/execution/search/execution/trial-0005/panel/jobs/pongcnn/quiet-owl-6-s64174/metrics/pongcnn/quiet-owl-6.ini
trial-0005,flappycnn,quiet-owl-6,64174,19922944,79656,36.915581907,539689.2848713885,/home/keith/Git/ml/cnn-5090-learning/build/learning-feedback/5090-20261008T173307Z/prepared/execution/search/execution/trial-0005/panel/jobs/flappycnn/quiet-owl-6-s64174/metrics/flappycnn/quiet-owl-6.ini
trial-0005,breakoutcnn,quiet-owl-6,64174,16777216,79784,42.269831919,396907.56358221424,/home/keith/Git/ml/cnn-5090-learning/build/learning-feedback/5090-20261008T173307Z/prepared/execution/search/execution/trial-0005/panel/jobs/breakoutcnn/quiet-owl-6-s64174/metrics/breakoutcnn/quiet-owl-6.ini
trial-0005,snakecnn,quiet-owl-6,64174,8388608,79912,17.337917661,483830.19022344175,/home/keith/Git/ml/cnn-5090-learning/build/learning-feedback/5090-20261008T173307Z/prepared/execution/search/execution/trial-0005/panel/jobs/snakecnn/quiet-owl-6-s64174/metrics/snakecnn/quiet-owl-6.ini
trial-0005,mazecnn,quiet-owl-6,64174,33554432,80040,106.370524529,315448.5901858272,/home/keith/Git/ml/cnn-5090-learning/build/learning-feedback/5090-20261008T173307Z/prepared/execution/search/execution/trial-0005/panel/jobs/mazecnn/quiet-owl-6-s64174/metrics/mazecnn/quiet-owl-6.ini
trial-0006,connect4cnn,quiet-owl-7,64173,13312000,66568,83.485743699,159452.37366507945,/home/keith/Git/ml/cnn-5090-learning/build/learning-feedback/5090-20261008T173307Z/prepared/execution/search/execution/trial-0006/panel/jobs/connect4cnn/quiet-owl-7-s64173/metrics/connect4cnn/quiet-owl-7.ini
trial-0006,pongcnn,quiet-owl-7,64173,8388608,66056,25.948904403,323274.0723739449,/home/keith/Git/ml/cnn-5090-learning/build/learning-feedback/5090-20261008T173307Z/prepared/execution/search/execution/trial-0006/panel/jobs/pongcnn/quiet-owl-7-s64173/metrics/pongcnn/quiet-owl-7.ini
trial-0006,flappycnn,quiet-owl-7,64173,19922944,65928,50.534732192,394242.59585081844,/home/keith/Git/ml/cnn-5090-learning/build/learning-feedback/5090-20261008T173307Z/prepared/execution/search/execution/trial-0006/panel/jobs/flappycnn/quiet-owl-7-s64173/metrics/flappycnn/quiet-owl-7.ini
trial-0006,breakoutcnn,quiet-owl-7,64173,16777216,66056,54.938252492,305383.13905130245,/home/keith/Git/ml/cnn-5090-learning/build/learning-feedback/5090-20261008T173307Z/prepared/execution/search/execution/trial-0006/panel/jobs/breakoutcnn/quiet-owl-7-s64173/metrics/breakoutcnn/quiet-owl-7.ini
trial-0006,snakecnn,quiet-owl-7,64173,8388608,66184,22.144712839,378808.61499483814,/home/keith/Git/ml/cnn-5090-learning/build/learning-feedback/5090-20261008T173307Z/prepared/execution/search/execution/trial-0006/panel/jobs/snakecnn/quiet-owl-7-s64173/metrics/snakecnn/quiet-owl-7.ini
trial-0006,mazecnn,quiet-owl-7,64173,33554432,66312,147.734216626,227127.01746641067,/home/keith/Git/ml/cnn-5090-learning/build/learning-feedback/5090-20261008T173307Z/prepared/execution/search/execution/trial-0006/panel/jobs/mazecnn/quiet-owl-7-s64173/metrics/mazecnn/quiet-owl-7.ini
trial-0006,connect4cnn,quiet-owl-7,64174,13312000,66568,84.286262956,157937.95493044067,/home/keith/Git/ml/cnn-5090-learning/build/learning-feedback/5090-20261008T173307Z/prepared/execution/search/execution/trial-0006/panel/jobs/connect4cnn/quiet-owl-7-s64174/metrics/connect4cnn/quiet-owl-7.ini
trial-0006,pongcnn,quiet-owl-7,64174,8388608,66056,26.002496429,322607.7935595589,/home/keith/Git/ml/cnn-5090-learning/build/learning-feedback/5090-20261008T173307Z/prepared/execution/search/execution/trial-0006/panel/jobs/pongcnn/quiet-owl-7-s64174/metrics/pongcnn/quiet-owl-7.ini
trial-0006,flappycnn,quiet-owl-7,64174,19922944,65928,51.337281322,388079.45194912865,/home/keith/Git/ml/cnn-5090-learning/build/learning-feedback/5090-20261008T173307Z/prepared/execution/search/execution/trial-0006/panel/jobs/flappycnn/quiet-owl-7-s64174/metrics/flappycnn/quiet-owl-7.ini
trial-0006,breakoutcnn,quiet-owl-7,64174,16777216,66056,52.290235392,320847.9723647751,/home/keith/Git/ml/cnn-5090-learning/build/learning-feedback/5090-20261008T173307Z/prepared/execution/search/execution/trial-0006/panel/jobs/breakoutcnn/quiet-owl-7-s64174/metrics/breakoutcnn/quiet-owl-7.ini
trial-0006,snakecnn,quiet-owl-7,64174,8388608,66184,21.894118932,383144.35150616546,/home/keith/Git/ml/cnn-5090-learning/build/learning-feedback/5090-20261008T173307Z/prepared/execution/search/execution/trial-0006/panel/jobs/snakecnn/quiet-owl-7-s64174/metrics/snakecnn/quiet-owl-7.ini
trial-0006,mazecnn,quiet-owl-7,64174,33554432,66312,144.775017233,231769.49062971072,/home/keith/Git/ml/cnn-5090-learning/build/learning-feedback/5090-20261008T173307Z/prepared/execution/search/execution/trial-0006/panel/jobs/mazecnn/quiet-owl-7-s64174/metrics/mazecnn/quiet-owl-7.ini
trial-0007,connect4cnn,quiet-owl-8,64173,13312000,65560,82.689180293,160988.41411694244,/home/keith/Git/ml/cnn-5090-learning/build/learning-feedback/5090-20261008T173307Z/prepared/execution/search/execution/trial-0007/panel/jobs/connect4cnn/quiet-owl-8-s64173/metrics/connect4cnn/quiet-owl-8.ini
trial-0007,pongcnn,quiet-owl-8,64173,8388608,65048,26.451503585,317131.6130685657,/home/keith/Git/ml/cnn-5090-learning/build/learning-feedback/5090-20261008T173307Z/prepared/execution/search/execution/trial-0007/panel/jobs/pongcnn/quiet-owl-8-s64173/metrics/pongcnn/quiet-owl-8.ini
trial-0007,flappycnn,quiet-owl-8,64173,19922944,64920,54.155019594,367887.301110077,/home/keith/Git/ml/cnn-5090-learning/build/learning-feedback/5090-20261008T173307Z/prepared/execution/search/execution/trial-0007/panel/jobs/flappycnn/quiet-owl-8-s64173/metrics/flappycnn/quiet-owl-8.ini
trial-0007,breakoutcnn,quiet-owl-8,64173,16777216,65048,59.446332329,282224.577071435,/home/keith/Git/ml/cnn-5090-learning/build/learning-feedback/5090-20261008T173307Z/prepared/execution/search/execution/trial-0007/panel/jobs/breakoutcnn/quiet-owl-8-s64173/metrics/breakoutcnn/quiet-owl-8.ini
trial-0007,snakecnn,quiet-owl-8,64173,8388608,65176,25.053802124,334823.7508415631,/home/keith/Git/ml/cnn-5090-learning/build/learning-feedback/5090-20261008T173307Z/prepared/execution/search/execution/trial-0007/panel/jobs/snakecnn/quiet-owl-8-s64173/metrics/snakecnn/quiet-owl-8.ini
trial-0007,mazecnn,quiet-owl-8,64173,33554432,65304,145.428309678,230728.33669245365,/home/keith/Git/ml/cnn-5090-learning/build/learning-feedback/5090-20261008T173307Z/prepared/execution/search/execution/trial-0007/panel/jobs/mazecnn/quiet-owl-8-s64173/metrics/mazecnn/quiet-owl-8.ini
trial-0007,connect4cnn,quiet-owl-8,64174,13312000,65560,79.327246674,167811.1942382981,/home/keith/Git/ml/cnn-5090-learning/build/learning-feedback/5090-20261008T173307Z/prepared/execution/search/execution/trial-0007/panel/jobs/connect4cnn/quiet-owl-8-s64174/metrics/connect4cnn/quiet-owl-8.ini
trial-0007,pongcnn,quiet-owl-8,64174,8388608,65048,25.149332594,333551.9131033048,/home/keith/Git/ml/cnn-5090-learning/build/learning-feedback/5090-20261008T173307Z/prepared/execution/search/execution/trial-0007/panel/jobs/pongcnn/quiet-owl-8-s64174/metrics/pongcnn/quiet-owl-8.ini
trial-0007,flappycnn,quiet-owl-8,64174,19922944,64920,49.28233634,404261.353653186,/home/keith/Git/ml/cnn-5090-learning/build/learning-feedback/5090-20261008T173307Z/prepared/execution/search/execution/trial-0007/panel/jobs/flappycnn/quiet-owl-8-s64174/metrics/flappycnn/quiet-owl-8.ini
trial-0007,breakoutcnn,quiet-owl-8,64174,16777216,65048,53.940797854,311030.17877878645,/home/keith/Git/ml/cnn-5090-learning/build/learning-feedback/5090-20261008T173307Z/prepared/execution/search/execution/trial-0007/panel/jobs/breakoutcnn/quiet-owl-8-s64174/metrics/breakoutcnn/quiet-owl-8.ini
trial-0007,snakecnn,quiet-owl-8,64174,8388608,65176,22.244512361,377109.0983638398,/home/keith/Git/ml/cnn-5090-learning/build/learning-feedback/5090-20261008T173307Z/prepared/execution/search/execution/trial-0007/panel/jobs/snakecnn/quiet-owl-8-s64174/metrics/snakecnn/quiet-owl-8.ini
trial-0007,mazecnn,quiet-owl-8,64174,33554432,65304,141.721838983,236762.60653112867,/home/keith/Git/ml/cnn-5090-learning/build/learning-feedback/5090-20261008T173307Z/prepared/execution/search/execution/trial-0007/panel/jobs/mazecnn/quiet-owl-8-s64174/metrics/mazecnn/quiet-owl-8.ini
trial-0008,connect4cnn,quiet-owl-9,64173,13312000,74696,95.501799877,139390.04308971114,/home/keith/Git/ml/cnn-5090-learning/build/learning-feedback/5090-20261008T173307Z/prepared/execution/search/execution/trial-0008/panel/jobs/connect4cnn/quiet-owl-9-s64173/metrics/connect4cnn/quiet-owl-9.ini
trial-0008,pongcnn,quiet-owl-9,64173,8388608,74184,34.01277957,246631.0635605604,/home/keith/Git/ml/cnn-5090-learning/build/learning-feedback/5090-20261008T173307Z/prepared/execution/search/execution/trial-0008/panel/jobs/pongcnn/quiet-owl-9-s64173/metrics/pongcnn/quiet-owl-9.ini
trial-0008,flappycnn,quiet-owl-9,64173,19922944,74056,72.062328002,276468.2262200447,/home/keith/Git/ml/cnn-5090-learning/build/learning-feedback/5090-20261008T173307Z/prepared/execution/search/execution/trial-0008/panel/jobs/flappycnn/quiet-owl-9-s64173/metrics/flappycnn/quiet-owl-9.ini
trial-0008,breakoutcnn,quiet-owl-9,64173,16777216,74184,70.917072967,236575.13343517407,/home/keith/Git/ml/cnn-5090-learning/build/learning-feedback/5090-20261008T173307Z/prepared/execution/search/execution/trial-0008/panel/jobs/breakoutcnn/quiet-owl-9-s64173/metrics/breakoutcnn/quiet-owl-9.ini
trial-0008,snakecnn,quiet-owl-9,64173,8388608,74312,30.306801778,276789.61513152375,/home/keith/Git/ml/cnn-5090-learning/build/learning-feedback/5090-20261008T173307Z/prepared/execution/search/execution/trial-0008/panel/jobs/snakecnn/quiet-owl-9-s64173/metrics/snakecnn/quiet-owl-9.ini
trial-0008,mazecnn,quiet-owl-9,64173,33554432,74440,227.58150836,147439.1845005346,/home/keith/Git/ml/cnn-5090-learning/build/learning-feedback/5090-20261008T173307Z/prepared/execution/search/execution/trial-0008/panel/jobs/mazecnn/quiet-owl-9-s64173/metrics/mazecnn/quiet-owl-9.ini
trial-0008,connect4cnn,quiet-owl-9,64174,13312000,74696,93.898889228,141769.51516089344,/home/keith/Git/ml/cnn-5090-learning/build/learning-feedback/5090-20261008T173307Z/prepared/execution/search/execution/trial-0008/panel/jobs/connect4cnn/quiet-owl-9-s64174/metrics/connect4cnn/quiet-owl-9.ini
trial-0008,pongcnn,quiet-owl-9,64174,8388608,74184,33.717017117,248794.48768825087,/home/keith/Git/ml/cnn-5090-learning/build/learning-feedback/5090-20261008T173307Z/prepared/execution/search/execution/trial-0008/panel/jobs/pongcnn/quiet-owl-9-s64174/metrics/pongcnn/quiet-owl-9.ini
trial-0008,flappycnn,quiet-owl-9,64174,19922944,74056,69.412135861,287023.92964677425,/home/keith/Git/ml/cnn-5090-learning/build/learning-feedback/5090-20261008T173307Z/prepared/execution/search/execution/trial-0008/panel/jobs/flappycnn/quiet-owl-9-s64174/metrics/flappycnn/quiet-owl-9.ini
trial-0008,breakoutcnn,quiet-owl-9,64174,16777216,74184,69.112615126,242751.86186216897,/home/keith/Git/ml/cnn-5090-learning/build/learning-feedback/5090-20261008T173307Z/prepared/execution/search/execution/trial-0008/panel/jobs/breakoutcnn/quiet-owl-9-s64174/metrics/breakoutcnn/quiet-owl-9.ini
trial-0008,snakecnn,quiet-owl-9,64174,8388608,74312,30.155806841,278175.5449035044,/home/keith/Git/ml/cnn-5090-learning/build/learning-feedback/5090-20261008T173307Z/prepared/execution/search/execution/trial-0008/panel/jobs/snakecnn/quiet-owl-9-s64174/metrics/snakecnn/quiet-owl-9.ini
trial-0008,mazecnn,quiet-owl-9,64174,33554432,74440,221.919041402,151201.2299080596,/home/keith/Git/ml/cnn-5090-learning/build/learning-feedback/5090-20261008T173307Z/prepared/execution/search/execution/trial-0008/panel/jobs/mazecnn/quiet-owl-9-s64174/metrics/mazecnn/quiet-owl-9.ini
trial-0009,connect4cnn,quiet-owl-10,64173,13312000,81912,90.499713179,147094.38883712376,/home/keith/Git/ml/cnn-5090-learning/build/learning-feedback/5090-20261008T173307Z/prepared/execution/search/execution/trial-0009/panel/jobs/connect4cnn/quiet-owl-10-s64173/metrics/connect4cnn/quiet-owl-10.ini
trial-0009,pongcnn,quiet-owl-10,64173,8388608,81400,32.458918367,258437.69361484464,/home/keith/Git/ml/cnn-5090-learning/build/learning-feedback/5090-20261008T173307Z/prepared/execution/search/execution/trial-0009/panel/jobs/pongcnn/quiet-owl-10-s64173/metrics/pongcnn/quiet-owl-10.ini
trial-0009,flappycnn,quiet-owl-10,64173,19922944,81272,68.176414547,292226.3385714625,/home/keith/Git/ml/cnn-5090-learning/build/learning-feedback/5090-20261008T173307Z/prepared/execution/search/execution/trial-0009/panel/jobs/flappycnn/quiet-owl-10-s64173/metrics/flappycnn/quiet-owl-10.ini
trial-0009,breakoutcnn,quiet-owl-10,64173,16777216,81400,69.473262928,241491.6946881767,/home/keith/Git/ml/cnn-5090-learning/build/learning-feedback/5090-20261008T173307Z/prepared/execution/search/execution/trial-0009/panel/jobs/breakoutcnn/quiet-owl-10-s64173/metrics/breakoutcnn/quiet-owl-10.ini
trial-0009,snakecnn,quiet-owl-10,64173,8388608,81528,28.603116201,293276.01723712625,/home/keith/Git/ml/cnn-5090-learning/build/learning-feedback/5090-20261008T173307Z/prepared/execution/search/execution/trial-0009/panel/jobs/snakecnn/quiet-owl-10-s64173/metrics/snakecnn/quiet-owl-10.ini
trial-0009,mazecnn,quiet-owl-10,64173,33554432,81656,198.815009914,168772.12648337972,/home/keith/Git/ml/cnn-5090-learning/build/learning-feedback/5090-20261008T173307Z/prepared/execution/search/execution/trial-0009/panel/jobs/mazecnn/quiet-owl-10-s64173/metrics/mazecnn/quiet-owl-10.ini
trial-0009,connect4cnn,quiet-owl-10,64174,13312000,81912,87.975575965,151314.72404677424,/home/keith/Git/ml/cnn-5090-learning/build/learning-feedback/5090-20261008T173307Z/prepared/execution/search/execution/trial-0009/panel/jobs/connect4cnn/quiet-owl-10-s64174/metrics/connect4cnn/quiet-owl-10.ini
trial-0009,pongcnn,quiet-owl-10,64174,8388608,81400,30.805277059,272310.74675724114,/home/keith/Git/ml/cnn-5090-learning/build/learning-feedback/5090-20261008T173307Z/prepared/execution/search/execution/trial-0009/panel/jobs/pongcnn/quiet-owl-10-s64174/metrics/pongcnn/quiet-owl-10.ini
trial-0009,flappycnn,quiet-owl-10,64174,19922944,81272,68.16113201,292291.8591944318,/home/keith/Git/ml/cnn-5090-learning/build/learning-feedback/5090-20261008T173307Z/prepared/execution/search/execution/trial-0009/panel/jobs/flappycnn/quiet-owl-10-s64174/metrics/flappycnn/quiet-owl-10.ini
trial-0009,breakoutcnn,quiet-owl-10,64174,16777216,81400,69.219130448,242378.31205642884,/home/keith/Git/ml/cnn-5090-learning/build/learning-feedback/5090-20261008T173307Z/prepared/execution/search/execution/trial-0009/panel/jobs/breakoutcnn/quiet-owl-10-s64174/metrics/breakoutcnn/quiet-owl-10.ini
trial-0009,snakecnn,quiet-owl-10,64174,8388608,81528,30.916518358,271330.9404009702,/home/keith/Git/ml/cnn-5090-learning/build/learning-feedback/5090-20261008T173307Z/prepared/execution/search/execution/trial-0009/panel/jobs/snakecnn/quiet-owl-10-s64174/metrics/snakecnn/quiet-owl-10.ini
trial-0009,mazecnn,quiet-owl-10,64174,33554432,81656,207.919846442,161381.57359288033,/home/keith/Git/ml/cnn-5090-learning/build/learning-feedback/5090-20261008T173307Z/prepared/execution/search/execution/trial-0009/panel/jobs/mazecnn/quiet-owl-10-s64174/metrics/mazecnn/quiet-owl-10.ini
trial-0010,connect4cnn,quiet-owl-11,64173,13312000,65560,78.791643549,168951.92688449702,/home/keith/Git/ml/cnn-5090-learning/build/learning-feedback/5090-20261008T173307Z/prepared/execution/search/execution/trial-0010/panel/jobs/connect4cnn/quiet-owl-11-s64173/metrics/connect4cnn/quiet-owl-11.ini
trial-0010,pongcnn,quiet-owl-11,64173,8388608,65048,20.290640478,413422.53385718877,/home/keith/Git/ml/cnn-5090-learning/build/learning-feedback/5090-20261008T173307Z/prepared/execution/search/execution/trial-0010/panel/jobs/pongcnn/quiet-owl-11-s64173/metrics/pongcnn/quiet-owl-11.ini
trial-0010,flappycnn,quiet-owl-11,64173,19922944,64920,38.423540981,518508.79672572773,/home/keith/Git/ml/cnn-5090-learning/build/learning-feedback/5090-20261008T173307Z/prepared/execution/search/execution/trial-0010/panel/jobs/flappycnn/quiet-owl-11-s64173/metrics/flappycnn/quiet-owl-11.ini
trial-0010,breakoutcnn,quiet-owl-11,64173,16777216,65048,44.181791403,379731.4564945596,/home/keith/Git/ml/cnn-5090-learning/build/learning-feedback/5090-20261008T173307Z/prepared/execution/search/execution/trial-0010/panel/jobs/breakoutcnn/quiet-owl-11-s64173/metrics/breakoutcnn/quiet-owl-11.ini
trial-0010,snakecnn,quiet-owl-11,64173,8388608,65176,17.23724319,486656.0103338659,/home/keith/Git/ml/cnn-5090-learning/build/learning-feedback/5090-20261008T173307Z/prepared/execution/search/execution/trial-0010/panel/jobs/snakecnn/quiet-owl-11-s64173/metrics/snakecnn/quiet-owl-11.ini
trial-0010,mazecnn,quiet-owl-11,64173,33554432,65304,104.129996484,322235.985143395,/home/keith/Git/ml/cnn-5090-learning/build/learning-feedback/5090-20261008T173307Z/prepared/execution/search/execution/trial-0010/panel/jobs/mazecnn/quiet-owl-11-s64173/metrics/mazecnn/quiet-owl-11.ini
trial-0010,connect4cnn,quiet-owl-11,64174,13312000,65560,78.08898932,170472.17688333633,/home/keith/Git/ml/cnn-5090-learning/build/learning-feedback/5090-20261008T173307Z/prepared/execution/search/execution/trial-0010/panel/jobs/connect4cnn/quiet-owl-11-s64174/metrics/connect4cnn/quiet-owl-11.ini
trial-0010,pongcnn,quiet-owl-11,64174,8388608,65048,21.593665031,388475.41572758777,/home/keith/Git/ml/cnn-5090-learning/build/learning-feedback/5090-20261008T173307Z/prepared/execution/search/execution/trial-0010/panel/jobs/pongcnn/quiet-owl-11-s64174/metrics/pongcnn/quiet-owl-11.ini
trial-0010,flappycnn,quiet-owl-11,64174,19922944,64920,37.919361071,525402.9455479588,/home/keith/Git/ml/cnn-5090-learning/build/learning-feedback/5090-20261008T173307Z/prepared/execution/search/execution/trial-0010/panel/jobs/flappycnn/quiet-owl-11-s64174/metrics/flappycnn/quiet-owl-11.ini
trial-0010,breakoutcnn,quiet-owl-11,64174,16777216,65048,43.875706811,382380.52944126737,/home/keith/Git/ml/cnn-5090-learning/build/learning-feedback/5090-20261008T173307Z/prepared/execution/search/execution/trial-0010/panel/jobs/breakoutcnn/quiet-owl-11-s64174/metrics/breakoutcnn/quiet-owl-11.ini
trial-0010,snakecnn,quiet-owl-11,64174,8388608,65176,17.38892563,482410.94237171684,/home/keith/Git/ml/cnn-5090-learning/build/learning-feedback/5090-20261008T173307Z/prepared/execution/search/execution/trial-0010/panel/jobs/snakecnn/quiet-owl-11-s64174/metrics/snakecnn/quiet-owl-11.ini
trial-0010,mazecnn,quiet-owl-11,64174,33554432,65304,102.014375281,328918.6637429662,/home/keith/Git/ml/cnn-5090-learning/build/learning-feedback/5090-20261008T173307Z/prepared/execution/search/execution/trial-0010/panel/jobs/mazecnn/quiet-owl-11-s64174/metrics/mazecnn/quiet-owl-11.ini
trial-0011,connect4cnn,quiet-owl-12,64173,13312000,80176,75.028755896,177425.30635123726,/home/keith/Git/ml/cnn-5090-learning/build/learning-feedback/5090-20261008T173307Z/prepared/execution/search/execution/trial-0011/panel/jobs/connect4cnn/quiet-owl-12-s64173/metrics/connect4cnn/quiet-owl-12.ini
trial-0011,pongcnn,quiet-owl-12,64173,8388608,79664,20.492102227,409358.0984066794,/home/keith/Git/ml/cnn-5090-learning/build/learning-feedback/5090-20261008T173307Z/prepared/execution/search/execution/trial-0011/panel/jobs/pongcnn/quiet-owl-12-s64173/metrics/pongcnn/quiet-owl-12.ini
trial-0011,flappycnn,quiet-owl-12,64173,19922944,79536,38.923375163,511850.3705438798,/home/keith/Git/ml/cnn-5090-learning/build/learning-feedback/5090-20261008T173307Z/prepared/execution/search/execution/trial-0011/panel/jobs/flappycnn/quiet-owl-12-s64173/metrics/flappycnn/quiet-owl-12.ini
trial-0011,breakoutcnn,quiet-owl-12,64173,16777216,79664,44.022409926,381106.259929928,/home/keith/Git/ml/cnn-5090-learning/build/learning-feedback/5090-20261008T173307Z/prepared/execution/search/execution/trial-0011/panel/jobs/breakoutcnn/quiet-owl-12-s64173/metrics/breakoutcnn/quiet-owl-12.ini
trial-0011,snakecnn,quiet-owl-12,64173,8388608,79792,17.739857345,472867.838611134,/home/keith/Git/ml/cnn-5090-learning/build/learning-feedback/5090-20261008T173307Z/prepared/execution/search/execution/trial-0011/panel/jobs/snakecnn/quiet-owl-12-s64173/metrics/snakecnn/quiet-owl-12.ini
trial-0011,mazecnn,quiet-owl-12,64173,33554432,79920,103.418618706,324452.5252787319,/home/keith/Git/ml/cnn-5090-learning/build/learning-feedback/5090-20261008T173307Z/prepared/execution/search/execution/trial-0011/panel/jobs/mazecnn/quiet-owl-12-s64173/metrics/mazecnn/quiet-owl-12.ini
trial-0011,connect4cnn,quiet-owl-12,64174,13312000,80176,74.333739283,179084.2237778348,/home/keith/Git/ml/cnn-5090-learning/build/learning-feedback/5090-20261008T173307Z/prepared/execution/search/execution/trial-0011/panel/jobs/connect4cnn/quiet-owl-12-s64174/metrics/connect4cnn/quiet-owl-12.ini
trial-0011,pongcnn,quiet-owl-12,64174,8388608,79664,20.694756537,405349.44129456516,/home/keith/Git/ml/cnn-5090-learning/build/learning-feedback/5090-20261008T173307Z/prepared/execution/search/execution/trial-0011/panel/jobs/pongcnn/quiet-owl-12-s64174/metrics/pongcnn/quiet-owl-12.ini
trial-0011,flappycnn,quiet-owl-12,64174,19922944,79536,39.622934913,502813.43478833075,/home/keith/Git/ml/cnn-5090-learning/build/learning-feedback/5090-20261008T173307Z/prepared/execution/search/execution/trial-0011/panel/jobs/flappycnn/quiet-owl-12-s64174/metrics/flappycnn/quiet-owl-12.ini
trial-0011,breakoutcnn,quiet-owl-12,64174,16777216,79664,45.188827821,371269.11249960214,/home/keith/Git/ml/cnn-5090-learning/build/learning-feedback/5090-20261008T173307Z/prepared/execution/search/execution/trial-0011/panel/jobs/breakoutcnn/quiet-owl-12-s64174/metrics/breakoutcnn/quiet-owl-12.ini
trial-0011,snakecnn,quiet-owl-12,64174,8388608,79792,18.290715643,458626.56025765656,/home/keith/Git/ml/cnn-5090-learning/build/learning-feedback/5090-20261008T173307Z/prepared/execution/search/execution/trial-0011/panel/jobs/snakecnn/quiet-owl-12-s64174/metrics/snakecnn/quiet-owl-12.ini
trial-0011,mazecnn,quiet-owl-12,64174,33554432,79920,107.169151025,313097.8614561624,/home/keith/Git/ml/cnn-5090-learning/build/learning-feedback/5090-20261008T173307Z/prepared/execution/search/execution/trial-0011/panel/jobs/mazecnn/quiet-owl-12-s64174/metrics/mazecnn/quiet-owl-12.ini
