index,run_id,name,family,channels,depth,stride,projection,blocks,global_pool,steps,score,cost,native_avg_sps,params,random,gp_obs,architecture_sha256,pareto
0,sweep_1789345617534_0000,bright-badger-1,connect4-compact-v1,8,1,4,32,,,3317760,0.0033,38.03,87240.59952668945,75432,0,0,ab62c5ead4f286d2600b454e0792ca2838ef81cd06746c2998c24c88164846e4,True
1,sweep_1789345655844_0001,wild-wolf-2,connect4-compact-v1,8,1,2,64,,,972800,0.0003,13.42,72488.82265275708,205000,1,0,99a214670649cf91f0f2ee1724cef3f84f0599146375f140c23fd92f4bf36940,False
2,sweep_1789345669520_0002,happy-bear-3,connect4-compact-v1,16,2,4,64,,,1042432,0.0003,12.7,82081.25984251969,92400,1,0,75dbf7a0a63d5a51aed0894d839276ec85e392786f6f5ef26f3194e933848992,False
3,sweep_1789345682466_0003,silver-owl-4,connect4-compact-v1,16,2,2,32,,,1036288,0.0006,16.41,63149.78671541743,112848,1,0,91afa03157d8ab4bdb489f8ee707ff5f098d4daaf9f841c48a5f90882d64cd58,False
4,sweep_1789345699141_0004,bright-robin-5,connect4-compact-v1,16,2,2,32,,,1038336,0.0005,16.49,62967.616737416625,112848,1,0,91afa03157d8ab4bdb489f8ee707ff5f098d4daaf9f841c48a5f90882d64cd58,False
5,sweep_1789345715902_0005,gentle-wolf-6,connect4-compact-v1,16,2,4,64,,,872448,0.0003,10.66,81843.15196998123,92400,1,0,75dbf7a0a63d5a51aed0894d839276ec85e392786f6f5ef26f3194e933848992,False
6,sweep_1789345726819_0006,silver-otter-7,connect4-compact-v1,8,3,2,64,,,935936,0.0004,14.26,65633.66058906031,88040,1,0,07808b804ec264b32a1d237a5a847fc7ad8eabe7949239a634bc50b27e41cda1,False
7,sweep_1789345741348_0007,quiet-falcon-8,connect4-compact-v1,32,1,4,128,,,880640,0.0019,10.61,83000.9425070688,380064,1,0,fbef336f790798ebdce7204deb794747fcbe0fc04236fb400ad23b5badb06b47,True
8,sweep_1789345752201_0008,mystic-wolf-9,connect4-compact-v1,32,3,2,32,,,1050624,0.0,21.19,49581.12317130722,175424,1,0,299f5bf9646fd96c32be992162614cebc7a6c2f148d405a76685dc344169da84,False
9,sweep_1789345773676_0009,sunny-fox-10,connect4-compact-v1,8,1,4,64,,,999424,0.001,12.02,83146.75540765391,100040,1,0,aefd19389c02bf409742517d07a851847569a342fd23c9dfad4d307d8211f0a9,False
10,sweep_1789345785968_0010,swift-river-11,connect4-compact-v1,16,2,2,64,,,868352,0.0,13.87,62606.48882480173,166128,1,0,103533c453ff96b8ac573c2d48f08b5df94f47d7eb44b059b38d0fa486afa1a7,False
11,sweep_1789345800274_0011,swift-falcon-12,connect4-compact-v1,8,1,4,32,,,2697216,0.0014,30.55,88288.57610474632,75432,0,11,ab62c5ead4f286d2600b454e0792ca2838ef81cd06746c2998c24c88164846e4,False
12,sweep_1789345831121_0012,bright-maple-13,connect4-compact-v1,8,1,4,32,,,4538368,0.0075,51.01,88970.1627131935,75432,0,12,ab62c5ead4f286d2600b454e0792ca2838ef81cd06746c2998c24c88164846e4,True
13,sweep_1789345882436_0013,wild-tiger-14,connect4-compact-v1,8,1,4,64,,,4730880,0.0068,54.03,87560.24430871737,100040,0,13,aefd19389c02bf409742517d07a851847569a342fd23c9dfad4d307d8211f0a9,False
14,sweep_1789345936796_0014,cosmic-maple-15,connect4-compact-v1,32,1,4,128,,,1232896,0.0,14.96,82412.83422459892,380064,0,14,fbef336f790798ebdce7204deb794747fcbe0fc04236fb400ad23b5badb06b47,False
15,sweep_1789345952089_0015,clever-cat-16,connect4-compact-v1,8,1,4,32,,,3991552,0.0018,45.19,88328.2142066829,75432,0,15,ab62c5ead4f286d2600b454e0792ca2838ef81cd06746c2998c24c88164846e4,False
16,sweep_1789345997612_0016,lucky-river-17,connect4-compact-v1,8,1,4,32,,,4298752,0.0031,48.36,88890.65343258892,75432,0,16,ab62c5ead4f286d2600b454e0792ca2838ef81cd06746c2998c24c88164846e4,False
17,sweep_1789346046298_0017,gentle-cedar-18,connect4-compact-v1,8,1,4,32,,,6074368,0.097,68.48,88702.80373831776,75432,0,17,ab62c5ead4f286d2600b454e0792ca2838ef81cd06746c2998c24c88164846e4,True
18,sweep_1789346115142_0018,bright-fox-19,connect4-compact-v1,8,1,4,32,,,6639616,0.2254,73.25,90643.22184300341,75432,0,18,ab62c5ead4f286d2600b454e0792ca2838ef81cd06746c2998c24c88164846e4,False
19,sweep_1789346188820_0019,happy-robin-20,connect4-compact-v1,16,1,4,32,,,4859904,0.0184,55.74,87188.80516684607,96432,0,19,f959bea11475dd85734e98a8a4c1c817fea2f6e05a59b7563fd404635a0ba07a,True
20,sweep_1789346244956_0020,clever-robin-21,connect4-compact-v1,8,1,4,32,,,6639616,0.2063,72.87,91115.90503636612,75432,0,20,ab62c5ead4f286d2600b454e0792ca2838ef81cd06746c2998c24c88164846e4,False
21,sweep_1789346318197_0021,golden-maple-22,connect4-compact-v1,8,1,4,32,,,6639616,0.2254,72.67,91366.67125361222,75432,0,21,ab62c5ead4f286d2600b454e0792ca2838ef81cd06746c2998c24c88164846e4,False
22,sweep_1789346391169_0022,merry-maple-23,connect4-compact-v1,8,1,4,32,,,6639616,0.2276,72.66,91379.2458023672,75432,0,22,ab62c5ead4f286d2600b454e0792ca2838ef81cd06746c2998c24c88164846e4,True
23,sweep_1789346464160_0023,gentle-cedar-24,connect4-compact-v1,8,1,4,32,,,6639616,0.2208,72.69,91341.53253542441,75432,0,23,ab62c5ead4f286d2600b454e0792ca2838ef81cd06746c2998c24c88164846e4,False
