index,run_id,name,family,channels,depth,stride,projection,blocks,global_pool,architecture_json,steps,score,cost,native_avg_sps,params,random,gp_obs,architecture_sha256,pareto
0,sweep_1789353081717_0000,quiet-tiger-1,connect4-flex-v1,,1,,32,,0,"{""observation"": [1, 36, 44], ""policy.cnn_channels_1"": 8, ""policy.cnn_depth"": 1, ""policy.cnn_global_pool"": 0, ""policy.cnn_kernel_1"": 8, ""policy.cnn_pool_1"": 0, ""policy.cnn_projection"": 32, ""policy.cnn_residual_1"": 0, ""policy.cnn_stride_1"": 4, ""policy.hidden_size"": 128, ""policy.num_layers"": 1, ""version"": ""connect4-flex-v1""}",32768,0.0009,0.54,60681.481481481474,80296,0,0,91eabbab7e6736c7fd5b3d9fb77e915b0009e0352df00efea3d7d4088a6deb26,True
1,sweep_1789353082590_0001,brave-bear-2,connect4-flex-v1,,1,,16,,0,"{""observation"": [1, 36, 44], ""policy.cnn_channels_1"": 16, ""policy.cnn_depth"": 1, ""policy.cnn_global_pool"": 0, ""policy.cnn_kernel_1"": 2, ""policy.cnn_pool_1"": 2, ""policy.cnn_projection"": 16, ""policy.cnn_residual_1"": 0, ""policy.cnn_stride_1"": 8, ""policy.hidden_size"": 128, ""policy.num_layers"": 1, ""version"": ""connect4-flex-v1""}",16384,0.0005,0.32,51200.0,54752,1,0,7590c53dde1669da5b4b4ec0a69204aaed201965498729281549cbfa1108ab21,False
2,sweep_1789353083195_0002,calm-cat-3,connect4-flex-v1,,2,,64,,1,"{""observation"": [1, 36, 44], ""policy.cnn_channels_1"": 16, ""policy.cnn_channels_2"": 16, ""policy.cnn_depth"": 2, ""policy.cnn_global_pool"": 1, ""policy.cnn_kernel_1"": 4, ""policy.cnn_kernel_2"": 2, ""policy.cnn_pool_1"": 1, ""policy.cnn_pool_2"": 0, ""policy.cnn_projection"": 64, ""policy.cnn_residual_1"": 0, ""policy.cnn_residual_2"": 0, ""policy.cnn_stride_1"": 8, ""policy.cnn_stride_2"": 1, ""policy.hidden_size"": 128, ""policy.num_layers"": 1, ""version"": ""connect4-flex-v1""}",18432,0.0008,0.32,57600.0,60896,1,0,c9b0d2cc6b02d6b6d6444d8aa536df6a54fb27ae59db71287cabfc10353d4832,False
3,sweep_1789353083767_0003,quiet-tiger-4,connect4-flex-v1,,2,,32,,0,"{""observation"": [1, 36, 44], ""policy.cnn_channels_1"": 8, ""policy.cnn_channels_2"": 16, ""policy.cnn_depth"": 2, ""policy.cnn_global_pool"": 0, ""policy.cnn_kernel_1"": 6, ""policy.cnn_kernel_2"": 5, ""policy.cnn_pool_1"": 1, ""policy.cnn_pool_2"": 2, ""policy.cnn_projection"": 32, ""policy.cnn_residual_1"": 1, ""policy.cnn_residual_2"": 1, ""policy.cnn_stride_1"": 4, ""policy.cnn_stride_2"": 2, ""policy.hidden_size"": 128, ""policy.num_layers"": 1, ""version"": ""connect4-flex-v1""}",18432,0.0,0.36,51200.0,62896,1,0,2149d4c7a7417862e3e7dd6257502af5f6f5042ff4eb19db97a11ecb12c399e4,False
4,sweep_1789353084376_0004,gentle-tiger-5,connect4-flex-v1,,2,,64,,0,"{""observation"": [1, 36, 44], ""policy.cnn_channels_1"": 8, ""policy.cnn_channels_2"": 16, ""policy.cnn_depth"": 2, ""policy.cnn_global_pool"": 0, ""policy.cnn_kernel_1"": 5, ""policy.cnn_kernel_2"": 2, ""policy.cnn_pool_1"": 1, ""policy.cnn_pool_2"": 2, ""policy.cnn_projection"": 64, ""policy.cnn_residual_1"": 0, ""policy.cnn_residual_2"": 0, ""policy.cnn_stride_1"": 4, ""policy.cnn_stride_2"": 1, ""policy.hidden_size"": 128, ""policy.num_layers"": 1, ""version"": ""connect4-flex-v1""}",18432,0.0008,0.32,57600.0,68512,1,0,0cdcedb4671bb0b3c774cd7dea122d086ef4d664de857b6437df38675f58b67c,False
5,sweep_1789353084933_0005,merry-owl-6,connect4-flex-v1,,2,,32,,1,"{""observation"": [1, 36, 44], ""policy.cnn_channels_1"": 16, ""policy.cnn_channels_2"": 16, ""policy.cnn_depth"": 2, ""policy.cnn_global_pool"": 1, ""policy.cnn_kernel_1"": 3, ""policy.cnn_kernel_2"": 3, ""policy.cnn_pool_1"": 1, ""policy.cnn_pool_2"": 0, ""policy.cnn_projection"": 32, ""policy.cnn_residual_1"": 1, ""policy.cnn_residual_2"": 1, ""policy.cnn_stride_1"": 8, ""policy.cnn_stride_2"": 2, ""policy.hidden_size"": 128, ""policy.num_layers"": 1, ""version"": ""connect4-flex-v1""}",16384,0.0,0.29,56496.551724137935,62064,1,0,89d758499b0c9d104722d984a096c1d3dee4f6792fe13dff51cc25ea6ffee9fa,False
6,sweep_1789353085481_0006,lucky-bear-7,connect4-flex-v1,,1,,128,,0,"{""observation"": [1, 36, 44], ""policy.cnn_channels_1"": 16, ""policy.cnn_depth"": 1, ""policy.cnn_global_pool"": 0, ""policy.cnn_kernel_1"": 1, ""policy.cnn_pool_1"": 0, ""policy.cnn_projection"": 128, ""policy.cnn_residual_1"": 1, ""policy.cnn_stride_1"": 8, ""policy.hidden_size"": 128, ""policy.num_layers"": 1, ""version"": ""connect4-flex-v1""}",16384,0.0,0.28,58514.28571428571,114096,1,0,373f66f758a9524daa718dbe18570a1c6ccd68a4f4ce9b26ff3707d718086aa8,True
7,sweep_1789353086012_0007,bright-tiger-8,connect4-flex-v1,,3,,32,,1,"{""observation"": [1, 36, 44], ""policy.cnn_channels_1"": 32, ""policy.cnn_channels_2"": 8, ""policy.cnn_channels_3"": 16, ""policy.cnn_depth"": 3, ""policy.cnn_global_pool"": 1, ""policy.cnn_kernel_1"": 7, ""policy.cnn_kernel_2"": 1, ""policy.cnn_kernel_3"": 1, ""policy.cnn_pool_1"": 2, ""policy.cnn_pool_2"": 1, ""policy.cnn_pool_3"": 1, ""policy.cnn_projection"": 32, ""policy.cnn_residual_1"": 0, ""policy.cnn_residual_2"": 1, ""policy.cnn_residual_3"": 1, ""policy.cnn_stride_1"": 4, ""policy.cnn_stride_2"": 2, ""policy.cnn_stride_3"": 1, ""policy.hidden_size"": 128, ""policy.num_layers"": 1, ""version"": ""connect4-flex-v1""}",16384,0.0,0.31,52851.61290322581,59856,1,0,152bc85a6a3c92d3c9dc6869022f6b7ff68f48904bfebf8999f0f1328e397f61,False
8,sweep_1789353086557_0008,golden-maple-9,connect4-flex-v1,,3,,128,,0,"{""observation"": [1, 36, 44], ""policy.cnn_channels_1"": 8, ""policy.cnn_channels_2"": 8, ""policy.cnn_channels_3"": 16, ""policy.cnn_depth"": 3, ""policy.cnn_global_pool"": 0, ""policy.cnn_kernel_1"": 4, ""policy.cnn_kernel_2"": 4, ""policy.cnn_kernel_3"": 3, ""policy.cnn_pool_1"": 1, ""policy.cnn_pool_2"": 2, ""policy.cnn_pool_3"": 1, ""policy.cnn_projection"": 128, ""policy.cnn_residual_1"": 1, ""policy.cnn_residual_2"": 0, ""policy.cnn_residual_3"": 1, ""policy.cnn_stride_1"": 8, ""policy.cnn_stride_2"": 2, ""policy.cnn_stride_3"": 2, ""policy.hidden_size"": 128, ""policy.num_layers"": 1, ""version"": ""connect4-flex-v1""}",18432,0.0,0.31,59458.06451612903,57592,1,0,1b63d6bb946a9852bff7313234837451d5bcad9154b88a33ad10bbe28c7ffc80,False
9,sweep_1789353087100_0009,bright-otter-10,connect4-flex-v1,,1,,32,,1,"{""observation"": [1, 36, 44], ""policy.cnn_channels_1"": 16, ""policy.cnn_depth"": 1, ""policy.cnn_global_pool"": 1, ""policy.cnn_kernel_1"": 5, ""policy.cnn_pool_1"": 1, ""policy.cnn_projection"": 32, ""policy.cnn_residual_1"": 0, ""policy.cnn_stride_1"": 4, ""policy.hidden_size"": 128, ""policy.num_layers"": 1, ""version"": ""connect4-flex-v1""}",18432,0.0008,0.31,59458.06451612903,55360,1,0,d19bb62bd787d71119b88090c090e80bf89d5fa8bfd097e26bbdb227e03be1d2,True
10,sweep_1789353087649_0010,happy-river-11,connect4-flex-v1,,2,,64,,0,"{""observation"": [1, 36, 44], ""policy.cnn_channels_1"": 16, ""policy.cnn_channels_2"": 16, ""policy.cnn_depth"": 2, ""policy.cnn_global_pool"": 0, ""policy.cnn_kernel_1"": 8, ""policy.cnn_kernel_2"": 2, ""policy.cnn_pool_1"": 2, ""policy.cnn_pool_2"": 1, ""policy.cnn_projection"": 64, ""policy.cnn_residual_1"": 0, ""policy.cnn_residual_2"": 0, ""policy.cnn_stride_1"": 4, ""policy.cnn_stride_2"": 2, ""policy.hidden_size"": 128, ""policy.num_layers"": 1, ""version"": ""connect4-flex-v1""}",16384,0.0,0.29,56496.551724137935,64736,1,0,2a68583927f091eedad8389a25760ed18852dfc90d56c2aac17ffd146fbffc6d,False
11,sweep_1789353088338_0011,bright-falcon-12,connect4-flex-v1,,1,,32,,0,"{""observation"": [1, 36, 44], ""policy.cnn_channels_1"": 8, ""policy.cnn_depth"": 1, ""policy.cnn_global_pool"": 0, ""policy.cnn_kernel_1"": 6, ""policy.cnn_pool_1"": 0, ""policy.cnn_projection"": 32, ""policy.cnn_residual_1"": 0, ""policy.cnn_stride_1"": 4, ""policy.hidden_size"": 128, ""policy.num_layers"": 1, ""version"": ""connect4-flex-v1""}",18432,0.0008,0.35,52662.857142857145,80072,0,11,7e15d65cbf516542bfb7e69af1d7a06742fb00714a8e79d58c852141ffe1b1c8,False
