candidate,environment,seed,representation,decisions,train_seconds,score_lower,score_upper,counts
happy-cat-1,connect4cnn,60173,0,65536,0.643945009,0.0,0.0,"{""episodes"": 17, ""score"": -17, ""wins"": 0}"
happy-cat-1,connect4cnn,60173,1,65536,0.643945009,0.0,0.0,"{""episodes"": 17, ""score"": -17, ""wins"": 0}"
happy-cat-1,connect4cnn,60173,2,65536,0.643945009,0.0,0.0,"{""episodes"": 17, ""score"": -17, ""wins"": 0}"
happy-cat-1,connect4cnn,60173,3,65536,0.643945009,0.0,0.0,"{""episodes"": 17, ""score"": -17, ""wins"": 0}"
happy-cat-1,connect4cnn,60173,4,65536,0.643945009,0.0,0.0,"{""episodes"": 17, ""score"": -17, ""wins"": 0}"
happy-cat-1,connect4cnn,60173,5,65536,0.643945009,0.0,0.0,"{""episodes"": 17, ""score"": -17, ""wins"": 0}"
happy-cat-1,connect4cnn,60173,6,65536,0.643945009,0.0,0.0,"{""episodes"": 17, ""score"": -17, ""wins"": 0}"
happy-cat-1,connect4cnn,60173,7,65536,0.643945009,0.0,0.0,"{""episodes"": 17, ""score"": -17, ""wins"": 0}"
happy-cat-1,connect4cnn,60173,8,65536,0.643945009,0.0,0.0,"{""episodes"": 17, ""score"": -17, ""wins"": 0}"
happy-cat-1,connect4cnn,60173,9,65536,0.643945009,0.0,0.0,"{""episodes"": 17, ""score"": -17, ""wins"": 0}"
happy-cat-1,pongcnn,60173,0,65536,0.364503927,0.0,0.0,"{""bounds_kind"": ""deterministic-censoring-not-confidence"", ""capped"": 0, ""completed"": 17, ""episodes"": 17, ""estimand"": ""mean-final-match-point-fraction-with-censoring-bounds-v1"", ""left_points"": 357, ""mean_bounded_net_points"": -21.0, ""mean_decisions"": 181.23529411764707, ""mean_final_point_fraction_lower"": 0.0, ""mean_final_point_fraction_upper"": 0.0, ""mean_match_win_lower"": 0.0, ""mean_match_win_upper"": 0.0, ""policy_runtime_certified"": false, ""right_points"": 0, ""wins"": 0}"
happy-cat-1,pongcnn,60173,1,65536,0.364503927,0.0,0.0,"{""bounds_kind"": ""deterministic-censoring-not-confidence"", ""capped"": 0, ""completed"": 17, ""episodes"": 17, ""estimand"": ""mean-final-match-point-fraction-with-censoring-bounds-v1"", ""left_points"": 357, ""mean_bounded_net_points"": -21.0, ""mean_decisions"": 181.23529411764707, ""mean_final_point_fraction_lower"": 0.0, ""mean_final_point_fraction_upper"": 0.0, ""mean_match_win_lower"": 0.0, ""mean_match_win_upper"": 0.0, ""policy_runtime_certified"": false, ""right_points"": 0, ""wins"": 0}"
happy-cat-1,pongcnn,60173,2,65536,0.364503927,0.0,0.0,"{""bounds_kind"": ""deterministic-censoring-not-confidence"", ""capped"": 0, ""completed"": 17, ""episodes"": 17, ""estimand"": ""mean-final-match-point-fraction-with-censoring-bounds-v1"", ""left_points"": 357, ""mean_bounded_net_points"": -21.0, ""mean_decisions"": 180.52941176470588, ""mean_final_point_fraction_lower"": 0.0, ""mean_final_point_fraction_upper"": 0.0, ""mean_match_win_lower"": 0.0, ""mean_match_win_upper"": 0.0, ""policy_runtime_certified"": false, ""right_points"": 0, ""wins"": 0}"
happy-cat-1,pongcnn,60173,3,65536,0.364503927,0.0,0.0,"{""bounds_kind"": ""deterministic-censoring-not-confidence"", ""capped"": 0, ""completed"": 17, ""episodes"": 17, ""estimand"": ""mean-final-match-point-fraction-with-censoring-bounds-v1"", ""left_points"": 357, ""mean_bounded_net_points"": -21.0, ""mean_decisions"": 176.2941176470588, ""mean_final_point_fraction_lower"": 0.0, ""mean_final_point_fraction_upper"": 0.0, ""mean_match_win_lower"": 0.0, ""mean_match_win_upper"": 0.0, ""policy_runtime_certified"": false, ""right_points"": 0, ""wins"": 0}"
happy-cat-1,pongcnn,60173,4,65536,0.364503927,0.0,0.0,"{""bounds_kind"": ""deterministic-censoring-not-confidence"", ""capped"": 0, ""completed"": 17, ""episodes"": 17, ""estimand"": ""mean-final-match-point-fraction-with-censoring-bounds-v1"", ""left_points"": 357, ""mean_bounded_net_points"": -21.0, ""mean_decisions"": 174.1764705882353, ""mean_final_point_fraction_lower"": 0.0, ""mean_final_point_fraction_upper"": 0.0, ""mean_match_win_lower"": 0.0, ""mean_match_win_upper"": 0.0, ""policy_runtime_certified"": false, ""right_points"": 0, ""wins"": 0}"
happy-cat-1,pongcnn,60173,5,65536,0.364503927,0.0,0.0,"{""bounds_kind"": ""deterministic-censoring-not-confidence"", ""capped"": 0, ""completed"": 17, ""episodes"": 17, ""estimand"": ""mean-final-match-point-fraction-with-censoring-bounds-v1"", ""left_points"": 357, ""mean_bounded_net_points"": -21.0, ""mean_decisions"": 180.52941176470588, ""mean_final_point_fraction_lower"": 0.0, ""mean_final_point_fraction_upper"": 0.0, ""mean_match_win_lower"": 0.0, ""mean_match_win_upper"": 0.0, ""policy_runtime_certified"": false, ""right_points"": 0, ""wins"": 0}"
happy-cat-1,pongcnn,60173,6,65536,0.364503927,0.0,0.0,"{""bounds_kind"": ""deterministic-censoring-not-confidence"", ""capped"": 0, ""completed"": 17, ""episodes"": 17, ""estimand"": ""mean-final-match-point-fraction-with-censoring-bounds-v1"", ""left_points"": 357, ""mean_bounded_net_points"": -21.0, ""mean_decisions"": 181.94117647058823, ""mean_final_point_fraction_lower"": 0.0, ""mean_final_point_fraction_upper"": 0.0, ""mean_match_win_lower"": 0.0, ""mean_match_win_upper"": 0.0, ""policy_runtime_certified"": false, ""right_points"": 0, ""wins"": 0}"
happy-cat-1,flappycnn,60173,0,65536,0.334921893,0.0,0.0,"{""capped"": 0, ""episodes"": 17, ""mean_decisions"": 37.294117647058826, ""mean_perf"": 0.0, ""mean_pipes"": 0.0, ""mean_return"": -0.0004784429774564855, ""pipes"": 0, ""policy_runtime_certified"": false}"
happy-cat-1,flappycnn,60173,1,65536,0.334921893,0.0,0.0,"{""capped"": 0, ""episodes"": 17, ""mean_decisions"": 37.294117647058826, ""mean_perf"": 0.0, ""mean_pipes"": 0.0, ""mean_return"": -0.0004784429774564855, ""pipes"": 0, ""policy_runtime_certified"": false}"
happy-cat-1,flappycnn,60173,2,65536,0.334921893,0.0,0.0,"{""capped"": 0, ""episodes"": 17, ""mean_decisions"": 37.294117647058826, ""mean_perf"": 0.0, ""mean_pipes"": 0.0, ""mean_return"": -0.0004784429774564855, ""pipes"": 0, ""policy_runtime_certified"": false}"
happy-cat-1,flappycnn,60173,3,65536,0.334921893,0.0,0.0,"{""capped"": 0, ""episodes"": 17, ""mean_decisions"": 37.294117647058826, ""mean_perf"": 0.0, ""mean_pipes"": 0.0, ""mean_return"": -0.0005553750430836397, ""pipes"": 0, ""policy_runtime_certified"": false}"
happy-cat-1,flappycnn,60173,4,65536,0.334921893,0.0,0.0,"{""capped"": 0, ""episodes"": 17, ""mean_decisions"": 37.294117647058826, ""mean_perf"": 0.0, ""mean_pipes"": 0.0, ""mean_return"": -0.00048589005189783434, ""pipes"": 0, ""policy_runtime_certified"": false}"
happy-cat-1,flappycnn,60173,5,65536,0.334921893,0.0,0.0,"{""capped"": 0, ""episodes"": 17, ""mean_decisions"": 37.294117647058826, ""mean_perf"": 0.0, ""mean_pipes"": 0.0, ""mean_return"": -0.0004784429774564855, ""pipes"": 0, ""policy_runtime_certified"": false}"
happy-cat-1,flappycnn,60173,6,65536,0.334921893,0.0,0.0,"{""capped"": 0, ""episodes"": 17, ""mean_decisions"": 37.294117647058826, ""mean_perf"": 0.0, ""mean_pipes"": 0.0, ""mean_return"": -0.00048589005189783434, ""pipes"": 0, ""policy_runtime_certified"": false}"
happy-cat-1,breakoutcnn,60173,0,65536,0.372323114,0.4117647058823529,0.4117647058823529,"{""capped"": 0, ""completed"": 17, ""episodes"": 17, ""estimand"": ""score accumulated through first native terminal or fixed frame cap; all assigned episodes"", ""mean_decisions"": 172.0, ""mean_frames"": 515.8823529411765, ""mean_perf"": 0.00047657952424796186, ""mean_score"": 0.4117647058823529, ""policy_runtime_certified"": false, ""score"": 7}"
happy-cat-1,breakoutcnn,60173,1,65536,0.372323114,0.4117647058823529,0.4117647058823529,"{""capped"": 0, ""completed"": 17, ""episodes"": 17, ""estimand"": ""score accumulated through first native terminal or fixed frame cap; all assigned episodes"", ""mean_decisions"": 172.0, ""mean_frames"": 515.8823529411765, ""mean_perf"": 0.00047657952424796186, ""mean_score"": 0.4117647058823529, ""policy_runtime_certified"": false, ""score"": 7}"
happy-cat-1,breakoutcnn,60173,2,65536,0.372323114,0.5882352941176471,0.5882352941176471,"{""capped"": 0, ""completed"": 17, ""episodes"": 17, ""estimand"": ""score accumulated through first native terminal or fixed frame cap; all assigned episodes"", ""mean_decisions"": 178.11764705882354, ""mean_frames"": 534.1176470588235, ""mean_perf"": 0.0006808278917828027, ""mean_score"": 0.5882352941176471, ""policy_runtime_certified"": false, ""score"": 10}"
happy-cat-1,breakoutcnn,60173,3,65536,0.372323114,0.7647058823529411,0.7647058823529411,"{""capped"": 0, ""completed"": 17, ""episodes"": 17, ""estimand"": ""score accumulated through first native terminal or fixed frame cap; all assigned episodes"", ""mean_decisions"": 181.94117647058823, ""mean_frames"": 545.2941176470588, ""mean_perf"": 0.0008850762593176435, ""mean_score"": 0.7647058823529411, ""policy_runtime_certified"": false, ""score"": 13}"
happy-cat-1,breakoutcnn,60173,4,65536,0.372323114,0.4117647058823529,0.4117647058823529,"{""capped"": 0, ""completed"": 17, ""episodes"": 17, ""estimand"": ""score accumulated through first native terminal or fixed frame cap; all assigned episodes"", ""mean_decisions"": 172.0, ""mean_frames"": 515.8823529411765, ""mean_perf"": 0.00047657952424796186, ""mean_score"": 0.4117647058823529, ""policy_runtime_certified"": false, ""score"": 7}"
happy-cat-1,snakecnn,60173,0,65536,0.336981561,1.0,1.0,"{""deaths"": 17, ""episodes"": 17, ""estimand"": ""mean-ending-snake-length-all-assigned-episodes-v1"", ""foods"": 0, ""horizon_ends"": 0, ""mean_decisions"": 33.470588235294116, ""mean_foods"": 0.0, ""mean_perf"": 0.008333333767950535, ""mean_return"": -1.0, ""mean_score"": 1.0, ""policy_runtime_certified"": false, ""score"": 17}"
happy-cat-1,snakecnn,60173,1,65536,0.336981561,1.0,1.0,"{""deaths"": 17, ""episodes"": 17, ""estimand"": ""mean-ending-snake-length-all-assigned-episodes-v1"", ""foods"": 0, ""horizon_ends"": 0, ""mean_decisions"": 33.470588235294116, ""mean_foods"": 0.0, ""mean_perf"": 0.008333333767950535, ""mean_return"": -1.0, ""mean_score"": 1.0, ""policy_runtime_certified"": false, ""score"": 17}"
happy-cat-1,snakecnn,60173,2,65536,0.336981561,1.0,1.0,"{""deaths"": 17, ""episodes"": 17, ""estimand"": ""mean-ending-snake-length-all-assigned-episodes-v1"", ""foods"": 0, ""horizon_ends"": 0, ""mean_decisions"": 33.05882352941177, ""mean_foods"": 0.0, ""mean_perf"": 0.008333333767950535, ""mean_return"": -1.0, ""mean_score"": 1.0, ""policy_runtime_certified"": false, ""score"": 17}"
happy-cat-1,snakecnn,60173,3,65536,0.336981561,1.0,1.0,"{""deaths"": 17, ""episodes"": 17, ""estimand"": ""mean-ending-snake-length-all-assigned-episodes-v1"", ""foods"": 0, ""horizon_ends"": 0, ""mean_decisions"": 32.88235294117647, ""mean_foods"": 0.0, ""mean_perf"": 0.008333333767950535, ""mean_return"": -1.0, ""mean_score"": 1.0, ""policy_runtime_certified"": false, ""score"": 17}"
happy-cat-1,snakecnn,60173,4,65536,0.336981561,1.0,1.0,"{""deaths"": 17, ""episodes"": 17, ""estimand"": ""mean-ending-snake-length-all-assigned-episodes-v1"", ""foods"": 0, ""horizon_ends"": 0, ""mean_decisions"": 33.470588235294116, ""mean_foods"": 0.0, ""mean_perf"": 0.008333333767950535, ""mean_return"": -1.0, ""mean_score"": 1.0, ""policy_runtime_certified"": false, ""score"": 17}"
happy-cat-1,snakecnn,60173,5,65536,0.336981561,1.0588235294117647,1.0588235294117647,"{""deaths"": 17, ""episodes"": 17, ""estimand"": ""mean-ending-snake-length-all-assigned-episodes-v1"", ""foods"": 1, ""horizon_ends"": 0, ""mean_decisions"": 36.588235294117645, ""mean_foods"": 0.058823529411764705, ""mean_perf"": 0.008823529871947625, ""mean_return"": -0.9941176456563613, ""mean_score"": 1.0588235294117647, ""policy_runtime_certified"": false, ""score"": 18}"
happy-cat-1,mazecnn,60173,0,65536,0.425199469,0.0,0.0,"{""duplicate_native_log_entries"": 0, ""episodes"": 17, ""estimand"": ""success-fraction-all-assigned-episodes-v1"", ""heldout_exclusion_certified"": false, ""mean_decisions"": 2216.5882352941176, ""mean_return"": 0.0, ""policy_runtime_certified"": false, ""success_fraction"": 0.0, ""successes"": 0, ""timeouts"": 17}"
happy-cat-1,mazecnn,60173,1,65536,0.425199469,0.0,0.0,"{""duplicate_native_log_entries"": 0, ""episodes"": 17, ""estimand"": ""success-fraction-all-assigned-episodes-v1"", ""heldout_exclusion_certified"": false, ""mean_decisions"": 2216.5882352941176, ""mean_return"": 0.0, ""policy_runtime_certified"": false, ""success_fraction"": 0.0, ""successes"": 0, ""timeouts"": 17}"
happy-cat-1,mazecnn,60173,2,65536,0.425199469,0.0,0.0,"{""duplicate_native_log_entries"": 0, ""episodes"": 17, ""estimand"": ""success-fraction-all-assigned-episodes-v1"", ""heldout_exclusion_certified"": false, ""mean_decisions"": 2216.5882352941176, ""mean_return"": 0.0, ""policy_runtime_certified"": false, ""success_fraction"": 0.0, ""successes"": 0, ""timeouts"": 17}"
happy-cat-1,mazecnn,60173,3,65536,0.425199469,0.0,0.0,"{""duplicate_native_log_entries"": 0, ""episodes"": 17, ""estimand"": ""success-fraction-all-assigned-episodes-v1"", ""heldout_exclusion_certified"": false, ""mean_decisions"": 2216.5882352941176, ""mean_return"": 0.0, ""policy_runtime_certified"": false, ""success_fraction"": 0.0, ""successes"": 0, ""timeouts"": 17}"
happy-cat-1,mazecnn,60173,4,65536,0.425199469,0.0,0.0,"{""duplicate_native_log_entries"": 0, ""episodes"": 17, ""estimand"": ""success-fraction-all-assigned-episodes-v1"", ""heldout_exclusion_certified"": false, ""mean_decisions"": 2216.5882352941176, ""mean_return"": 0.0, ""policy_runtime_certified"": false, ""success_fraction"": 0.0, ""successes"": 0, ""timeouts"": 17}"
happy-cat-1,mazecnn,60173,5,65536,0.425199469,0.0,0.0,"{""duplicate_native_log_entries"": 0, ""episodes"": 17, ""estimand"": ""success-fraction-all-assigned-episodes-v1"", ""heldout_exclusion_certified"": false, ""mean_decisions"": 2216.5882352941176, ""mean_return"": 0.0, ""policy_runtime_certified"": false, ""success_fraction"": 0.0, ""successes"": 0, ""timeouts"": 17}"
