environment,candidate,decisions,drawings,training_seeds,metric,mean_checkpoint_seconds,score_lower,score_upper
breakoutcnn,happy-cat-1,16777216,5,2,mean score through terminal/frame cap,43.7290342715,7.142424242424243,7.142424242424243
breakoutcnn,mystic-tree-2,16777216,5,2,mean score through terminal/frame cap,57.170840056,5.842424242424242,5.842424242424242
breakoutcnn,nature-cnn,16777216,5,2,mean score through terminal/frame cap,48.4255463335,6.460606060606061,6.460606060606061
breakoutcnn,quality-reference,16777216,5,2,mean score through terminal/frame cap,45.296813399,9.445454545454545,9.445454545454545
breakoutcnn,quiet-owl-10,16777216,5,2,mean score through terminal/frame cap,69.18028168000001,6.109090909090909,6.109090909090909
breakoutcnn,quiet-owl-11,16777216,5,2,mean score through terminal/frame cap,43.874728479,6.078787878787879,6.078787878787879
breakoutcnn,quiet-owl-12,16777216,5,2,mean score through terminal/frame cap,44.4640556155,6.2696969696969695,6.2696969696969695
breakoutcnn,quiet-owl-13,16777216,5,2,mean score through terminal/frame cap,72.740694339,7.969696969696971,7.969696969696971
breakoutcnn,quiet-owl-14,16777216,5,2,mean score through terminal/frame cap,53.220810281,5.575757575757576,5.575757575757576
breakoutcnn,quiet-owl-15,16777216,5,2,mean score through terminal/frame cap,68.84252120900001,6.148484848484848,6.148484848484848
breakoutcnn,quiet-owl-16,16777216,5,2,mean score through terminal/frame cap,91.4184352405,6.324242424242424,6.324242424242424
breakoutcnn,quiet-owl-17,16777216,5,2,mean score through terminal/frame cap,43.628851263499996,7.142424242424243,7.142424242424243
breakoutcnn,quiet-owl-18,16777216,5,2,mean score through terminal/frame cap,51.478846357500004,5.915151515151515,5.915151515151515
breakoutcnn,quiet-owl-19,16777216,5,2,mean score through terminal/frame cap,74.81755629099999,6.466666666666667,6.466666666666667
breakoutcnn,quiet-owl-20,16777216,5,2,mean score through terminal/frame cap,85.0440378055,7.0,7.0
breakoutcnn,quiet-owl-21,16777216,5,2,mean score through terminal/frame cap,87.0535105225,6.403030303030303,6.403030303030303
breakoutcnn,quiet-owl-22,16777216,5,2,mean score through terminal/frame cap,44.4400052735,7.415151515151516,7.415151515151516
breakoutcnn,quiet-owl-23,16777216,5,2,mean score through terminal/frame cap,46.432137241,8.093939393939394,8.093939393939394
breakoutcnn,quiet-owl-24,16777216,5,2,mean score through terminal/frame cap,60.180854061999995,6.275757575757575,6.275757575757575
breakoutcnn,quiet-owl-25,16777216,5,2,mean score through terminal/frame cap,91.285510419,10.727272727272728,10.727272727272728
breakoutcnn,quiet-owl-26,16777216,5,2,mean score through terminal/frame cap,45.1251926975,7.142424242424243,7.142424242424243
breakoutcnn,quiet-owl-27,16777216,5,2,mean score through terminal/frame cap,54.430553582,5.972727272727273,5.972727272727273
breakoutcnn,quiet-owl-28,16777216,5,2,mean score through terminal/frame cap,46.83131848,8.093939393939394,8.093939393939394
breakoutcnn,quiet-owl-29,16777216,5,2,mean score through terminal/frame cap,91.33240595000001,8.133333333333333,8.133333333333333
breakoutcnn,quiet-owl-30,16777216,5,2,mean score through terminal/frame cap,82.883687018,8.666666666666666,8.666666666666666
breakoutcnn,quiet-owl-31,16777216,5,2,mean score through terminal/frame cap,57.9963081015,5.86969696969697,5.86969696969697
breakoutcnn,quiet-owl-32,16777216,5,2,mean score through terminal/frame cap,65.165407523,6.275757575757575,6.275757575757575
breakoutcnn,quiet-owl-33,16777216,5,2,mean score through terminal/frame cap,61.2093072325,6.945454545454545,6.945454545454545
breakoutcnn,quiet-owl-34,16777216,5,2,mean score through terminal/frame cap,78.7489979405,6.609090909090909,6.609090909090909
breakoutcnn,quiet-owl-35,16777216,5,2,mean score through terminal/frame cap,83.051314081,13.621212121212121,13.621212121212121
breakoutcnn,quiet-owl-36,16777216,5,2,mean score through terminal/frame cap,92.72864032300001,7.3121212121212125,7.3121212121212125
breakoutcnn,quiet-owl-37,16777216,5,2,mean score through terminal/frame cap,90.698523848,7.054545454545455,7.054545454545455
breakoutcnn,quiet-owl-38,16777216,5,2,mean score through terminal/frame cap,54.639314738500005,5.972727272727273,5.972727272727273
breakoutcnn,quiet-owl-39,16777216,5,2,mean score through terminal/frame cap,64.9815766945,7.751515151515152,7.751515151515152
breakoutcnn,quiet-owl-4,16777216,5,2,mean score through terminal/frame cap,112.27496227099999,6.527272727272728,6.527272727272728
breakoutcnn,quiet-owl-40,16777216,5,2,mean score through terminal/frame cap,57.8378771405,6.906060606060606,6.906060606060606
breakoutcnn,quiet-owl-41,16777216,5,2,mean score through terminal/frame cap,61.2116154135,6.945454545454545,6.945454545454545
breakoutcnn,quiet-owl-42,16777216,5,2,mean score through terminal/frame cap,61.18009695,6.945454545454545,6.945454545454545
breakoutcnn,quiet-owl-43,16777216,5,2,mean score through terminal/frame cap,61.436602812000004,6.945454545454545,6.945454545454545
breakoutcnn,quiet-owl-44,16777216,5,2,mean score through terminal/frame cap,62.281778268,11.972727272727273,11.972727272727273
breakoutcnn,quiet-owl-45,16777216,5,2,mean score through terminal/frame cap,62.075415659499996,11.972727272727273,11.972727272727273
breakoutcnn,quiet-owl-5,16777216,5,2,mean score through terminal/frame cap,62.1185354675,6.448484848484848,6.448484848484848
breakoutcnn,quiet-owl-6,16777216,5,2,mean score through terminal/frame cap,44.095398598,7.142424242424243,7.142424242424243
breakoutcnn,quiet-owl-7,16777216,5,2,mean score through terminal/frame cap,53.499137026,5.963636363636363,5.963636363636363
breakoutcnn,quiet-owl-8,16777216,5,2,mean score through terminal/frame cap,56.50893961,6.675757575757575,6.675757575757575
breakoutcnn,quiet-owl-9,16777216,5,2,mean score through terminal/frame cap,69.8628985685,7.969696969696971,7.969696969696971
breakoutcnn,swift-fox-3,16777216,5,2,mean score through terminal/frame cap,43.600363044000005,5.584848484848485,5.584848484848485
connect4cnn,happy-cat-1,13312000,10,2,win fraction,72.8610600615,0.353030303030303,0.353030303030303
connect4cnn,mystic-tree-2,13312000,10,2,win fraction,85.263877794,0.013636363636363636,0.013636363636363636
connect4cnn,nature-cnn,13312000,10,2,win fraction,77.50762675850001,0.4257575757575758,0.4257575757575758
connect4cnn,quality-reference,13312000,10,2,win fraction,75.0761587765,0.43787878787878787,0.43787878787878787
connect4cnn,quiet-owl-10,13312000,10,2,win fraction,89.1177741365,0.29545454545454547,0.29545454545454547
connect4cnn,quiet-owl-11,13312000,10,2,win fraction,78.2552329805,0.2590909090909091,0.2590909090909091
connect4cnn,quiet-owl-12,13312000,10,2,win fraction,74.5281725025,0.3848484848484849,0.3848484848484849
connect4cnn,quiet-owl-13,13312000,10,2,win fraction,97.37979748949999,0.36363636363636365,0.36363636363636365
connect4cnn,quiet-owl-14,13312000,10,2,win fraction,80.373107398,0.07424242424242425,0.07424242424242425
connect4cnn,quiet-owl-15,13312000,10,2,win fraction,92.14001154900001,0.06212121212121212,0.06212121212121212
connect4cnn,quiet-owl-16,13312000,10,2,win fraction,108.00462875599999,0.43787878787878787,0.43787878787878787
connect4cnn,quiet-owl-17,13312000,10,2,win fraction,72.714470611,0.353030303030303,0.353030303030303
connect4cnn,quiet-owl-18,13312000,10,2,win fraction,78.92208045550001,0.15303030303030302,0.15303030303030302
connect4cnn,quiet-owl-19,13312000,10,2,win fraction,97.259648329,0.3696969696969697,0.3696969696969697
connect4cnn,quiet-owl-20,13312000,10,2,win fraction,105.300606059,0.21515151515151515,0.21515151515151515
connect4cnn,quiet-owl-21,13312000,10,2,win fraction,108.635893891,0.33181818181818185,0.33181818181818185
connect4cnn,quiet-owl-22,13312000,10,2,win fraction,73.84036636249999,0.45,0.45
connect4cnn,quiet-owl-23,13312000,10,2,win fraction,74.797420031,0.38181818181818183,0.38181818181818183
connect4cnn,quiet-owl-24,13312000,10,2,win fraction,85.8220390805,0.23030303030303031,0.23030303030303031
connect4cnn,quiet-owl-25,13312000,10,2,win fraction,107.900633755,0.36818181818181817,0.36818181818181817
connect4cnn,quiet-owl-26,13312000,10,2,win fraction,74.3666589355,0.353030303030303,0.353030303030303
connect4cnn,quiet-owl-27,13312000,10,2,win fraction,80.49872548799999,0.4257575757575758,0.4257575757575758
connect4cnn,quiet-owl-28,13312000,10,2,win fraction,75.724040766,0.38181818181818183,0.38181818181818183
connect4cnn,quiet-owl-29,13312000,10,2,win fraction,109.723267482,0.353030303030303,0.353030303030303
connect4cnn,quiet-owl-30,13312000,10,2,win fraction,103.6973720135,0.4,0.4
connect4cnn,quiet-owl-31,13312000,10,2,win fraction,84.3121031215,0.2606060606060606,0.2606060606060606
connect4cnn,quiet-owl-32,13312000,10,2,win fraction,89.7069045345,0.453030303030303,0.453030303030303
connect4cnn,quiet-owl-33,13312000,10,2,win fraction,86.6476951375,0.4333333333333333,0.4333333333333333
connect4cnn,quiet-owl-34,13312000,10,2,win fraction,97.83214611349999,0.33484848484848484,0.33484848484848484
connect4cnn,quiet-owl-35,13312000,10,2,win fraction,104.04751354,0.3893939393939394,0.3893939393939394
connect4cnn,quiet-owl-36,13312000,10,2,win fraction,110.7725240985,0.3939393939393939,0.3939393939393939
connect4cnn,quiet-owl-37,13312000,10,2,win fraction,109.86856406,0.4893939393939394,0.4893939393939394
connect4cnn,quiet-owl-38,13312000,10,2,win fraction,80.90395838200001,0.4257575757575758,0.4257575757575758
connect4cnn,quiet-owl-39,13312000,10,2,win fraction,89.59217356900001,0.44545454545454544,0.44545454545454544
connect4cnn,quiet-owl-4,13312000,10,2,win fraction,121.930036457,0.40606060606060607,0.40606060606060607
connect4cnn,quiet-owl-40,13312000,10,2,win fraction,84.5793309345,0.3393939393939394,0.3393939393939394
connect4cnn,quiet-owl-41,13312000,10,2,win fraction,86.550340333,0.4333333333333333,0.4333333333333333
connect4cnn,quiet-owl-42,13312000,10,2,win fraction,87.357471786,0.4333333333333333,0.4333333333333333
connect4cnn,quiet-owl-43,13312000,10,2,win fraction,87.279445438,0.4333333333333333,0.4333333333333333
connect4cnn,quiet-owl-44,13312000,10,2,win fraction,86.32065153799999,0.4590909090909091,0.4590909090909091
connect4cnn,quiet-owl-45,13312000,10,2,win fraction,86.30113711,0.4590909090909091,0.4590909090909091
connect4cnn,quiet-owl-5,13312000,10,2,win fraction,90.393823057,0.0015151515151515152,0.0015151515151515152
connect4cnn,quiet-owl-6,13312000,10,2,win fraction,73.54014731000001,0.353030303030303,0.353030303030303
connect4cnn,quiet-owl-7,13312000,10,2,win fraction,83.7257196185,0.18484848484848485,0.18484848484848485
connect4cnn,quiet-owl-8,13312000,10,2,win fraction,80.84892718149999,0.14242424242424243,0.14242424242424243
connect4cnn,quiet-owl-9,13312000,10,2,win fraction,94.545395454,0.36363636363636365,0.36363636363636365
connect4cnn,swift-fox-3,13312000,10,2,win fraction,75.4948596875,0.0,0.0
flappycnn,happy-cat-1,19922944,7,2,mean pipes,38.186195673,15.781385281385282,15.781385281385282
flappycnn,mystic-tree-2,19922944,7,2,mean pipes,54.0108062655,7.37878787878788,7.37878787878788
flappycnn,nature-cnn,19922944,7,2,mean pipes,42.764945989,33.04112554112554,33.04112554112554
flappycnn,quality-reference,19922944,7,2,mean pipes,41.811422949000004,24.3961038961039,24.3961038961039
flappycnn,quiet-owl-10,19922944,7,2,mean pipes,68.014400303,20.134199134199132,20.134199134199132
flappycnn,quiet-owl-11,19922944,7,2,mean pipes,38.041966977499996,19.019480519480517,19.019480519480517
flappycnn,quiet-owl-12,19922944,7,2,mean pipes,39.127821929,20.23160173160173,20.23160173160173
flappycnn,quiet-owl-13,19922944,7,2,mean pipes,74.34167721899999,13.071428571428571,13.071428571428571
flappycnn,quiet-owl-14,19922944,7,2,mean pipes,49.495808365,11.454545454545455,11.454545454545455
flappycnn,quiet-owl-15,19922944,7,2,mean pipes,68.453319205,15.841991341991342,15.841991341991342
flappycnn,quiet-owl-16,19922944,7,2,mean pipes,94.20809161400001,14.017316017316018,14.017316017316018
flappycnn,quiet-owl-17,19922944,7,2,mean pipes,38.2577923935,15.781385281385282,15.781385281385282
flappycnn,quiet-owl-18,19922944,7,2,mean pipes,47.844318227,4.424242424242424,4.424242424242424
flappycnn,quiet-owl-19,19922944,7,2,mean pipes,76.65235583399999,13.231601731601732,13.231601731601732
flappycnn,quiet-owl-20,19922944,7,2,mean pipes,87.8499204215,6.837662337662338,6.837662337662338
flappycnn,quiet-owl-21,19922944,7,2,mean pipes,91.261977665,23.028138528138527,23.028138528138527
flappycnn,quiet-owl-22,19922944,7,2,mean pipes,39.3297754395,23.445887445887447,23.445887445887447
flappycnn,quiet-owl-23,19922944,7,2,mean pipes,41.380970726,29.045454545454543,29.045454545454543
flappycnn,quiet-owl-24,19922944,7,2,mean pipes,59.361505645,13.562770562770563,13.562770562770563
flappycnn,quiet-owl-25,19922944,7,2,mean pipes,91.661955559,14.497835497835498,14.497835497835498
flappycnn,quiet-owl-26,19922944,7,2,mean pipes,40.049356294999995,15.781385281385282,15.781385281385282
flappycnn,quiet-owl-27,19922944,7,2,mean pipes,51.287020429500004,14.352813852813853,14.352813852813853
flappycnn,quiet-owl-28,19922944,7,2,mean pipes,42.203056084500005,29.045454545454543,29.045454545454543
flappycnn,quiet-owl-29,19922944,7,2,mean pipes,95.094697943,18.785714285714285,18.785714285714285
flappycnn,quiet-owl-30,19922944,7,2,mean pipes,85.3499521135,25.519480519480517,25.519480519480517
flappycnn,quiet-owl-31,19922944,7,2,mean pipes,55.554563284,18.35064935064935,18.35064935064935
flappycnn,quiet-owl-32,19922944,7,2,mean pipes,64.256921827,14.333333333333332,14.333333333333332
flappycnn,quiet-owl-33,19922944,7,2,mean pipes,59.4940238935,23.720779220779225,23.720779220779225
flappycnn,quiet-owl-34,19922944,7,2,mean pipes,74.947657036,32.803030303030305,32.803030303030305
flappycnn,quiet-owl-35,19922944,7,2,mean pipes,85.1670057375,26.1038961038961,26.1038961038961
flappycnn,quiet-owl-36,19922944,7,2,mean pipes,96.1589437005,14.04978354978355,14.04978354978355
flappycnn,quiet-owl-37,19922944,7,2,mean pipes,93.88187452,10.16883116883117,10.16883116883117
flappycnn,quiet-owl-38,19922944,7,2,mean pipes,51.4376600905,14.352813852813853,14.352813852813853
flappycnn,quiet-owl-39,19922944,7,2,mean pipes,64.14571014399999,21.285714285714285,21.285714285714285
flappycnn,quiet-owl-4,19922944,7,2,mean pipes,115.918289275,13.70779220779221,13.70779220779221
flappycnn,quiet-owl-40,19922944,7,2,mean pipes,55.580424984000004,25.365800865800868,25.365800865800868
flappycnn,quiet-owl-41,19922944,7,2,mean pipes,59.7495465225,23.720779220779225,23.720779220779225
flappycnn,quiet-owl-42,19922944,7,2,mean pipes,59.2398215005,23.720779220779225,23.720779220779225
flappycnn,quiet-owl-43,19922944,7,2,mean pipes,59.3521055215,23.720779220779225,23.720779220779225
flappycnn,quiet-owl-44,19922944,7,2,mean pipes,60.7846385315,23.660173160173162,23.660173160173162
flappycnn,quiet-owl-45,19922944,7,2,mean pipes,60.196525845,23.660173160173162,23.660173160173162
flappycnn,quiet-owl-5,19922944,7,2,mean pipes,60.61193351,15.7012987012987,15.7012987012987
flappycnn,quiet-owl-6,19922944,7,2,mean pipes,38.6117190675,15.781385281385282,15.781385281385282
flappycnn,quiet-owl-7,19922944,7,2,mean pipes,50.810274484,23.458874458874458,23.458874458874458
flappycnn,quiet-owl-8,19922944,7,2,mean pipes,51.580627076,23.166666666666664,23.166666666666664
flappycnn,quiet-owl-9,19922944,7,2,mean pipes,70.599285184,13.071428571428571,13.071428571428571
flappycnn,swift-fox-3,19922944,7,2,mean pipes,37.3161334055,2.0086580086580086,2.0086580086580086
mazecnn,happy-cat-1,33554432,6,2,goal fraction,103.4544373985,0.15151515151515152,0.15151515151515152
mazecnn,mystic-tree-2,33554432,6,2,goal fraction,149.304586691,0.10101010101010101,0.10101010101010101
mazecnn,nature-cnn,33554432,6,2,goal fraction,120.5591244015,0.2297979797979798,0.2297979797979798
mazecnn,quality-reference,33554432,6,2,goal fraction,112.595723456,0.2828282828282828,0.2828282828282828
mazecnn,quiet-owl-10,33554432,6,2,goal fraction,203.202748092,0.1590909090909091,0.1590909090909091
mazecnn,quiet-owl-11,33554432,6,2,goal fraction,102.9177060205,0.27020202020202017,0.27020202020202017
mazecnn,quiet-owl-12,33554432,6,2,goal fraction,105.153676663,0.2272727272727273,0.2272727272727273
mazecnn,quiet-owl-13,33554432,6,2,goal fraction,239.9218632655,0.17929292929292928,0.17929292929292928
mazecnn,quiet-owl-14,33554432,6,2,goal fraction,148.50272979,0.15151515151515152,0.15151515151515152
mazecnn,quiet-owl-15,33554432,6,2,goal fraction,213.652298419,0.13383838383838384,0.13383838383838384
mazecnn,quiet-owl-16,33554432,6,2,goal fraction,311.1732199795,0.1691919191919192,0.1691919191919192
mazecnn,quiet-owl-17,33554432,6,2,goal fraction,103.3179263465,0.15151515151515152,0.15151515151515152
mazecnn,quiet-owl-18,33554432,6,2,goal fraction,141.6428941295,0.1313131313131313,0.1313131313131313
mazecnn,quiet-owl-19,33554432,6,2,goal fraction,247.1778973495,0.25757575757575757,0.25757575757575757
mazecnn,quiet-owl-20,33554432,6,2,goal fraction,284.1837325995,0.16161616161616163,0.16161616161616163
mazecnn,quiet-owl-21,33554432,6,2,goal fraction,309.0119341525,0.18686868686868685,0.18686868686868685
mazecnn,quiet-owl-22,33554432,6,2,goal fraction,107.9814163395,0.255050505050505,0.255050505050505
mazecnn,quiet-owl-23,33554432,6,2,goal fraction,114.001786416,0.2474747474747475,0.2474747474747475
mazecnn,quiet-owl-24,33554432,6,2,goal fraction,171.038023935,0.20707070707070707,0.20707070707070707
mazecnn,quiet-owl-25,33554432,6,2,goal fraction,311.7700195655,0.16161616161616163,0.16161616161616163
mazecnn,quiet-owl-26,33554432,6,2,goal fraction,108.197534515,0.15151515151515152,0.15151515151515152
mazecnn,quiet-owl-27,33554432,6,2,goal fraction,152.3201453725,0.17424242424242423,0.17424242424242423
mazecnn,quiet-owl-28,33554432,6,2,goal fraction,115.5771789085,0.2474747474747475,0.2474747474747475
mazecnn,quiet-owl-29,33554432,6,2,goal fraction,314.6326832285,0.1818181818181818,0.1818181818181818
mazecnn,quiet-owl-30,33554432,6,2,goal fraction,274.839949323,0.28535353535353536,0.28535353535353536
mazecnn,quiet-owl-31,33554432,6,2,goal fraction,160.42521315850001,0.24494949494949494,0.24494949494949494
mazecnn,quiet-owl-32,33554432,6,2,goal fraction,197.5379351195,0.1818181818181818,0.1818181818181818
mazecnn,quiet-owl-33,33554432,6,2,goal fraction,185.72104904550002,0.22727272727272727,0.22727272727272727
mazecnn,quiet-owl-34,33554432,6,2,goal fraction,245.6976125915,0.1994949494949495,0.1994949494949495
mazecnn,quiet-owl-35,33554432,6,2,goal fraction,274.00425096749996,0.20707070707070707,0.20707070707070707
mazecnn,quiet-owl-36,33554432,6,2,goal fraction,313.595291114,0.2601010101010101,0.2601010101010101
mazecnn,quiet-owl-37,33554432,6,2,goal fraction,311.94018651700003,0.12373737373737374,0.12373737373737374
mazecnn,quiet-owl-38,33554432,6,2,goal fraction,153.342098902,0.17424242424242423,0.17424242424242423
mazecnn,quiet-owl-39,33554432,6,2,goal fraction,196.5792726605,0.25,0.25
mazecnn,quiet-owl-4,33554432,6,2,goal fraction,407.14461745200003,0.23232323232323235,0.23232323232323235
mazecnn,quiet-owl-40,33554432,6,2,goal fraction,160.6465472575,0.1919191919191919,0.1919191919191919
mazecnn,quiet-owl-41,33554432,6,2,goal fraction,187.28541719150002,0.22727272727272727,0.22727272727272727
mazecnn,quiet-owl-42,33554432,6,2,goal fraction,186.327849195,0.22727272727272727,0.22727272727272727
mazecnn,quiet-owl-43,33554432,6,2,goal fraction,185.9748067985,0.22727272727272727,0.22727272727272727
mazecnn,quiet-owl-44,33554432,6,2,goal fraction,187.8513038515,0.18686868686868685,0.18686868686868685
mazecnn,quiet-owl-45,33554432,6,2,goal fraction,185.499240838,0.18686868686868685,0.18686868686868685
mazecnn,quiet-owl-5,33554432,6,2,goal fraction,181.9018207655,0.13383838383838384,0.13383838383838384
mazecnn,quiet-owl-6,33554432,6,2,goal fraction,104.4102262875,0.15151515151515152,0.15151515151515152
mazecnn,quiet-owl-7,33554432,6,2,goal fraction,146.1105629755,0.10606060606060606,0.10606060606060606
mazecnn,quiet-owl-8,33554432,6,2,goal fraction,143.4427718105,0.0984848484848485,0.0984848484848485
mazecnn,quiet-owl-9,33554432,6,2,goal fraction,224.573995139,0.17929292929292928,0.17929292929292928
mazecnn,swift-fox-3,33554432,6,2,goal fraction,90.01568063549999,0.20454545454545456,0.20454545454545456
pongcnn,happy-cat-1,8388608,7,2,mean final point fraction (censoring bounds),19.851766828,0.5979790216209621,0.6164284149194152
pongcnn,mystic-tree-2,8388608,7,2,mean final point fraction (censoring bounds),26.548785453,0.0,0.0
pongcnn,nature-cnn,8388608,7,2,mean final point fraction (censoring bounds),23.4198735165,0.1562784490969676,0.6306323841802526
pongcnn,quality-reference,8388608,7,2,mean final point fraction (censoring bounds),22.371817971,0.41567119771138833,0.7268899259353806
pongcnn,quiet-owl-10,8388608,7,2,mean final point fraction (censoring bounds),31.472854087,0.28680930652884223,0.43463771506879306
pongcnn,quiet-owl-11,8388608,7,2,mean final point fraction (censoring bounds),20.785912066999998,0.06780940582919019,0.26331974040862083
pongcnn,quiet-owl-12,8388608,7,2,mean final point fraction (censoring bounds),20.4425311135,0.22368126838255264,0.5929403476540782
pongcnn,quiet-owl-13,8388608,7,2,mean final point fraction (censoring bounds),35.018416606,0.5946194238301317,0.6103175267714952
pongcnn,quiet-owl-14,8388608,7,2,mean final point fraction (censoring bounds),24.805551915499997,0.31697559027064026,0.3179978044186567
pongcnn,quiet-owl-15,8388608,7,2,mean final point fraction (censoring bounds),32.677146352,0.28551751279024,0.28551751279024
pongcnn,quiet-owl-16,8388608,7,2,mean final point fraction (censoring bounds),42.519015767,0.4315307317625578,0.689344017042121
pongcnn,quiet-owl-17,8388608,7,2,mean final point fraction (censoring bounds),20.0008455685,0.5979790216209621,0.6164284149194152
pongcnn,quiet-owl-18,8388608,7,2,mean final point fraction (censoring bounds),24.03133588,0.7108592988039628,0.7108592988039628
pongcnn,quiet-owl-19,8388608,7,2,mean final point fraction (censoring bounds),36.166580064499996,0.3861901026268426,0.6163736954749458
pongcnn,quiet-owl-20,8388608,7,2,mean final point fraction (censoring bounds),41.5185859365,0.44651683967065753,0.5572970042057201
pongcnn,quiet-owl-21,8388608,7,2,mean final point fraction (censoring bounds),42.8941669125,0.6734016887694916,0.6734016887694916
pongcnn,quiet-owl-22,8388608,7,2,mean final point fraction (censoring bounds),20.4188524065,0.3569460842188115,0.6986166228759928
pongcnn,quiet-owl-23,8388608,7,2,mean final point fraction (censoring bounds),21.334998414,0.3160779768712431,0.6586557510652798
pongcnn,quiet-owl-24,8388608,7,2,mean final point fraction (censoring bounds),29.043719379000002,0.2130807408362078,0.3781065504324355
pongcnn,quiet-owl-25,8388608,7,2,mean final point fraction (censoring bounds),43.066297904500004,0.8565525383707202,0.8565525383707202
pongcnn,quiet-owl-26,8388608,7,2,mean final point fraction (censoring bounds),20.753163797,0.5979790216209621,0.6164284149194152
pongcnn,quiet-owl-27,8388608,7,2,mean final point fraction (censoring bounds),25.6183373485,0.25726221636540236,0.40072612712090994
pongcnn,quiet-owl-28,8388608,7,2,mean final point fraction (censoring bounds),21.589063091,0.3160779768712431,0.6586557510652798
pongcnn,quiet-owl-29,8388608,7,2,mean final point fraction (censoring bounds),43.820135682499995,0.6288056802819426,0.7957623792173939
pongcnn,quiet-owl-30,8388608,7,2,mean final point fraction (censoring bounds),39.833947334,0.33426859274127807,0.5833575939579274
pongcnn,quiet-owl-31,8388608,7,2,mean final point fraction (censoring bounds),27.2335331845,0.31165615863279644,0.6537627488838197
pongcnn,quiet-owl-32,8388608,7,2,mean final point fraction (censoring bounds),30.783944024500002,0.32090384641076974,0.32090384641076974
pongcnn,quiet-owl-33,8388608,7,2,mean final point fraction (censoring bounds),28.9563630505,0.4967623394126263,0.5849551788413577
pongcnn,quiet-owl-34,8388608,7,2,mean final point fraction (censoring bounds),35.381429572,0.5701495474222746,0.651817759298618
pongcnn,quiet-owl-35,8388608,7,2,mean final point fraction (censoring bounds),39.7690036365,0.36613849540082627,0.7421019588850577
pongcnn,quiet-owl-36,8388608,7,2,mean final point fraction (censoring bounds),44.242321449,0.3904627028088177,0.5577112151466739
pongcnn,quiet-owl-37,8388608,7,2,mean final point fraction (censoring bounds),43.641982146000004,0.38954057712108126,0.5862593932241176
pongcnn,quiet-owl-38,8388608,7,2,mean final point fraction (censoring bounds),25.597453249,0.25726221636540236,0.40072612712090994
pongcnn,quiet-owl-39,8388608,7,2,mean final point fraction (censoring bounds),30.8285319775,0.19968311282804643,0.5260243553608883
pongcnn,quiet-owl-4,8388608,7,2,mean final point fraction (censoring bounds),50.881235441499996,0.4579821588803735,0.8179247795631233
pongcnn,quiet-owl-40,8388608,7,2,mean final point fraction (censoring bounds),27.2030412605,0.3210408107223751,0.5924267269505294
pongcnn,quiet-owl-41,8388608,7,2,mean final point fraction (censoring bounds),28.826171535999997,0.4967623394126263,0.5849551788413577
pongcnn,quiet-owl-42,8388608,7,2,mean final point fraction (censoring bounds),28.844370167999998,0.4967623394126263,0.5849551788413577
pongcnn,quiet-owl-43,8388608,7,2,mean final point fraction (censoring bounds),28.883866492499997,0.4967623394126263,0.5849551788413577
pongcnn,quiet-owl-44,8388608,7,2,mean final point fraction (censoring bounds),29.0093655425,0.7235780990101233,0.8145438241640243
pongcnn,quiet-owl-45,8388608,7,2,mean final point fraction (censoring bounds),29.1779633075,0.7235780990101233,0.8145438241640243
pongcnn,quiet-owl-5,8388608,7,2,mean final point fraction (censoring bounds),29.667170692,0.0,0.0
pongcnn,quiet-owl-6,8388608,7,2,mean final point fraction (censoring bounds),20.317528592000002,0.5979790216209621,0.6164284149194152
pongcnn,quiet-owl-7,8388608,7,2,mean final point fraction (censoring bounds),25.8472569315,0.4233303933441018,0.552180870550582
pongcnn,quiet-owl-8,8388608,7,2,mean final point fraction (censoring bounds),25.6558821975,0.5967413268256145,0.6057583473419348
pongcnn,quiet-owl-9,8388608,7,2,mean final point fraction (censoring bounds),33.722793541,0.5946194238301317,0.6103175267714952
pongcnn,swift-fox-3,8388608,7,2,mean final point fraction (censoring bounds),19.18704605,0.0,0.0
snakecnn,happy-cat-1,8388608,6,2,mean ending length,17.195027849,5.775252525252525,5.775252525252525
snakecnn,mystic-tree-2,8388608,6,2,mean ending length,24.178838307,3.686868686868687,3.686868686868687
snakecnn,nature-cnn,8388608,6,2,mean ending length,19.8112548185,7.18939393939394,7.18939393939394
snakecnn,quality-reference,8388608,6,2,mean ending length,18.7905285365,6.146464646464647,6.146464646464647
snakecnn,quiet-owl-10,8388608,6,2,mean ending length,29.602009488,6.838383838383838,6.838383838383838
snakecnn,quiet-owl-11,8388608,6,2,mean ending length,17.1963216735,5.507575757575758,5.507575757575758
snakecnn,quiet-owl-12,8388608,6,2,mean ending length,17.8418295835,5.525252525252526,5.525252525252526
snakecnn,quiet-owl-13,8388608,6,2,mean ending length,32.189211547,5.3560606060606055,5.3560606060606055
snakecnn,quiet-owl-14,8388608,6,2,mean ending length,21.955952576,4.171717171717172,4.171717171717172
snakecnn,quiet-owl-15,8388608,6,2,mean ending length,30.0264824725,3.9545454545454546,3.9545454545454546
snakecnn,quiet-owl-16,8388608,6,2,mean ending length,41.6257240825,7.3560606060606055,7.3560606060606055
snakecnn,quiet-owl-17,8388608,6,2,mean ending length,17.353418066499998,5.775252525252525,5.775252525252525
snakecnn,quiet-owl-18,8388608,6,2,mean ending length,21.343695957999998,3.9469696969696972,3.9469696969696972
snakecnn,quiet-owl-19,8388608,6,2,mean ending length,32.782746216,5.987373737373737,5.987373737373737
snakecnn,quiet-owl-20,8388608,6,2,mean ending length,38.471040716000005,5.671717171717172,5.671717171717172
snakecnn,quiet-owl-21,8388608,6,2,mean ending length,39.344727517,6.156565656565657,6.156565656565657
snakecnn,quiet-owl-22,8388608,6,2,mean ending length,18.1684881625,5.666666666666667,5.666666666666667
snakecnn,quiet-owl-23,8388608,6,2,mean ending length,19.237892167,6.123737373737374,6.123737373737374
snakecnn,quiet-owl-24,8388608,6,2,mean ending length,25.977817745499998,5.391414141414142,5.391414141414142
snakecnn,quiet-owl-25,8388608,6,2,mean ending length,41.527590785499996,6.391414141414142,6.391414141414142
snakecnn,quiet-owl-26,8388608,6,2,mean ending length,18.153572824,5.775252525252525,5.775252525252525
snakecnn,quiet-owl-27,8388608,6,2,mean ending length,22.7478288835,7.851010101010101,7.851010101010101
snakecnn,quiet-owl-28,8388608,6,2,mean ending length,18.970135566,6.123737373737374,6.123737373737374
snakecnn,quiet-owl-29,8388608,6,2,mean ending length,41.380856613,8.015151515151516,8.015151515151516
snakecnn,quiet-owl-30,8388608,6,2,mean ending length,37.1619081035,9.252525252525253,9.252525252525253
snakecnn,quiet-owl-31,8388608,6,2,mean ending length,24.581518931,5.777777777777778,5.777777777777778
snakecnn,quiet-owl-32,8388608,6,2,mean ending length,28.117586143,5.545454545454546,5.545454545454546
snakecnn,quiet-owl-33,8388608,6,2,mean ending length,26.13587678,7.348484848484849,7.348484848484849
snakecnn,quiet-owl-34,8388608,6,2,mean ending length,33.1120390755,7.883838383838384,7.883838383838384
snakecnn,quiet-owl-35,8388608,6,2,mean ending length,37.07803325650001,7.598484848484849,7.598484848484849
snakecnn,quiet-owl-36,8388608,6,2,mean ending length,41.772007192000004,9.734848484848484,9.734848484848484
snakecnn,quiet-owl-37,8388608,6,2,mean ending length,40.9232884865,7.270202020202021,7.270202020202021
snakecnn,quiet-owl-38,8388608,6,2,mean ending length,22.856756096,7.851010101010101,7.851010101010101
snakecnn,quiet-owl-39,8388608,6,2,mean ending length,28.4756931685,8.378787878787879,8.378787878787879
snakecnn,quiet-owl-4,8388608,6,2,mean ending length,52.016941988499994,6.790404040404041,6.790404040404041
snakecnn,quiet-owl-40,8388608,6,2,mean ending length,24.684550281,6.396464646464646,6.396464646464646
snakecnn,quiet-owl-41,8388608,6,2,mean ending length,26.4538755025,7.348484848484849,7.348484848484849
snakecnn,quiet-owl-42,8388608,6,2,mean ending length,26.3644030945,7.348484848484849,7.348484848484849
snakecnn,quiet-owl-43,8388608,6,2,mean ending length,26.2210489525,7.348484848484849,7.348484848484849
snakecnn,quiet-owl-44,8388608,6,2,mean ending length,26.56755798,7.772727272727273,7.772727272727273
snakecnn,quiet-owl-45,8388608,6,2,mean ending length,26.740082843499998,7.772727272727273,7.772727272727273
snakecnn,quiet-owl-5,8388608,6,2,mean ending length,26.585914825499998,2.686868686868687,2.686868686868687
snakecnn,quiet-owl-6,8388608,6,2,mean ending length,17.867851707,5.775252525252525,5.775252525252525
snakecnn,quiet-owl-7,8388608,6,2,mean ending length,21.863685491,5.194444444444444,5.194444444444444
snakecnn,quiet-owl-8,8388608,6,2,mean ending length,23.523313199500002,5.123737373737374,5.123737373737374
snakecnn,quiet-owl-9,8388608,6,2,mean ending length,30.111394413,5.3560606060606055,5.3560606060606055
snakecnn,swift-fox-3,8388608,6,2,mean ending length,16.6533261925,3.0656565656565657,3.0656565656565657
