candidate,checkpoint_fraction,seconds,score_lower,score_upper,frontier_lower_endpoint,dominated_using_nonoverlapping_bounds,final_budget_frontier
happy-cat-1,0.25,152.820643593,0.17991267568293987,0.18094179709263314,False,False,False
happy-cat-1,0.5,300.31030618,0.2452746166363461,0.2452746166363461,False,True,False
happy-cat-1,0.75,445.57075960199995,0.30006881738224694,0.30274557025037035,False,False,False
happy-cat-1,1.0,590.555044163,0.3114647702296551,0.3145396691127305,False,True,False
mystic-tree-2,0.25,202.364208827,0.07196083643452064,0.07196083643452064,False,True,False
mystic-tree-2,0.5,400.431224897,0.0884185210501,0.0884185210501,False,True,False
mystic-tree-2,0.75,597.102116477,0.09771929824561404,0.09771929824561404,False,True,False
mystic-tree-2,1.0,792.955469133,0.10366161616161616,0.10366161616161616,False,True,False
swift-fox-3,0.25,144.490681245,0.07356332751069594,0.07356332751069594,True,False,False
swift-fox-3,0.5,285.41327641699996,0.08806258069415963,0.08806258069415963,False,True,False
swift-fox-3,0.75,424.786345459,0.09990095187463609,0.09990095187463609,False,True,False
swift-fox-3,1.0,564.53481803,0.1020988709146604,0.1020988709146604,False,True,True
quiet-owl-4,0.25,431.056246741,0.14016714484366494,0.14200815685797605,False,True,False
quiet-owl-4,0.5,861.397759965,0.2429639266927102,0.27674135550010687,False,True,False
quiet-owl-4,0.75,1290.7294167999999,0.2927170733776377,0.3511980340475451,False,True,False
quiet-owl-4,1.0,1720.33216577,0.31076094384924274,0.3707513806297011,False,True,False
quiet-owl-5,0.25,230.701289048,0.08199146857041593,0.08199146857041593,False,True,False
quiet-owl-5,0.5,455.907457754,0.0946222247538037,0.0946222247538037,False,True,False
quiet-owl-5,0.75,680.005080881,0.10728481557428926,0.10728481557428926,False,True,False
quiet-owl-5,1.0,902.558396635,0.11726222120958962,0.11726222120958962,False,True,False
quiet-owl-6,0.25,154.133341989,0.17991267568293987,0.18094179709263314,False,False,False
quiet-owl-6,0.5,304.274133186,0.2452746166363461,0.2452746166363461,False,True,False
quiet-owl-6,0.75,451.34592367299996,0.30006881738224694,0.30274557025037035,False,False,False
quiet-owl-6,1.0,597.685743124,0.3114647702296551,0.3145396691127305,False,True,False
quiet-owl-7,0.25,195.665511226,0.15393703823701743,0.15393703823701743,False,True,False
quiet-owl-7,0.5,385.976203284,0.17387379313198995,0.18128173696492356,False,True,False
quiet-owl-7,0.75,574.579652321,0.22861368071363466,0.24612913209442466,False,True,False
quiet-owl-7,1.0,763.713273053,0.2446283801569807,0.26610345969139404,False,True,False
quiet-owl-8,0.25,196.44398525,0.14820369821964122,0.14820369821964122,False,True,False
quiet-owl-8,0.5,387.826957753,0.1698189479512723,0.1698189479512723,False,True,False
quiet-owl-8,0.75,575.36145957,0.25037410838499635,0.251958234472155,False,True,False
quiet-owl-8,1.0,763.12092215,0.27002396205555385,0.2715267988082739,False,True,False
quiet-owl-9,0.25,266.125792174,0.15136331669039474,0.15136331669039474,False,True,False
quiet-owl-9,0.5,526.77850543,0.26335872954910294,0.26537307958174566,False,True,False
quiet-owl-9,0.75,785.383785064,0.2949042301365077,0.29723307098428303,False,True,False
quiet-owl-9,1.0,1046.831524599,0.31600236644099317,0.31861871693122046,False,True,False
quiet-owl-10,0.25,251.350561387,0.10819325666774365,0.10819325666774365,False,True,False
quiet-owl-10,0.5,495.689502841,0.1929848846879438,0.20521388560533668,False,True,False
quiet-owl-10,0.75,738.918646073,0.23681521933703342,0.2614611579277153,False,True,False
quiet-owl-10,1.0,981.180135573,0.2592391096309621,0.2838771777209539,False,True,False
quiet-owl-11,0.25,153.546660186,0.10321150097465887,0.10321150097465887,False,True,False
quiet-owl-11,0.5,303.337325196,0.1561726534061211,0.17486601531528143,False,True,False
quiet-owl-11,0.75,451.69936565399996,0.20075556244653134,0.2226280242152419,False,True,False
quiet-owl-11,1.0,602.143736396,0.22141289393373517,0.2539979496969736,False,True,False
quiet-owl-12,0.25,155.387215342,0.12205981288164731,0.16092246577976155,False,True,False
quiet-owl-12,0.5,305.407963513,0.18724401950799874,0.24378265220873838,False,True,False
quiet-owl-12,0.75,454.150046923,0.2596798328600051,0.31826409406610007,False,True,False
quiet-owl-12,1.0,603.116174814,0.2649624219740395,0.3265056018526271,False,False,False
quiet-owl-13,0.25,279.521562951,0.15136331669039474,0.15136331669039474,False,True,False
quiet-owl-13,0.5,553.80494448,0.26335872954910294,0.26537307958174566,False,True,False
quiet-owl-13,0.75,828.42577162,0.2949042301365077,0.29723307098428303,False,True,False
quiet-owl-13,1.0,1103.183320932,0.31600236644099317,0.31861871693122046,False,True,False
quiet-owl-14,0.25,193.40049486,0.11275858513367866,0.11281667406371881,False,True,False
quiet-owl-14,0.5,382.219796247,0.1514358788339318,0.15159135023458933,False,True,False
quiet-owl-14,0.75,569.752578395,0.189468059214577,0.18956222318069219,False,True,False
quiet-owl-14,1.0,756.707920651,0.1838331636805843,0.18400353270525371,False,True,False
quiet-owl-15,0.25,257.029005934,0.1081967187021084,0.1081967187021084,False,True,False
quiet-owl-15,0.5,509.709682423,0.15117899053461775,0.15117899053461775,False,True,False
quiet-owl-15,0.75,760.778605394,0.1673216490841829,0.1673216490841829,False,True,False
quiet-owl-15,1.0,1011.583558413,0.18380394282308157,0.18380394282308157,False,True,False
quiet-owl-16,0.25,350.88373922299996,0.13952758121512868,0.14863582256823527,False,True,False
quiet-owl-16,0.5,694.5107425350001,0.2478487747618637,0.27039679843139836,False,True,False
quiet-owl-16,0.75,1036.029414888,0.28488267042713183,0.3268813916922133,False,True,False
quiet-owl-16,1.0,1377.898230879,0.30491937096678057,0.34788825184670774,False,True,False
quiet-owl-17,0.25,151.746044061,0.17991267568293987,0.18094179709263314,True,False,False
quiet-owl-17,0.5,299.097864806,0.2452746166363461,0.2452746166363461,True,False,False
quiet-owl-17,0.75,445.079416833,0.30006881738224694,0.30274557025037035,True,False,False
quiet-owl-17,1.0,590.546608499,0.3114647702296551,0.3145396691127305,False,True,True
quiet-owl-18,0.25,186.669024611,0.13237029561472838,0.13237029561472838,False,True,False
quiet-owl-18,0.5,369.171783898,0.23161977695036826,0.23161977695036826,False,True,False
quiet-owl-18,0.75,549.9880783149999,0.26560917767829567,0.26560917767829567,False,True,False
quiet-owl-18,1.0,730.5263420150001,0.2483844002348267,0.2483844002348267,False,True,False
quiet-owl-19,0.25,285.129117179,0.1412828921056646,0.16597030286259873,False,True,False
quiet-owl-19,0.5,566.05345013,0.2273109342488684,0.2602209107362831,False,True,False
quiet-owl-19,0.75,847.538440336,0.2891431594069768,0.32773694055860725,False,True,False
quiet-owl-19,1.0,1129.713568168,0.28860092252458974,0.3269648546659402,False,True,False
quiet-owl-20,0.25,327.002398653,0.13726362027359523,0.14969268686681592,False,True,False
quiet-owl-20,0.5,647.6075732200001,0.21110120782495775,0.23522307380944554,False,True,False
quiet-owl-20,0.75,965.721692354,0.24370391030121033,0.25876995710482237,False,True,False
quiet-owl-20,1.0,1284.735847076,0.24792349849299444,0.2663868592488382,False,True,False
quiet-owl-21,0.25,342.910656975,0.16433354112094745,0.1683723249285061,False,True,False
quiet-owl-21,0.5,681.801315361,0.23182907459824462,0.23822282218977453,False,True,False
quiet-owl-21,0.75,1020.216144722,0.2776304324226093,0.2863721213663897,False,True,False
quiet-owl-21,1.0,1356.404421321,0.3356532750566808,0.3356532750566808,False,True,False
quiet-owl-22,0.25,155.959034394,0.14713668320400305,0.14713668320400305,False,True,False
quiet-owl-22,0.5,307.475473057,0.23980370512459134,0.27399332335991317,False,False,False
quiet-owl-22,0.75,457.882355478,0.2829064051312855,0.34097303302033555,False,False,False
quiet-owl-22,1.0,608.357807968,0.31880451242891433,0.3757496022051112,False,False,True
quiet-owl-23,0.25,163.145667547,0.15444379377483583,0.19516167838611465,False,False,False
quiet-owl-23,0.5,320.778273019,0.24196956306439343,0.2910850930359161,False,False,False
quiet-owl-23,0.75,477.684645939,0.28753325029925886,0.34380280694309806,False,False,False
quiet-owl-23,1.0,634.37040999,0.3183654682345214,0.37546176393352754,False,False,False
quiet-owl-24,0.25,221.480384611,0.09359604820131136,0.09359604820131136,False,True,False
quiet-owl-24,0.5,436.671814218,0.14486983162220177,0.15633462339464319,False,True,False
quiet-owl-24,0.75,650.144174766,0.20133872139911224,0.2274100908005846,False,True,False
quiet-owl-24,1.0,862.847919694,0.22183285378332637,0.24933715538269763,False,True,False
quiet-owl-25,0.25,346.027822423,0.17843330485513587,0.17854202066507116,False,True,False
quiet-owl-25,0.5,687.481056817,0.304979420551159,0.304979420551159,False,True,False
quiet-owl-25,0.75,1029.525735272,0.33794693344932575,0.33794693344932575,False,True,False
quiet-owl-25,1.0,1374.424015977,0.3758226661695561,0.3758226661695561,False,True,False
quiet-owl-26,0.25,157.65371255899998,0.17991267568293987,0.18094179709263314,False,False,False
quiet-owl-26,0.5,310.854951764,0.2452746166363461,0.2452746166363461,False,True,False
quiet-owl-26,0.75,462.111246096,0.30006881738224694,0.30274557025037035,False,True,False
quiet-owl-26,1.0,613.2909581279999,0.3114647702296551,0.3145396691127305,False,True,False
quiet-owl-27,0.25,197.779322186,0.1147179671300871,0.12019055832611035,False,True,False
quiet-owl-27,0.5,390.23429002,0.2019743022005971,0.21575257958482932,False,True,False
quiet-owl-27,0.75,582.335552789,0.2665561090099706,0.2904557332116004,False,True,False
quiet-owl-27,1.0,773.805222208,0.27666769958840604,0.3005783513809906,False,True,False
quiet-owl-28,0.25,164.45369881,0.15444379377483583,0.19516167838611465,False,False,False
quiet-owl-28,0.5,324.358659584,0.24196956306439343,0.2910850930359161,False,False,False
quiet-owl-28,0.75,482.962577576,0.28753325029925886,0.34380280694309806,False,False,False
quiet-owl-28,1.0,641.789585792,0.3183654682345214,0.37546176393352754,False,False,False
quiet-owl-29,0.25,352.021069197,0.18147663781708623,0.18885973738973807,False,True,False
quiet-owl-29,0.5,698.6324404119999,0.284566359743407,0.3034356548878229,False,True,False
quiet-owl-29,0.75,1045.1906018920001,0.3336386560902864,0.35543293468183884,False,True,False
quiet-owl-29,1.0,1391.968093798,0.35456607924194755,0.3823921957311894,False,True,False
quiet-owl-30,0.25,314.766560499,0.15352387292956357,0.15352387292956357,False,True,False
quiet-owl-30,0.5,625.498899679,0.2897197874681537,0.31607997161875934,False,True,False
quiet-owl-30,0.75,936.642890843,0.31610995385571344,0.35697606873064275,False,True,False
quiet-owl-30,1.0,1247.5336318109999,0.3570822834943977,0.398597117030506,False,True,False
quiet-owl-31,0.25,209.279375802,0.10086940491514272,0.1261633919570945,False,True,False
quiet-owl-31,0.5,413.33587078,0.23008692163878933,0.28433403654095174,False,False,False
quiet-owl-31,0.75,616.657105723,0.2380608037364191,0.29197435186694753,False,True,False
quiet-owl-31,1.0,820.206479562,0.25761084074729795,0.31462860578913515,False,True,False
quiet-owl-32,0.25,241.597563851,0.10730573451839708,0.10730573451839708,False,True,False
quiet-owl-32,0.5,478.020652859,0.21824504712148704,0.21824504712148704,False,True,False
quiet-owl-32,0.75,714.744687505,0.25312219127087304,0.25312219127087304,False,True,False
quiet-owl-32,1.0,951.137398343,0.27535133219020536,0.27535133219020536,False,True,False
quiet-owl-33,0.25,227.629709222,0.17494330460677598,0.18239206433351365,False,False,False
quiet-owl-33,0.5,450.52425432999996,0.24988230971693584,0.2599602665417821,False,True,False
quiet-owl-33,0.75,673.8745317429999,0.32236842142805555,0.3398362692874202,False,True,False
quiet-owl-33,1.0,896.328630279,0.34599661683306815,0.3606954234045234,False,True,False
quiet-owl-34,0.25,287.044069256,0.17422572937996528,0.17422572937996528,False,True,False
quiet-owl-34,0.5,568.455439444,0.27124014051186723,0.28323938359529105,False,True,False
quiet-owl-34,0.75,849.964516289,0.33648931187312714,0.34911067118486194,False,True,False
quiet-owl-34,1.0,1131.439764658,0.3542141856017454,0.3678255542478026,False,True,False
quiet-owl-35,0.25,316.035171138,0.13446579634247188,0.14673413949371347,False,True,False
quiet-owl-35,0.5,626.064132795,0.22308620905271945,0.2590953872255091,False,True,False
quiet-owl-35,0.75,936.099263122,0.30084336335835676,0.36111835451947116,False,True,False
quiet-owl-35,1.0,1246.234242438,0.34422078642240295,0.40688136366977484,False,True,False
quiet-owl-36,0.25,353.681778769,0.20174957771119617,0.2226994649399666,False,True,False
quiet-owl-36,0.5,702.756940632,0.2736249292950775,0.3014836077577629,False,True,False
quiet-owl-36,0.75,1050.863235584,0.30834278819951705,0.33626288902696005,False,True,False
quiet-owl-36,1.0,1398.539455754,0.3350559784294537,0.36293073048576313,False,True,False
quiet-owl-37,0.25,348.923724919,0.13547290326771755,0.1394643568625384,False,True,False
quiet-owl-37,0.5,692.852087848,0.2096939099576999,0.241068769436247,False,True,False
quiet-owl-37,0.75,1037.672534656,0.2946774001647119,0.32750854645136296,False,True,False
quiet-owl-37,1.0,1381.9088391550001,0.2978496845516984,0.33063615390220447,False,True,False
quiet-owl-38,0.25,198.88564895899998,0.1147179671300871,0.12019055832611035,False,True,False
quiet-owl-38,0.5,392.202310738,0.2019743022005971,0.21575257958482932,False,True,False
quiet-owl-38,0.75,584.835951568,0.2665561090099706,0.2904557332116004,False,True,False
quiet-owl-38,1.0,777.5544829160001,0.27666769958840604,0.3005783513809906,False,True,False
quiet-owl-39,0.25,241.412879073,0.11840687866304234,0.15976553809095898,False,True,False
quiet-owl-39,0.5,477.67102065800003,0.22077395093279814,0.27581475831241914,False,True,False
quiet-owl-39,0.75,713.5545670439999,0.28838309435189513,0.34751889351378923,False,True,False
quiet-owl-39,1.0,949.205916428,0.31398796924896694,0.36837817633777387,False,True,False
quiet-owl-40,0.25,209.091236976,0.14900882882982752,0.14900882882982752,False,True,False
quiet-owl-40,0.5,413.31718093899997,0.20759622210995207,0.2346019354274896,False,True,False
quiet-owl-40,0.75,617.304570645,0.27188460598540226,0.31629373294446167,False,True,False
quiet-owl-40,1.0,821.063543716,0.28922323934560534,0.33445422538363107,False,True,False
quiet-owl-41,0.25,228.67415642499998,0.17494330460677598,0.18239206433351365,False,False,False
quiet-owl-41,0.5,452.39810794299996,0.24988230971693584,0.2599602665417821,False,True,False
quiet-owl-41,0.75,676.406720343,0.32236842142805555,0.3398362692874202,False,True,False
quiet-owl-41,1.0,900.153932998,0.34599661683306815,0.3606954234045234,False,True,False
quiet-owl-42,0.25,228.43370348899998,0.17494330460677598,0.18239206433351365,False,False,False
quiet-owl-42,0.5,452.016211816,0.24988230971693584,0.2599602665417821,False,True,False
quiet-owl-42,0.75,675.626987457,0.32236842142805555,0.3398362692874202,False,True,False
quiet-owl-42,1.0,898.628025388,0.34599661683306815,0.3606954234045234,False,True,False
quiet-owl-43,0.25,228.475024041,0.17494330460677598,0.18239206433351365,False,False,False
quiet-owl-43,0.5,451.96854274599997,0.24988230971693584,0.2599602665417821,False,True,False
quiet-owl-43,0.75,675.297658106,0.32236842142805555,0.3398362692874202,False,True,False
quiet-owl-43,1.0,898.29575203,0.34599661683306815,0.3606954234045234,False,True,False
quiet-owl-44,0.25,230.844301914,0.19058424665411777,0.19076902122913622,False,False,False
quiet-owl-44,0.5,456.513621639,0.32126337582206826,0.3362950687833452,False,False,False
quiet-owl-44,0.75,681.209555909,0.3827907991176656,0.39791073834185625,False,False,False
quiet-owl-44,1.0,905.6305914229999,0.422731105917145,0.43789206010946186,False,False,False
quiet-owl-45,0.25,229.712507532,0.19058424665411777,0.19076902122913622,True,False,False
quiet-owl-45,0.5,453.559853811,0.32126337582206826,0.3362950687833452,True,False,False
quiet-owl-45,0.75,676.998387985,0.3827907991176656,0.39791073834185625,True,False,False
quiet-owl-45,1.0,899.980731207,0.422731105917145,0.43789206010946186,True,False,True
quality-reference,0.25,162.158440883,0.14491803855990693,0.17952596017404532,False,True,False
quality-reference,0.5,319.433572908,0.2639387201397895,0.2969482703570875,True,False,False
quality-reference,0.75,475.232087297,0.306019036259105,0.35215769117165724,False,False,False
quality-reference,1.0,631.884930176,0.35391309916541164,0.40578288720274364,True,False,True
nature-cnn,0.25,170.19253325900002,0.11265049103502818,0.15219324314017546,False,True,False
nature-cnn,0.5,336.371217073,0.23409176059339432,0.30731846821189174,False,False,False
nature-cnn,0.75,500.402320806,0.27404728519575966,0.3525564617620672,False,False,False
nature-cnn,1.0,664.976743635,0.2985055231419429,0.3775645123224904,False,False,False
