candidate,seed,score_lower,score_upper
happy-cat-1,64173,0.2840270537004467,0.2840270537004467
happy-cat-1,64174,0.3389024867588634,0.3450522845250144
mystic-tree-2,64173,0.10271436166173008,0.10271436166173008
mystic-tree-2,64174,0.10460887066150225,0.10460887066150225
swift-fox-3,64173,0.09639768613452825,0.09639768613452825
swift-fox-3,64174,0.10780005569479252,0.10780005569479252
quiet-owl-4,64173,0.3160095998433509,0.34920718309266263
quiet-owl-4,64174,0.3055122878551346,0.3922955781667396
quiet-owl-5,64173,0.11515354041669833,0.11515354041669833
quiet-owl-5,64174,0.11937090200248095,0.11937090200248095
quiet-owl-6,64173,0.2840270537004467,0.2840270537004467
quiet-owl-6,64174,0.3389024867588634,0.3450522845250144
quiet-owl-7,64173,0.28029872815801576,0.30234601905576786
quiet-owl-7,64174,0.20895803215594558,0.22986090032702025
quiet-owl-8,64173,0.27043006966451943,0.27043006966451943
quiet-owl-8,64174,0.2696178544465883,0.27262352795202843
quiet-owl-9,64173,0.28350906062131753,0.28874176160177206
quiet-owl-9,64174,0.34849567226066885,0.34849567226066885
quiet-owl-10,64173,0.2660542557957225,0.2872220008177466
quiet-owl-10,64174,0.2524239634662016,0.28053235462416115
quiet-owl-11,64173,0.21736529319644937,0.21773484234648632
quiet-owl-11,64174,0.225460494671021,0.2902610570474609
quiet-owl-12,64173,0.24564180586001552,0.35082699251469635
quiet-owl-12,64174,0.2842830380880635,0.3021842111905578
quiet-owl-13,64173,0.28350906062131753,0.28874176160177206
quiet-owl-13,64174,0.34849567226066885,0.34849567226066885
quiet-owl-14,64173,0.15270486823118404,0.15270486823118404
quiet-owl-14,64174,0.21496145912998457,0.2153021971793234
quiet-owl-15,64173,0.14727110475914304,0.14727110475914304
quiet-owl-15,64174,0.2203367808870201,0.2203367808870201
quiet-owl-16,64173,0.23425192119123803,0.3201896829510924
quiet-owl-16,64174,0.37558682074232314,0.37558682074232314
quiet-owl-17,64173,0.2840270537004467,0.2840270537004467
quiet-owl-17,64174,0.3389024867588634,0.3450522845250144
quiet-owl-18,64173,0.256871690244896,0.256871690244896
quiet-owl-18,64174,0.23989711022475743,0.23989711022475743
quiet-owl-19,64173,0.30513984521399323,0.3603489094525831
quiet-owl-19,64174,0.27206199983518625,0.29358079987929747
quiet-owl-20,64173,0.22630190275660758,0.2566537226704793
quiet-owl-20,64174,0.26954509422938133,0.27611999582719715
quiet-owl-21,64173,0.29199854549136844,0.29199854549136844
quiet-owl-21,64174,0.37930800462199316,0.37930800462199316
quiet-owl-22,64173,0.27866787031858803,0.3805102882058837
quiet-owl-22,64174,0.3589411545392407,0.3709889162043387
quiet-owl-23,64173,0.3614413559150402,0.3614413559150402
quiet-owl-23,64174,0.2752895805540026,0.3894821719520149
quiet-owl-24,64173,0.173814880579793,0.22882348377853556
quiet-owl-24,64174,0.2698508269868597,0.2698508269868597
quiet-owl-25,64173,0.349562001882576,0.349562001882576
quiet-owl-25,64174,0.40208333045653616,0.40208333045653616
quiet-owl-26,64173,0.2840270537004467,0.2840270537004467
quiet-owl-26,64174,0.3389024867588634,0.3450522845250144
quiet-owl-27,64173,0.30169828484642064,0.3351992680890851
quiet-owl-27,64174,0.25163711433039143,0.2659574346728961
quiet-owl-28,64173,0.3614413559150402,0.3614413559150402
quiet-owl-28,64174,0.2752895805540026,0.3894821719520149
quiet-owl-29,64173,0.40267497255535534,0.41700100599903583
quiet-owl-29,64174,0.3064571859285397,0.347783385463343
quiet-owl-30,64173,0.38657902399239324,0.40137379176175997
quiet-owl-30,64174,0.32758554299640213,0.3958204422992519
quiet-owl-31,64173,0.18929944937619148,0.3033349794598659
quiet-owl-31,64174,0.3259222321184044,0.3259222321184044
quiet-owl-32,64173,0.2972283785680915,0.2972283785680915
quiet-owl-32,64174,0.25347428581231923,0.25347428581231923
quiet-owl-33,64173,0.37126813820593724,0.3795222288894246
quiet-owl-33,64174,0.32072509546019906,0.3418686179196222
quiet-owl-34,64173,0.34446246470169917,0.34446246470169917
quiet-owl-34,64174,0.36396590650179167,0.3911886437939061
quiet-owl-35,64173,0.34002700651521983,0.39016820057489915
quiet-owl-35,64174,0.3484145663295861,0.4235945267646506
quiet-owl-36,64173,0.3997885473249716,0.3997885473249716
quiet-owl-36,64174,0.27032340953393585,0.3260729136465546
quiet-owl-37,64173,0.3643661437038666,0.3643661437038666
quiet-owl-37,64174,0.2313332253995302,0.2969061641005423
quiet-owl-38,64173,0.30169828484642064,0.3351992680890851
quiet-owl-38,64174,0.25163711433039143,0.2659574346728961
quiet-owl-39,64173,0.34425215091168687,0.3504473441895492
quiet-owl-39,64174,0.2837237875862471,0.38630900848599875
quiet-owl-40,64173,0.2161073137388927,0.3065692858149441
quiet-owl-40,64174,0.362339164952318,0.362339164952318
quiet-owl-41,64173,0.37126813820593724,0.3795222288894246
quiet-owl-41,64174,0.32072509546019906,0.3418686179196222
quiet-owl-42,64173,0.37126813820593724,0.3795222288894246
quiet-owl-42,64174,0.32072509546019906,0.3418686179196222
quiet-owl-43,64173,0.37126813820593724,0.3795222288894246
quiet-owl-43,64174,0.32072509546019906,0.3418686179196222
quiet-owl-44,64173,0.3988475244724327,0.421283313565007
quiet-owl-44,64174,0.44661468736185744,0.45450080665391673
quiet-owl-45,64173,0.3988475244724327,0.421283313565007
quiet-owl-45,64174,0.44661468736185744,0.45450080665391673
quality-reference,64173,0.3976327433366975,0.40797531324186903
quality-reference,64174,0.31019345499412576,0.40359046116361835
nature-cnn,64173,0.31167392752393747,0.36957021547866314
nature-cnn,64174,0.2853371187599483,0.38555880916631763
