environment,candidate,seed,score_lower,score_upper,worst_drawing_lower,best_drawing_lower
breakoutcnn,happy-cat-1,64173,6.2727272727272725,6.2727272727272725,6.0606060606060606,6.818181818181818
breakoutcnn,happy-cat-1,64174,8.012121212121212,8.012121212121212,5.545454545454546,10.969696969696969
breakoutcnn,mystic-tree-2,64173,5.333333333333334,5.333333333333334,4.696969696969697,6.606060606060606
breakoutcnn,mystic-tree-2,64174,6.351515151515152,6.351515151515152,5.090909090909091,6.878787878787879
breakoutcnn,nature-cnn,64173,6.363636363636364,6.363636363636364,6.151515151515151,6.575757575757576
breakoutcnn,nature-cnn,64174,6.557575757575758,6.557575757575758,5.787878787878788,7.03030303030303
breakoutcnn,quality-reference,64173,10.678787878787878,10.678787878787878,4.242424242424242,19.636363636363637
breakoutcnn,quality-reference,64174,8.212121212121213,8.212121212121213,7.818181818181818,8.636363636363637
breakoutcnn,quiet-owl-10,64173,5.7696969696969695,5.7696969696969695,5.181818181818182,6.363636363636363
breakoutcnn,quiet-owl-10,64174,6.448484848484848,6.448484848484848,5.606060606060606,6.96969696969697
breakoutcnn,quiet-owl-11,64173,6.278787878787879,6.278787878787879,5.393939393939394,6.7272727272727275
breakoutcnn,quiet-owl-11,64174,5.878787878787879,5.878787878787879,5.333333333333333,7.242424242424242
breakoutcnn,quiet-owl-12,64173,5.648484848484848,5.648484848484848,5.212121212121212,6.0606060606060606
breakoutcnn,quiet-owl-12,64174,6.890909090909091,6.890909090909091,5.393939393939394,9.909090909090908
breakoutcnn,quiet-owl-13,64173,6.496969696969697,6.496969696969697,5.212121212121212,7.7272727272727275
breakoutcnn,quiet-owl-13,64174,9.442424242424241,9.442424242424241,5.636363636363637,16.87878787878788
breakoutcnn,quiet-owl-14,64173,6.090909090909091,6.090909090909091,5.0,6.636363636363637
breakoutcnn,quiet-owl-14,64174,5.0606060606060606,5.0606060606060606,3.878787878787879,5.515151515151516
breakoutcnn,quiet-owl-15,64173,6.5212121212121215,6.5212121212121215,4.878787878787879,9.636363636363637
breakoutcnn,quiet-owl-15,64174,5.775757575757575,5.775757575757575,4.696969696969697,6.454545454545454
breakoutcnn,quiet-owl-16,64173,5.8969696969696965,5.8969696969696965,4.666666666666667,8.333333333333334
breakoutcnn,quiet-owl-16,64174,6.751515151515152,6.751515151515152,5.878787878787879,8.303030303030303
breakoutcnn,quiet-owl-17,64173,6.2727272727272725,6.2727272727272725,6.0606060606060606,6.818181818181818
breakoutcnn,quiet-owl-17,64174,8.012121212121212,8.012121212121212,5.545454545454546,10.969696969696969
breakoutcnn,quiet-owl-18,64173,6.054545454545455,6.054545454545455,4.878787878787879,6.666666666666667
breakoutcnn,quiet-owl-18,64174,5.775757575757575,5.775757575757575,4.757575757575758,6.303030303030303
breakoutcnn,quiet-owl-19,64173,6.2303030303030305,6.2303030303030305,6.0,6.515151515151516
breakoutcnn,quiet-owl-19,64174,6.703030303030303,6.703030303030303,5.757575757575758,7.545454545454546
breakoutcnn,quiet-owl-20,64173,7.296969696969697,7.296969696969697,6.333333333333333,8.878787878787879
breakoutcnn,quiet-owl-20,64174,6.703030303030303,6.703030303030303,5.666666666666667,7.333333333333333
breakoutcnn,quiet-owl-21,64173,6.49090909090909,6.49090909090909,5.454545454545454,9.484848484848484
breakoutcnn,quiet-owl-21,64174,6.315151515151515,6.315151515151515,5.606060606060606,6.909090909090909
breakoutcnn,quiet-owl-22,64173,8.484848484848484,8.484848484848484,5.606060606060606,12.666666666666666
breakoutcnn,quiet-owl-22,64174,6.345454545454546,6.345454545454546,5.696969696969697,6.696969696969697
breakoutcnn,quiet-owl-23,64173,8.575757575757574,8.575757575757574,7.0,10.06060606060606
breakoutcnn,quiet-owl-23,64174,7.612121212121212,7.612121212121212,5.666666666666667,8.303030303030303
breakoutcnn,quiet-owl-24,64173,6.539393939393939,6.539393939393939,5.848484848484849,6.787878787878788
breakoutcnn,quiet-owl-24,64174,6.012121212121213,6.012121212121213,5.2727272727272725,6.7272727272727275
breakoutcnn,quiet-owl-25,64173,5.957575757575758,5.957575757575758,5.333333333333333,7.090909090909091
breakoutcnn,quiet-owl-25,64174,15.496969696969696,15.496969696969696,5.757575757575758,39.303030303030305
breakoutcnn,quiet-owl-26,64173,6.2727272727272725,6.2727272727272725,6.0606060606060606,6.818181818181818
breakoutcnn,quiet-owl-26,64174,8.012121212121212,8.012121212121212,5.545454545454546,10.969696969696969
breakoutcnn,quiet-owl-27,64173,6.581818181818181,6.581818181818181,6.090909090909091,7.303030303030303
breakoutcnn,quiet-owl-27,64174,5.363636363636364,5.363636363636364,4.515151515151516,5.878787878787879
breakoutcnn,quiet-owl-28,64173,8.575757575757574,8.575757575757574,7.0,10.06060606060606
breakoutcnn,quiet-owl-28,64174,7.612121212121212,7.612121212121212,5.666666666666667,8.303030303030303
breakoutcnn,quiet-owl-29,64173,9.345454545454546,9.345454545454546,5.848484848484849,12.666666666666666
breakoutcnn,quiet-owl-29,64174,6.921212121212122,6.921212121212122,5.454545454545454,8.272727272727273
breakoutcnn,quiet-owl-30,64173,7.860606060606061,7.860606060606061,5.212121212121212,12.454545454545455
breakoutcnn,quiet-owl-30,64174,9.472727272727273,9.472727272727273,5.787878787878788,15.666666666666666
breakoutcnn,quiet-owl-31,64173,5.8545454545454545,5.8545454545454545,4.696969696969697,6.575757575757576
breakoutcnn,quiet-owl-31,64174,5.884848484848485,5.884848484848485,5.363636363636363,6.484848484848484
breakoutcnn,quiet-owl-32,64173,5.8,5.8,5.03030303030303,6.484848484848484
breakoutcnn,quiet-owl-32,64174,6.751515151515152,6.751515151515152,6.121212121212121,7.606060606060606
breakoutcnn,quiet-owl-33,64173,7.042424242424242,7.042424242424242,6.9393939393939394,7.181818181818182
breakoutcnn,quiet-owl-33,64174,6.848484848484849,6.848484848484849,5.878787878787879,7.333333333333333
breakoutcnn,quiet-owl-34,64173,6.76969696969697,6.76969696969697,4.909090909090909,10.696969696969697
breakoutcnn,quiet-owl-34,64174,6.448484848484848,6.448484848484848,5.363636363636363,7.151515151515151
breakoutcnn,quiet-owl-35,64173,6.539393939393939,6.539393939393939,5.757575757575758,7.2727272727272725
breakoutcnn,quiet-owl-35,64174,20.703030303030303,20.703030303030303,6.909090909090909,57.333333333333336
breakoutcnn,quiet-owl-36,64173,6.2,6.2,4.787878787878788,7.181818181818182
breakoutcnn,quiet-owl-36,64174,8.424242424242426,8.424242424242426,5.696969696969697,15.0
breakoutcnn,quiet-owl-37,64173,7.381818181818181,7.381818181818181,5.424242424242424,11.696969696969697
breakoutcnn,quiet-owl-37,64174,6.727272727272727,6.727272727272727,6.03030303030303,7.363636363636363
breakoutcnn,quiet-owl-38,64173,6.581818181818181,6.581818181818181,6.090909090909091,7.303030303030303
breakoutcnn,quiet-owl-38,64174,5.363636363636364,5.363636363636364,4.515151515151516,5.878787878787879
breakoutcnn,quiet-owl-39,64173,8.993939393939394,8.993939393939394,5.484848484848484,12.696969696969697
breakoutcnn,quiet-owl-39,64174,6.50909090909091,6.50909090909091,5.818181818181818,7.03030303030303
breakoutcnn,quiet-owl-4,64173,5.8,5.8,5.181818181818182,6.333333333333333
breakoutcnn,quiet-owl-4,64174,7.254545454545455,7.254545454545455,5.606060606060606,10.0
breakoutcnn,quiet-owl-40,64173,6.484848484848484,6.484848484848484,6.181818181818182,6.757575757575758
breakoutcnn,quiet-owl-40,64174,7.327272727272728,7.327272727272728,5.909090909090909,10.121212121212121
breakoutcnn,quiet-owl-41,64173,7.042424242424242,7.042424242424242,6.9393939393939394,7.181818181818182
breakoutcnn,quiet-owl-41,64174,6.848484848484849,6.848484848484849,5.878787878787879,7.333333333333333
breakoutcnn,quiet-owl-42,64173,7.042424242424242,7.042424242424242,6.9393939393939394,7.181818181818182
breakoutcnn,quiet-owl-42,64174,6.848484848484849,6.848484848484849,5.878787878787879,7.333333333333333
breakoutcnn,quiet-owl-43,64173,7.042424242424242,7.042424242424242,6.9393939393939394,7.181818181818182
breakoutcnn,quiet-owl-43,64174,6.848484848484849,6.848484848484849,5.878787878787879,7.333333333333333
breakoutcnn,quiet-owl-44,64173,8.06060606060606,8.06060606060606,5.606060606060606,9.515151515151516
breakoutcnn,quiet-owl-44,64174,15.884848484848485,15.884848484848485,7.212121212121212,24.09090909090909
breakoutcnn,quiet-owl-45,64173,8.06060606060606,8.06060606060606,5.606060606060606,9.515151515151516
breakoutcnn,quiet-owl-45,64174,15.884848484848485,15.884848484848485,7.212121212121212,24.09090909090909
breakoutcnn,quiet-owl-5,64173,6.630303030303031,6.630303030303031,6.575757575757576,6.666666666666667
breakoutcnn,quiet-owl-5,64174,6.266666666666667,6.266666666666667,6.151515151515151,6.363636363636363
breakoutcnn,quiet-owl-6,64173,6.2727272727272725,6.2727272727272725,6.0606060606060606,6.818181818181818
breakoutcnn,quiet-owl-6,64174,8.012121212121212,8.012121212121212,5.545454545454546,10.969696969696969
breakoutcnn,quiet-owl-7,64173,5.890909090909091,5.890909090909091,5.2727272727272725,6.545454545454546
breakoutcnn,quiet-owl-7,64174,6.036363636363636,6.036363636363636,4.545454545454546,6.96969696969697
breakoutcnn,quiet-owl-8,64173,6.624242424242425,6.624242424242425,6.606060606060606,6.636363636363637
breakoutcnn,quiet-owl-8,64174,6.727272727272727,6.727272727272727,5.484848484848484,7.090909090909091
breakoutcnn,quiet-owl-9,64173,6.496969696969697,6.496969696969697,5.212121212121212,7.7272727272727275
breakoutcnn,quiet-owl-9,64174,9.442424242424241,9.442424242424241,5.636363636363637,16.87878787878788
breakoutcnn,swift-fox-3,64173,5.345454545454546,5.345454545454546,4.545454545454546,6.818181818181818
breakoutcnn,swift-fox-3,64174,5.824242424242424,5.824242424242424,4.696969696969697,7.03030303030303
connect4cnn,happy-cat-1,64173,0.3090909090909091,0.3090909090909091,0.0,0.48484848484848486
connect4cnn,happy-cat-1,64174,0.396969696969697,0.396969696969697,0.0,0.5757575757575758
connect4cnn,mystic-tree-2,64173,0.0,0.0,0.0,0.0
connect4cnn,mystic-tree-2,64174,0.02727272727272727,0.02727272727272727,0.0,0.12121212121212122
connect4cnn,nature-cnn,64173,0.3696969696969697,0.3696969696969697,0.0,0.48484848484848486
connect4cnn,nature-cnn,64174,0.4818181818181818,0.4818181818181818,0.0,0.5757575757575758
connect4cnn,quality-reference,64173,0.4333333333333333,0.4333333333333333,0.0,0.6363636363636364
connect4cnn,quality-reference,64174,0.4424242424242425,0.4424242424242425,0.0,0.5757575757575758
connect4cnn,quiet-owl-10,64173,0.26666666666666666,0.26666666666666666,0.0,0.3939393939393939
connect4cnn,quiet-owl-10,64174,0.3242424242424243,0.3242424242424243,0.0,0.42424242424242425
connect4cnn,quiet-owl-11,64173,0.22424242424242422,0.22424242424242422,0.0,0.3939393939393939
connect4cnn,quiet-owl-11,64174,0.29393939393939394,0.29393939393939394,0.0,0.48484848484848486
connect4cnn,quiet-owl-12,64173,0.403030303030303,0.403030303030303,0.0,0.6060606060606061
connect4cnn,quiet-owl-12,64174,0.3666666666666667,0.3666666666666667,0.0,0.5757575757575758
connect4cnn,quiet-owl-13,64173,0.31212121212121213,0.31212121212121213,0.0,0.6060606060606061
connect4cnn,quiet-owl-13,64174,0.41515151515151516,0.41515151515151516,0.0,0.5151515151515151
connect4cnn,quiet-owl-14,64173,0.08787878787878788,0.08787878787878788,0.0,0.18181818181818182
connect4cnn,quiet-owl-14,64174,0.06060606060606061,0.06060606060606061,0.0,0.15151515151515152
connect4cnn,quiet-owl-15,64173,0.10909090909090909,0.10909090909090909,0.0,0.24242424242424243
connect4cnn,quiet-owl-15,64174,0.015151515151515152,0.015151515151515152,0.0,0.030303030303030304
connect4cnn,quiet-owl-16,64173,0.4878787878787879,0.4878787878787879,0.0,0.6666666666666666
connect4cnn,quiet-owl-16,64174,0.3878787878787879,0.3878787878787879,0.0,0.5151515151515151
connect4cnn,quiet-owl-17,64173,0.3090909090909091,0.3090909090909091,0.0,0.48484848484848486
connect4cnn,quiet-owl-17,64174,0.396969696969697,0.396969696969697,0.0,0.5757575757575758
connect4cnn,quiet-owl-18,64173,0.2636363636363636,0.2636363636363636,0.0,0.3939393939393939
connect4cnn,quiet-owl-18,64174,0.04242424242424243,0.04242424242424243,0.0,0.12121212121212122
connect4cnn,quiet-owl-19,64173,0.2818181818181818,0.2818181818181818,0.0,0.36363636363636365
connect4cnn,quiet-owl-19,64174,0.45757575757575764,0.45757575757575764,0.0,0.6666666666666666
connect4cnn,quiet-owl-20,64173,0.23636363636363633,0.23636363636363633,0.0,0.3333333333333333
connect4cnn,quiet-owl-20,64174,0.1939393939393939,0.1939393939393939,0.0,0.3333333333333333
connect4cnn,quiet-owl-21,64173,0.29393939393939394,0.29393939393939394,0.0,0.3939393939393939
connect4cnn,quiet-owl-21,64174,0.3696969696969697,0.3696969696969697,0.0,0.45454545454545453
connect4cnn,quiet-owl-22,64173,0.43939393939393934,0.43939393939393934,0.0,0.696969696969697
connect4cnn,quiet-owl-22,64174,0.46060606060606063,0.46060606060606063,0.0,0.696969696969697
connect4cnn,quiet-owl-23,64173,0.40606060606060607,0.40606060606060607,0.030303030303030304,0.5454545454545454
connect4cnn,quiet-owl-23,64174,0.35757575757575755,0.35757575757575755,0.0,0.5454545454545454
connect4cnn,quiet-owl-24,64173,0.16363636363636364,0.16363636363636364,0.0,0.2727272727272727
connect4cnn,quiet-owl-24,64174,0.296969696969697,0.296969696969697,0.0,0.48484848484848486
connect4cnn,quiet-owl-25,64173,0.3848484848484849,0.3848484848484849,0.0,0.6363636363636364
connect4cnn,quiet-owl-25,64174,0.3515151515151515,0.3515151515151515,0.06060606060606061,0.45454545454545453
connect4cnn,quiet-owl-26,64173,0.3090909090909091,0.3090909090909091,0.0,0.48484848484848486
connect4cnn,quiet-owl-26,64174,0.396969696969697,0.396969696969697,0.0,0.5757575757575758
connect4cnn,quiet-owl-27,64173,0.4303030303030303,0.4303030303030303,0.0,0.6666666666666666
connect4cnn,quiet-owl-27,64174,0.4212121212121212,0.4212121212121212,0.0,0.696969696969697
connect4cnn,quiet-owl-28,64173,0.40606060606060607,0.40606060606060607,0.030303030303030304,0.5454545454545454
connect4cnn,quiet-owl-28,64174,0.35757575757575755,0.35757575757575755,0.0,0.5454545454545454
connect4cnn,quiet-owl-29,64173,0.3424242424242424,0.3424242424242424,0.0,0.5151515151515151
connect4cnn,quiet-owl-29,64174,0.36363636363636365,0.36363636363636365,0.12121212121212122,0.45454545454545453
connect4cnn,quiet-owl-30,64173,0.36060606060606065,0.36060606060606065,0.0,0.6060606060606061
connect4cnn,quiet-owl-30,64174,0.43939393939393934,0.43939393939393934,0.0,0.5757575757575758
connect4cnn,quiet-owl-31,64173,0.2,0.2,0.0,0.3333333333333333
connect4cnn,quiet-owl-31,64174,0.32121212121212117,0.32121212121212117,0.0,0.48484848484848486
connect4cnn,quiet-owl-32,64173,0.36666666666666664,0.36666666666666664,0.0,0.5151515151515151
connect4cnn,quiet-owl-32,64174,0.5393939393939393,0.5393939393939393,0.0,0.7878787878787878
connect4cnn,quiet-owl-33,64173,0.4333333333333333,0.4333333333333333,0.030303030303030304,0.5454545454545454
connect4cnn,quiet-owl-33,64174,0.4333333333333333,0.4333333333333333,0.0,0.6060606060606061
connect4cnn,quiet-owl-34,64173,0.2909090909090909,0.2909090909090909,0.0,0.48484848484848486
connect4cnn,quiet-owl-34,64174,0.3787878787878788,0.3787878787878788,0.0,0.48484848484848486
connect4cnn,quiet-owl-35,64173,0.36363636363636365,0.36363636363636365,0.0,0.42424242424242425
connect4cnn,quiet-owl-35,64174,0.41515151515151516,0.41515151515151516,0.0,0.5151515151515151
connect4cnn,quiet-owl-36,64173,0.38181818181818183,0.38181818181818183,0.0,0.48484848484848486
connect4cnn,quiet-owl-36,64174,0.40606060606060607,0.40606060606060607,0.0,0.5151515151515151
connect4cnn,quiet-owl-37,64173,0.503030303030303,0.503030303030303,0.0,0.6666666666666666
connect4cnn,quiet-owl-37,64174,0.47575757575757577,0.47575757575757577,0.0,0.6363636363636364
connect4cnn,quiet-owl-38,64173,0.4303030303030303,0.4303030303030303,0.0,0.6666666666666666
connect4cnn,quiet-owl-38,64174,0.4212121212121212,0.4212121212121212,0.0,0.696969696969697
connect4cnn,quiet-owl-39,64173,0.41515151515151516,0.41515151515151516,0.030303030303030304,0.5151515151515151
connect4cnn,quiet-owl-39,64174,0.47575757575757577,0.47575757575757577,0.0,0.7878787878787878
connect4cnn,quiet-owl-4,64173,0.3303030303030303,0.3303030303030303,0.0,0.45454545454545453
connect4cnn,quiet-owl-4,64174,0.4818181818181818,0.4818181818181818,0.0,0.696969696969697
connect4cnn,quiet-owl-40,64173,0.30303030303030304,0.30303030303030304,0.0,0.42424242424242425
connect4cnn,quiet-owl-40,64174,0.3757575757575758,0.3757575757575758,0.0,0.45454545454545453
connect4cnn,quiet-owl-41,64173,0.4333333333333333,0.4333333333333333,0.030303030303030304,0.5454545454545454
connect4cnn,quiet-owl-41,64174,0.4333333333333333,0.4333333333333333,0.0,0.6060606060606061
connect4cnn,quiet-owl-42,64173,0.4333333333333333,0.4333333333333333,0.030303030303030304,0.5454545454545454
connect4cnn,quiet-owl-42,64174,0.4333333333333333,0.4333333333333333,0.0,0.6060606060606061
connect4cnn,quiet-owl-43,64173,0.4333333333333333,0.4333333333333333,0.030303030303030304,0.5454545454545454
connect4cnn,quiet-owl-43,64174,0.4333333333333333,0.4333333333333333,0.0,0.6060606060606061
connect4cnn,quiet-owl-44,64173,0.4303030303030303,0.4303030303030303,0.0,0.5454545454545454
connect4cnn,quiet-owl-44,64174,0.4878787878787879,0.4878787878787879,0.0,0.8181818181818182
connect4cnn,quiet-owl-45,64173,0.4303030303030303,0.4303030303030303,0.0,0.5454545454545454
connect4cnn,quiet-owl-45,64174,0.4878787878787879,0.4878787878787879,0.0,0.8181818181818182
connect4cnn,quiet-owl-5,64173,0.0030303030303030303,0.0030303030303030303,0.0,0.030303030303030304
connect4cnn,quiet-owl-5,64174,0.0,0.0,0.0,0.0
connect4cnn,quiet-owl-6,64173,0.3090909090909091,0.3090909090909091,0.0,0.48484848484848486
connect4cnn,quiet-owl-6,64174,0.396969696969697,0.396969696969697,0.0,0.5757575757575758
connect4cnn,quiet-owl-7,64173,0.28484848484848485,0.28484848484848485,0.0,0.5454545454545454
connect4cnn,quiet-owl-7,64174,0.08484848484848485,0.08484848484848485,0.0,0.15151515151515152
connect4cnn,quiet-owl-8,64173,0.2393939393939394,0.2393939393939394,0.030303030303030304,0.3939393939393939
connect4cnn,quiet-owl-8,64174,0.045454545454545456,0.045454545454545456,0.0,0.09090909090909091
connect4cnn,quiet-owl-9,64173,0.31212121212121213,0.31212121212121213,0.0,0.6060606060606061
connect4cnn,quiet-owl-9,64174,0.41515151515151516,0.41515151515151516,0.0,0.5151515151515151
connect4cnn,swift-fox-3,64173,0.0,0.0,0.0,0.0
connect4cnn,swift-fox-3,64174,0.0,0.0,0.0,0.0
flappycnn,happy-cat-1,64173,10.731601731601732,10.731601731601732,0.06060606060606061,28.242424242424242
flappycnn,happy-cat-1,64174,20.83116883116883,20.83116883116883,1.2424242424242424,44.666666666666664
flappycnn,mystic-tree-2,64173,6.891774891774892,6.891774891774892,2.0,21.181818181818183
flappycnn,mystic-tree-2,64174,7.865800865800866,7.865800865800866,1.6363636363636365,22.12121212121212
flappycnn,nature-cnn,64173,41.0,41.0,11.151515151515152,52.54545454545455
flappycnn,nature-cnn,64174,25.08225108225108,25.08225108225108,0.0,48.121212121212125
flappycnn,quality-reference,64173,26.406926406926406,26.406926406926406,3.909090909090909,51.78787878787879
flappycnn,quality-reference,64174,22.385281385281385,22.385281385281385,3.0606060606060606,45.0
flappycnn,quiet-owl-10,64173,15.38095238095238,15.38095238095238,0.0,38.39393939393939
flappycnn,quiet-owl-10,64174,24.88744588744589,24.88744588744589,4.0,44.81818181818182
flappycnn,quiet-owl-11,64173,19.471861471861473,19.471861471861473,1.1818181818181819,45.696969696969695
flappycnn,quiet-owl-11,64174,18.567099567099568,18.567099567099568,4.0606060606060606,49.81818181818182
flappycnn,quiet-owl-12,64173,20.883116883116884,20.883116883116884,5.424242424242424,38.81818181818182
flappycnn,quiet-owl-12,64174,19.58008658008658,19.58008658008658,2.303030303030303,42.121212121212125
flappycnn,quiet-owl-13,64173,15.103896103896105,15.103896103896105,0.0,46.15151515151515
flappycnn,quiet-owl-13,64174,11.03896103896104,11.03896103896104,0.0,40.121212121212125
flappycnn,quiet-owl-14,64173,22.476190476190474,22.476190476190474,2.757575757575758,46.878787878787875
flappycnn,quiet-owl-14,64174,0.4329004329004329,0.4329004329004329,0.0,1.393939393939394
flappycnn,quiet-owl-15,64173,14.186147186147187,14.186147186147187,0.0,49.84848484848485
flappycnn,quiet-owl-15,64174,17.4978354978355,17.4978354978355,1.3333333333333333,30.575757575757574
flappycnn,quiet-owl-16,64173,5.038961038961039,5.038961038961039,0.42424242424242425,12.181818181818182
flappycnn,quiet-owl-16,64174,22.995670995670995,22.995670995670995,5.303030303030303,35.60606060606061
flappycnn,quiet-owl-17,64173,10.731601731601732,10.731601731601732,0.06060606060606061,28.242424242424242
flappycnn,quiet-owl-17,64174,20.83116883116883,20.83116883116883,1.2424242424242424,44.666666666666664
flappycnn,quiet-owl-18,64173,4.1645021645021645,4.1645021645021645,0.21212121212121213,12.181818181818182
flappycnn,quiet-owl-18,64174,4.683982683982684,4.683982683982684,0.0,10.93939393939394
flappycnn,quiet-owl-19,64173,25.138528138528137,25.138528138528137,2.212121212121212,43.18181818181818
flappycnn,quiet-owl-19,64174,1.3246753246753247,1.3246753246753247,0.030303030303030304,3.787878787878788
flappycnn,quiet-owl-20,64173,9.268398268398268,9.268398268398268,0.3333333333333333,20.545454545454547
flappycnn,quiet-owl-20,64174,4.406926406926407,4.406926406926407,0.45454545454545453,13.151515151515152
flappycnn,quiet-owl-21,64173,22.601731601731604,22.601731601731604,3.4545454545454546,48.303030303030305
flappycnn,quiet-owl-21,64174,23.454545454545457,23.454545454545457,0.6060606060606061,46.333333333333336
flappycnn,quiet-owl-22,64173,24.73160173160173,24.73160173160173,3.1515151515151514,48.63636363636363
flappycnn,quiet-owl-22,64174,22.160173160173162,22.160173160173162,2.0,45.72727272727273
flappycnn,quiet-owl-23,64173,31.393939393939394,31.393939393939394,11.545454545454545,49.84848484848485
flappycnn,quiet-owl-23,64174,26.696969696969695,26.696969696969695,2.0606060606060606,50.333333333333336
flappycnn,quiet-owl-24,64173,16.948051948051948,16.948051948051948,1.2424242424242424,42.303030303030305
flappycnn,quiet-owl-24,64174,10.177489177489178,10.177489177489178,0.0,36.484848484848484
flappycnn,quiet-owl-25,64173,11.125541125541124,11.125541125541124,2.1818181818181817,30.151515151515152
flappycnn,quiet-owl-25,64174,17.87012987012987,17.87012987012987,0.0,46.75757575757576
flappycnn,quiet-owl-26,64173,10.731601731601732,10.731601731601732,0.06060606060606061,28.242424242424242
flappycnn,quiet-owl-26,64174,20.83116883116883,20.83116883116883,1.2424242424242424,44.666666666666664
flappycnn,quiet-owl-27,64173,27.96103896103896,27.96103896103896,2.757575757575758,44.96969696969697
flappycnn,quiet-owl-27,64174,0.7445887445887446,0.7445887445887446,0.0,5.0
flappycnn,quiet-owl-28,64173,31.393939393939394,31.393939393939394,11.545454545454545,49.84848484848485
flappycnn,quiet-owl-28,64174,26.696969696969695,26.696969696969695,2.0606060606060606,50.333333333333336
flappycnn,quiet-owl-29,64173,37.57142857142857,37.57142857142857,3.727272727272727,50.333333333333336
flappycnn,quiet-owl-29,64174,0.0,0.0,0.0,0.0
flappycnn,quiet-owl-30,64173,27.428571428571427,27.428571428571427,4.7272727272727275,48.696969696969695
flappycnn,quiet-owl-30,64174,23.61038961038961,23.61038961038961,0.21212121212121213,51.90909090909091
flappycnn,quiet-owl-31,64173,13.757575757575756,13.757575757575756,1.393939393939394,39.21212121212121
flappycnn,quiet-owl-31,64174,22.943722943722943,22.943722943722943,3.4242424242424243,44.666666666666664
flappycnn,quiet-owl-32,64173,18.0995670995671,18.0995670995671,0.0,38.78787878787879
flappycnn,quiet-owl-32,64174,10.567099567099566,10.567099567099566,0.0,25.363636363636363
flappycnn,quiet-owl-33,64173,27.229437229437227,27.229437229437227,7.848484848484849,50.93939393939394
flappycnn,quiet-owl-33,64174,20.21212121212121,20.21212121212121,2.4242424242424243,49.18181818181818
flappycnn,quiet-owl-34,64173,34.02164502164502,34.02164502164502,1.0606060606060606,53.666666666666664
flappycnn,quiet-owl-34,64174,31.584415584415584,31.584415584415584,0.06060606060606061,50.18181818181818
flappycnn,quiet-owl-35,64173,27.8008658008658,27.8008658008658,7.757575757575758,45.121212121212125
flappycnn,quiet-owl-35,64174,24.406926406926406,24.406926406926406,0.0,52.696969696969695
flappycnn,quiet-owl-36,64173,27.766233766233768,27.766233766233768,7.636363636363637,43.90909090909091
flappycnn,quiet-owl-36,64174,0.33333333333333337,0.33333333333333337,0.0,0.9393939393939394
flappycnn,quiet-owl-37,64173,14.186147186147185,14.186147186147185,0.21212121212121213,39.96969696969697
flappycnn,quiet-owl-37,64174,6.151515151515151,6.151515151515151,0.0,20.696969696969695
flappycnn,quiet-owl-38,64173,27.96103896103896,27.96103896103896,2.757575757575758,44.96969696969697
flappycnn,quiet-owl-38,64174,0.7445887445887446,0.7445887445887446,0.0,5.0
flappycnn,quiet-owl-39,64173,24.774891774891778,24.774891774891778,2.3636363636363638,49.24242424242424
flappycnn,quiet-owl-39,64174,17.796536796536795,17.796536796536795,0.0,41.121212121212125
flappycnn,quiet-owl-4,64173,9.51082251082251,9.51082251082251,0.0,31.757575757575758
flappycnn,quiet-owl-4,64174,17.904761904761905,17.904761904761905,0.6666666666666666,42.60606060606061
flappycnn,quiet-owl-40,64173,18.93073593073593,18.93073593073593,0.0,50.18181818181818
flappycnn,quiet-owl-40,64174,31.8008658008658,31.8008658008658,0.7878787878787878,50.333333333333336
flappycnn,quiet-owl-41,64173,27.229437229437227,27.229437229437227,7.848484848484849,50.93939393939394
flappycnn,quiet-owl-41,64174,20.21212121212121,20.21212121212121,2.4242424242424243,49.18181818181818
flappycnn,quiet-owl-42,64173,27.229437229437227,27.229437229437227,7.848484848484849,50.93939393939394
flappycnn,quiet-owl-42,64174,20.21212121212121,20.21212121212121,2.4242424242424243,49.18181818181818
flappycnn,quiet-owl-43,64173,27.229437229437227,27.229437229437227,7.848484848484849,50.93939393939394
flappycnn,quiet-owl-43,64174,20.21212121212121,20.21212121212121,2.4242424242424243,49.18181818181818
flappycnn,quiet-owl-44,64173,26.363636363636363,26.363636363636363,0.7575757575757576,53.696969696969695
flappycnn,quiet-owl-44,64174,20.956709956709954,20.956709956709954,4.212121212121212,44.54545454545455
flappycnn,quiet-owl-45,64173,26.363636363636363,26.363636363636363,0.7575757575757576,53.696969696969695
flappycnn,quiet-owl-45,64174,20.956709956709954,20.956709956709954,4.212121212121212,44.54545454545455
flappycnn,quiet-owl-5,64173,17.402597402597404,17.402597402597404,2.515151515151515,42.333333333333336
flappycnn,quiet-owl-5,64174,14.0,14.0,1.2727272727272727,38.15151515151515
flappycnn,quiet-owl-6,64173,10.731601731601732,10.731601731601732,0.06060606060606061,28.242424242424242
flappycnn,quiet-owl-6,64174,20.83116883116883,20.83116883116883,1.2424242424242424,44.666666666666664
flappycnn,quiet-owl-7,64173,14.58874458874459,14.58874458874459,0.0,40.75757575757576
flappycnn,quiet-owl-7,64174,32.32900432900433,32.32900432900433,0.0,45.333333333333336
flappycnn,quiet-owl-8,64173,20.142857142857142,20.142857142857142,0.21212121212121213,40.303030303030305
flappycnn,quiet-owl-8,64174,26.190476190476193,26.190476190476193,0.42424242424242425,48.54545454545455
flappycnn,quiet-owl-9,64173,15.103896103896105,15.103896103896105,0.0,46.15151515151515
flappycnn,quiet-owl-9,64174,11.03896103896104,11.03896103896104,0.0,40.121212121212125
flappycnn,swift-fox-3,64173,2.376623376623377,2.376623376623377,0.3333333333333333,3.909090909090909
flappycnn,swift-fox-3,64174,1.6406926406926405,1.6406926406926405,0.30303030303030304,2.484848484848485
mazecnn,happy-cat-1,64173,0.14646464646464646,0.14646464646464646,0.12121212121212122,0.18181818181818182
mazecnn,happy-cat-1,64174,0.15656565656565657,0.15656565656565657,0.06060606060606061,0.24242424242424243
mazecnn,mystic-tree-2,64173,0.1414141414141414,0.1414141414141414,0.12121212121212122,0.18181818181818182
mazecnn,mystic-tree-2,64174,0.06060606060606061,0.06060606060606061,0.06060606060606061,0.06060606060606061
mazecnn,nature-cnn,64173,0.16666666666666666,0.16666666666666666,0.12121212121212122,0.18181818181818182
mazecnn,nature-cnn,64174,0.29292929292929293,0.29292929292929293,0.18181818181818182,0.3333333333333333
mazecnn,quality-reference,64173,0.2474747474747475,0.2474747474747475,0.09090909090909091,0.3939393939393939
mazecnn,quality-reference,64174,0.3181818181818182,0.3181818181818182,0.09090909090909091,0.48484848484848486
mazecnn,quiet-owl-10,64173,0.1717171717171717,0.1717171717171717,0.09090909090909091,0.21212121212121213
mazecnn,quiet-owl-10,64174,0.14646464646464646,0.14646464646464646,0.09090909090909091,0.21212121212121213
mazecnn,quiet-owl-11,64173,0.18686868686868688,0.18686868686868688,0.15151515151515152,0.24242424242424243
mazecnn,quiet-owl-11,64174,0.35353535353535354,0.35353535353535354,0.2727272727272727,0.45454545454545453
mazecnn,quiet-owl-12,64173,0.27777777777777773,0.27777777777777773,0.15151515151515152,0.45454545454545453
mazecnn,quiet-owl-12,64174,0.17676767676767677,0.17676767676767677,0.12121212121212122,0.24242424242424243
mazecnn,quiet-owl-13,64173,0.11616161616161617,0.11616161616161617,0.09090909090909091,0.12121212121212122
mazecnn,quiet-owl-13,64174,0.24242424242424243,0.24242424242424243,0.18181818181818182,0.2727272727272727
mazecnn,quiet-owl-14,64173,0.14646464646464646,0.14646464646464646,0.12121212121212122,0.15151515151515152
mazecnn,quiet-owl-14,64174,0.15656565656565657,0.15656565656565657,0.12121212121212122,0.24242424242424243
mazecnn,quiet-owl-15,64173,0.13636363636363638,0.13636363636363638,0.09090909090909091,0.15151515151515152
mazecnn,quiet-owl-15,64174,0.1313131313131313,0.1313131313131313,0.12121212121212122,0.15151515151515152
mazecnn,quiet-owl-16,64173,0.0909090909090909,0.0909090909090909,0.09090909090909091,0.09090909090909091
mazecnn,quiet-owl-16,64174,0.2474747474747475,0.2474747474747475,0.18181818181818182,0.30303030303030304
mazecnn,quiet-owl-17,64173,0.14646464646464646,0.14646464646464646,0.12121212121212122,0.18181818181818182
mazecnn,quiet-owl-17,64174,0.15656565656565657,0.15656565656565657,0.06060606060606061,0.24242424242424243
mazecnn,quiet-owl-18,64173,0.06060606060606061,0.06060606060606061,0.06060606060606061,0.06060606060606061
mazecnn,quiet-owl-18,64174,0.20202020202020202,0.20202020202020202,0.15151515151515152,0.24242424242424243
mazecnn,quiet-owl-19,64173,0.22222222222222224,0.22222222222222224,0.21212121212121213,0.24242424242424243
mazecnn,quiet-owl-19,64174,0.29292929292929293,0.29292929292929293,0.18181818181818182,0.3939393939393939
mazecnn,quiet-owl-20,64173,0.16161616161616163,0.16161616161616163,0.12121212121212122,0.21212121212121213
mazecnn,quiet-owl-20,64174,0.16161616161616163,0.16161616161616163,0.09090909090909091,0.24242424242424243
mazecnn,quiet-owl-21,64173,0.06060606060606061,0.06060606060606061,0.06060606060606061,0.06060606060606061
mazecnn,quiet-owl-21,64174,0.3131313131313131,0.3131313131313131,0.2727272727272727,0.3333333333333333
mazecnn,quiet-owl-22,64173,0.16161616161616163,0.16161616161616163,0.09090909090909091,0.21212121212121213
mazecnn,quiet-owl-22,64174,0.34848484848484845,0.34848484848484845,0.18181818181818182,0.45454545454545453
mazecnn,quiet-owl-23,64173,0.1717171717171717,0.1717171717171717,0.06060606060606061,0.24242424242424243
mazecnn,quiet-owl-23,64174,0.32323232323232326,0.32323232323232326,0.12121212121212122,0.45454545454545453
mazecnn,quiet-owl-24,64173,0.06060606060606061,0.06060606060606061,0.06060606060606061,0.06060606060606061
mazecnn,quiet-owl-24,64174,0.35353535353535354,0.35353535353535354,0.2727272727272727,0.3939393939393939
mazecnn,quiet-owl-25,64173,0.1717171717171717,0.1717171717171717,0.12121212121212122,0.2727272727272727
mazecnn,quiet-owl-25,64174,0.15151515151515152,0.15151515151515152,0.15151515151515152,0.15151515151515152
mazecnn,quiet-owl-26,64173,0.14646464646464646,0.14646464646464646,0.12121212121212122,0.18181818181818182
mazecnn,quiet-owl-26,64174,0.15656565656565657,0.15656565656565657,0.06060606060606061,0.24242424242424243
mazecnn,quiet-owl-27,64173,0.12626262626262627,0.12626262626262627,0.09090909090909091,0.18181818181818182
mazecnn,quiet-owl-27,64174,0.2222222222222222,0.2222222222222222,0.15151515151515152,0.2727272727272727
mazecnn,quiet-owl-28,64173,0.1717171717171717,0.1717171717171717,0.06060606060606061,0.24242424242424243
mazecnn,quiet-owl-28,64174,0.32323232323232326,0.32323232323232326,0.12121212121212122,0.45454545454545453
mazecnn,quiet-owl-29,64173,0.10101010101010101,0.10101010101010101,0.06060606060606061,0.12121212121212122
mazecnn,quiet-owl-29,64174,0.2626262626262626,0.2626262626262626,0.18181818181818182,0.30303030303030304
mazecnn,quiet-owl-30,64173,0.21212121212121213,0.21212121212121213,0.09090909090909091,0.2727272727272727
mazecnn,quiet-owl-30,64174,0.35858585858585856,0.35858585858585856,0.21212121212121213,0.45454545454545453
mazecnn,quiet-owl-31,64173,0.18686868686868685,0.18686868686868685,0.12121212121212122,0.2727272727272727
mazecnn,quiet-owl-31,64174,0.30303030303030304,0.30303030303030304,0.2727272727272727,0.3333333333333333
mazecnn,quiet-owl-32,64173,0.12626262626262627,0.12626262626262627,0.09090909090909091,0.15151515151515152
mazecnn,quiet-owl-32,64174,0.23737373737373738,0.23737373737373738,0.18181818181818182,0.2727272727272727
mazecnn,quiet-owl-33,64173,0.2474747474747475,0.2474747474747475,0.18181818181818182,0.3333333333333333
mazecnn,quiet-owl-33,64174,0.20707070707070707,0.20707070707070707,0.12121212121212122,0.2727272727272727
mazecnn,quiet-owl-34,64173,0.1414141414141414,0.1414141414141414,0.12121212121212122,0.18181818181818182
mazecnn,quiet-owl-34,64174,0.25757575757575757,0.25757575757575757,0.21212121212121213,0.30303030303030304
mazecnn,quiet-owl-35,64173,0.15656565656565657,0.15656565656565657,0.09090909090909091,0.18181818181818182
mazecnn,quiet-owl-35,64174,0.25757575757575757,0.25757575757575757,0.18181818181818182,0.3333333333333333
mazecnn,quiet-owl-36,64173,0.19191919191919193,0.19191919191919193,0.12121212121212122,0.2727272727272727
mazecnn,quiet-owl-36,64174,0.3282828282828283,0.3282828282828283,0.2727272727272727,0.42424242424242425
mazecnn,quiet-owl-37,64173,0.18686868686868688,0.18686868686868688,0.15151515151515152,0.21212121212121213
mazecnn,quiet-owl-37,64174,0.06060606060606061,0.06060606060606061,0.06060606060606061,0.06060606060606061
mazecnn,quiet-owl-38,64173,0.12626262626262627,0.12626262626262627,0.09090909090909091,0.18181818181818182
mazecnn,quiet-owl-38,64174,0.2222222222222222,0.2222222222222222,0.15151515151515152,0.2727272727272727
mazecnn,quiet-owl-39,64173,0.21717171717171715,0.21717171717171715,0.18181818181818182,0.2727272727272727
mazecnn,quiet-owl-39,64174,0.2828282828282828,0.2828282828282828,0.24242424242424243,0.3333333333333333
mazecnn,quiet-owl-4,64173,0.22222222222222224,0.22222222222222224,0.12121212121212122,0.36363636363636365
mazecnn,quiet-owl-4,64174,0.24242424242424243,0.24242424242424243,0.18181818181818182,0.2727272727272727
mazecnn,quiet-owl-40,64173,0.19191919191919193,0.19191919191919193,0.15151515151515152,0.2727272727272727
mazecnn,quiet-owl-40,64174,0.1919191919191919,0.1919191919191919,0.12121212121212122,0.2727272727272727
mazecnn,quiet-owl-41,64173,0.2474747474747475,0.2474747474747475,0.18181818181818182,0.3333333333333333
mazecnn,quiet-owl-41,64174,0.20707070707070707,0.20707070707070707,0.12121212121212122,0.2727272727272727
mazecnn,quiet-owl-42,64173,0.2474747474747475,0.2474747474747475,0.18181818181818182,0.3333333333333333
mazecnn,quiet-owl-42,64174,0.20707070707070707,0.20707070707070707,0.12121212121212122,0.2727272727272727
mazecnn,quiet-owl-43,64173,0.2474747474747475,0.2474747474747475,0.18181818181818182,0.3333333333333333
mazecnn,quiet-owl-43,64174,0.20707070707070707,0.20707070707070707,0.12121212121212122,0.2727272727272727
mazecnn,quiet-owl-44,64173,0.16161616161616163,0.16161616161616163,0.06060606060606061,0.24242424242424243
mazecnn,quiet-owl-44,64174,0.21212121212121213,0.21212121212121213,0.15151515151515152,0.2727272727272727
mazecnn,quiet-owl-45,64173,0.16161616161616163,0.16161616161616163,0.06060606060606061,0.24242424242424243
mazecnn,quiet-owl-45,64174,0.21212121212121213,0.21212121212121213,0.15151515151515152,0.2727272727272727
mazecnn,quiet-owl-5,64173,0.0909090909090909,0.0909090909090909,0.06060606060606061,0.12121212121212122
mazecnn,quiet-owl-5,64174,0.17676767676767677,0.17676767676767677,0.12121212121212122,0.21212121212121213
mazecnn,quiet-owl-6,64173,0.14646464646464646,0.14646464646464646,0.12121212121212122,0.18181818181818182
mazecnn,quiet-owl-6,64174,0.15656565656565657,0.15656565656565657,0.06060606060606061,0.24242424242424243
mazecnn,quiet-owl-7,64173,0.0909090909090909,0.0909090909090909,0.09090909090909091,0.09090909090909091
mazecnn,quiet-owl-7,64174,0.12121212121212122,0.12121212121212122,0.12121212121212122,0.12121212121212122
mazecnn,quiet-owl-8,64173,0.06060606060606061,0.06060606060606061,0.06060606060606061,0.06060606060606061
mazecnn,quiet-owl-8,64174,0.13636363636363638,0.13636363636363638,0.09090909090909091,0.18181818181818182
mazecnn,quiet-owl-9,64173,0.11616161616161617,0.11616161616161617,0.09090909090909091,0.12121212121212122
mazecnn,quiet-owl-9,64174,0.24242424242424243,0.24242424242424243,0.18181818181818182,0.2727272727272727
mazecnn,swift-fox-3,64173,0.1818181818181818,0.1818181818181818,0.12121212121212122,0.24242424242424243
mazecnn,swift-fox-3,64174,0.22727272727272727,0.22727272727272727,0.15151515151515152,0.2727272727272727
pongcnn,happy-cat-1,64173,0.5692811799531167,0.5692811799531167,0.0,1.0
pongcnn,happy-cat-1,64174,0.6266768632888073,0.6635756498857137,0.0,1.0
pongcnn,mystic-tree-2,64173,0.0,0.0,0.0,0.0
pongcnn,mystic-tree-2,64174,0.0,0.0,0.0,0.0
pongcnn,nature-cnn,64173,0.2851897639740342,0.6325674917023884,0.0,0.47508450109141276
pongcnn,nature-cnn,64174,0.02736713421990102,0.6286972766581168,0.0,0.06759577635071706
pongcnn,quality-reference,64173,0.6281386792045095,0.6901940986355385,0.0,0.9986225895316804
pongcnn,quality-reference,64174,0.20320371621826716,0.7635857532352227,0.0,0.9986225895316804
pongcnn,quiet-owl-10,64173,0.37008645221946307,0.49709292235160774,0.0,0.47508450109141276
pongcnn,quiet-owl-10,64174,0.20353216083822132,0.37218250778597833,0.0,0.3570796775155227
pongcnn,quiet-owl-11,64173,0.13561881165838038,0.13783610655860215,0.0,0.47508450109141276
pongcnn,quiet-owl-11,64174,0.0,0.3888033742586395,0.0,0.0
pongcnn,quiet-owl-12,64173,0.0678692144416304,0.6989803343697156,0.0,0.47508450109141276
pongcnn,quiet-owl-12,64174,0.3794933223234748,0.48690036093844075,0.0,0.9958677685950414
pongcnn,quiet-owl-13,64173,0.5499409741934631,0.5813371800761902,0.0,1.0
pongcnn,quiet-owl-13,64174,0.6392978734668002,0.6392978734668002,0.0,0.9972451790633609
pongcnn,quiet-owl-14,64173,0.0,0.0,0.0,0.0
pongcnn,quiet-owl-14,64174,0.6339511805412805,0.6359956088373134,0.0,0.9972451790633609
pongcnn,quiet-owl-15,64173,0.00039354584809130267,0.00039354584809130267,0.0,0.0013774104683195593
pongcnn,quiet-owl-15,64174,0.5706414797323888,0.5706414797323888,0.0,1.0
pongcnn,quiet-owl-16,64173,0.14974711611985916,0.6653736866789854,0.0,0.47508450109141276
pongcnn,quiet-owl-16,64174,0.7133143474052565,0.7133143474052565,0.0,1.0
pongcnn,quiet-owl-17,64173,0.5692811799531167,0.5692811799531167,0.0,1.0
pongcnn,quiet-owl-17,64174,0.6266768632888073,0.6635756498857137,0.0,1.0
pongcnn,quiet-owl-18,64173,0.7115308933490752,0.7115308933490752,0.0,1.0
pongcnn,quiet-owl-18,64174,0.7101877042588506,0.7101877042588506,0.0,0.9958677685950414
pongcnn,quiet-owl-19,64173,0.4877153528970829,0.818969738328622,0.0,0.9944903581267218
pongcnn,quiet-owl-19,64174,0.2846648523566023,0.41377765262126986,0.0,0.4981634916240541
pongcnn,quiet-owl-20,64173,0.25668511593966065,0.43879603542289114,0.0,0.388209312359526
pongcnn,quiet-owl-20,64174,0.6363485634016544,0.6757979729885493,0.0,0.9864654449634688
pongcnn,quiet-owl-21,64173,0.5712317985045258,0.5712317985045258,0.0,1.0
pongcnn,quiet-owl-21,64174,0.7755715790344574,0.7755715790344574,0.0,0.9986225895316804
pongcnn,quiet-owl-22,64173,0.1426603699330972,0.7537148772568711,0.0,0.9986225895316804
pongcnn,quiet-owl-22,64174,0.5712317985045258,0.6435183684951143,0.0,1.0
pongcnn,quiet-owl-23,64173,0.5714285714285714,0.5714285714285714,0.0,1.0
pongcnn,quiet-owl-23,64174,0.06072738231391482,0.7458829307019884,0.0,0.25147211174779976
pongcnn,quiet-owl-24,64173,0.07100047053731337,0.40105208972976886,0.0,0.47508450109141276
pongcnn,quiet-owl-24,64174,0.3551610111351022,0.3551610111351022,0.0,0.5018365083759461
pongcnn,quiet-owl-25,64173,0.8565525383707202,0.8565525383707202,0.0,1.0
pongcnn,quiet-owl-25,64174,0.8565525383707202,0.8565525383707202,0.0,1.0
pongcnn,quiet-owl-26,64173,0.5692811799531167,0.5692811799531167,0.0,1.0
pongcnn,quiet-owl-26,64174,0.6266768632888073,0.6635756498857137,0.0,1.0
pongcnn,quiet-owl-27,64173,0.2653374268578204,0.4663433263138076,0.0,0.4647342089802635
pongcnn,quiet-owl-27,64174,0.2491870058729843,0.33510892792801233,0.0,0.4366784425550412
pongcnn,quiet-owl-28,64173,0.5714285714285714,0.5714285714285714,0.0,1.0
pongcnn,quiet-owl-28,64174,0.06072738231391482,0.7458829307019884,0.0,0.25147211174779976
pongcnn,quiet-owl-29,64173,0.713892168437623,0.799848369099706,0.0,1.0
pongcnn,quiet-owl-29,64174,0.5437191921262622,0.7916763893350819,0.0,1.0
pongcnn,quiet-owl-30,64173,0.6464164998440839,0.735185106460284,0.0,1.0
pongcnn,quiet-owl-30,64174,0.0221206856384722,0.4315300814555706,0.0,0.12925790283497793
pongcnn,quiet-owl-31,64173,0.05227729168511286,0.7364904721871594,0.0,0.36318622085915087
pongcnn,quiet-owl-31,64174,0.5710350255804801,0.5710350255804801,0.0,1.0
pongcnn,quiet-owl-32,64173,0.5706414797323889,0.5706414797323889,0.0,1.0
pongcnn,quiet-owl-32,64174,0.07116621308915058,0.07116621308915058,0.0,0.4981634916240541
pongcnn,quiet-owl-33,64173,0.5704447068083431,0.6199692509092672,0.0,1.0
pongcnn,quiet-owl-33,64174,0.42307997201690944,0.5499411067734482,0.0,0.9122468880455962
pongcnn,quiet-owl-34,64173,0.5700511609602519,0.5700511609602519,0.0,1.0
pongcnn,quiet-owl-34,64174,0.5702479338842975,0.7335843576369842,0.0,0.9986225895316804
pongcnn,quiet-owl-35,64173,0.5537376447721879,0.8545848091302636,0.0,1.0
pongcnn,quiet-owl-35,64174,0.1785393460294646,0.6296191086398517,0.0,0.9944903581267218
pongcnn,quiet-owl-36,64173,0.7809254056176353,0.7809254056176353,0.0,1.0
pongcnn,quiet-owl-36,64174,0.0,0.3344970246757126,0.0,0.0
pongcnn,quiet-owl-37,64173,0.6336708502235033,0.6336708502235033,0.0,1.0
pongcnn,quiet-owl-37,64174,0.14541030401865918,0.5388479362247319,0.0,0.32799223830933155
pongcnn,quiet-owl-38,64173,0.2653374268578204,0.4663433263138076,0.0,0.4647342089802635
pongcnn,quiet-owl-38,64174,0.2491870058729843,0.33510892792801233,0.0,0.4366784425550412
pongcnn,quiet-owl-39,64173,0.3229314518360357,0.3601026115032097,0.0,0.5249154989085872
pongcnn,quiet-owl-39,64174,0.07643477382005713,0.691946099218567,0.0,0.4948338107995686
pongcnn,quiet-owl-4,64173,0.6383815908577816,0.8375670903536516,0.0,1.0
pongcnn,quiet-owl-4,64174,0.2775827269029654,0.798282468772595,0.0,0.4155043024840877
pongcnn,quiet-owl-40,64173,0.0,0.5427718324563084,0.0,0.0
pongcnn,quiet-owl-40,64174,0.6420816214447502,0.6420816214447502,0.0,1.0
pongcnn,quiet-owl-41,64173,0.5704447068083431,0.6199692509092672,0.0,1.0
pongcnn,quiet-owl-41,64174,0.42307997201690944,0.5499411067734482,0.0,0.9122468880455962
pongcnn,quiet-owl-42,64173,0.5704447068083431,0.6199692509092672,0.0,1.0
pongcnn,quiet-owl-42,64174,0.42307997201690944,0.5499411067734482,0.0,0.9122468880455962
pongcnn,quiet-owl-43,64173,0.5704447068083431,0.6199692509092672,0.0,1.0
pongcnn,quiet-owl-43,64174,0.42307997201690944,0.5499411067734482,0.0,0.9122468880455962
pongcnn,quiet-owl-44,64173,0.7817613828792533,0.9163761174346993,0.0,1.0
pongcnn,quiet-owl-44,64174,0.6653948151409932,0.7127115308933492,0.0,1.0
pongcnn,quiet-owl-45,64173,0.7817613828792533,0.9163761174346993,0.0,1.0
pongcnn,quiet-owl-45,64174,0.6653948151409932,0.7127115308933492,0.0,1.0
pongcnn,quiet-owl-5,64173,0.0,0.0,0.0,0.0
pongcnn,quiet-owl-5,64174,0.0,0.0,0.0,0.0
pongcnn,quiet-owl-6,64173,0.5692811799531167,0.5692811799531167,0.0,1.0
pongcnn,quiet-owl-6,64174,0.6266768632888073,0.6635756498857137,0.0,1.0
pongcnn,quiet-owl-7,64173,0.6377975333743118,0.7700812787608241,0.0,1.0
pongcnn,quiet-owl-7,64174,0.20886325331389174,0.3342804623403398,0.0,0.4539716654070096
pongcnn,quiet-owl-8,64173,0.5706414797323889,0.5706414797323889,0.0,1.0
pongcnn,quiet-owl-8,64174,0.6228411739188402,0.6408752149514808,0.0,0.9844789356984478
pongcnn,quiet-owl-9,64173,0.5499409741934631,0.5813371800761902,0.0,1.0
pongcnn,quiet-owl-9,64174,0.6392978734668002,0.6392978734668002,0.0,0.9972451790633609
pongcnn,swift-fox-3,64173,0.0,0.0,0.0,0.0
pongcnn,swift-fox-3,64174,0.0,0.0,0.0,0.0
snakecnn,happy-cat-1,64173,5.909090909090909,5.909090909090909,3.4242424242424243,8.393939393939394
snakecnn,happy-cat-1,64174,5.641414141414141,5.641414141414141,3.909090909090909,8.484848484848484
snakecnn,mystic-tree-2,64173,3.6464646464646466,3.6464646464646466,3.1818181818181817,3.9696969696969697
snakecnn,mystic-tree-2,64174,3.727272727272727,3.727272727272727,3.272727272727273,4.090909090909091
snakecnn,nature-cnn,64173,7.085858585858586,7.085858585858586,3.5757575757575757,9.848484848484848
snakecnn,nature-cnn,64174,7.292929292929293,7.292929292929293,4.0,10.333333333333334
snakecnn,quality-reference,64173,6.2979797979797985,6.2979797979797985,3.727272727272727,9.575757575757576
snakecnn,quality-reference,64174,5.994949494949495,5.994949494949495,3.6666666666666665,8.212121212121213
snakecnn,quiet-owl-10,64173,7.565656565656565,7.565656565656565,3.8181818181818183,10.545454545454545
snakecnn,quiet-owl-10,64174,6.111111111111111,6.111111111111111,3.6666666666666665,9.303030303030303
snakecnn,quiet-owl-11,64173,5.727272727272727,5.727272727272727,3.8181818181818183,8.121212121212121
snakecnn,quiet-owl-11,64174,5.287878787878788,5.287878787878788,3.4545454545454546,6.96969696969697
snakecnn,quiet-owl-12,64173,5.444444444444444,5.444444444444444,3.090909090909091,8.090909090909092
snakecnn,quiet-owl-12,64174,5.6060606060606055,5.6060606060606055,3.727272727272727,7.454545454545454
snakecnn,quiet-owl-13,64173,5.691919191919191,5.691919191919191,3.757575757575758,7.878787878787879
snakecnn,quiet-owl-13,64174,5.02020202020202,5.02020202020202,3.5454545454545454,6.0
snakecnn,quiet-owl-14,64173,3.8989898989898992,3.8989898989898992,3.212121212121212,4.757575757575758
snakecnn,quiet-owl-14,64174,4.444444444444444,4.444444444444444,3.9696969696969697,5.666666666666667
snakecnn,quiet-owl-15,64173,4.2272727272727275,4.2272727272727275,4.0,4.787878787878788
snakecnn,quiet-owl-15,64174,3.6818181818181817,3.6818181818181817,2.878787878787879,4.090909090909091
snakecnn,quiet-owl-16,64173,7.303030303030304,7.303030303030304,3.8484848484848486,9.818181818181818
snakecnn,quiet-owl-16,64174,7.409090909090909,7.409090909090909,4.090909090909091,9.636363636363637
snakecnn,quiet-owl-17,64173,5.909090909090909,5.909090909090909,3.4242424242424243,8.393939393939394
snakecnn,quiet-owl-17,64174,5.641414141414141,5.641414141414141,3.909090909090909,8.484848484848484
snakecnn,quiet-owl-18,64173,4.0606060606060606,4.0606060606060606,3.272727272727273,4.636363636363637
snakecnn,quiet-owl-18,64174,3.8333333333333335,3.8333333333333335,2.515151515151515,4.606060606060606
snakecnn,quiet-owl-19,64173,6.247474747474747,6.247474747474747,3.4242424242424243,9.636363636363637
snakecnn,quiet-owl-19,64174,5.727272727272727,5.727272727272727,3.8181818181818183,7.757575757575758
snakecnn,quiet-owl-20,64173,5.666666666666667,5.666666666666667,3.4242424242424243,7.333333333333333
snakecnn,quiet-owl-20,64174,5.676767676767677,5.676767676767677,3.6666666666666665,7.0606060606060606
snakecnn,quiet-owl-21,64173,6.237373737373737,6.237373737373737,3.878787878787879,9.0
snakecnn,quiet-owl-21,64174,6.075757575757575,6.075757575757575,3.5454545454545454,9.636363636363637
snakecnn,quiet-owl-22,64173,5.878787878787879,5.878787878787879,3.3333333333333335,7.484848484848484
snakecnn,quiet-owl-22,64174,5.454545454545454,5.454545454545454,3.9696969696969697,8.515151515151516
snakecnn,quiet-owl-23,64173,6.257575757575758,6.257575757575758,3.6666666666666665,9.030303030303031
snakecnn,quiet-owl-23,64174,5.98989898989899,5.98989898989899,3.757575757575758,9.696969696969697
snakecnn,quiet-owl-24,64173,5.772727272727273,5.772727272727273,3.8181818181818183,7.696969696969697
snakecnn,quiet-owl-24,64174,5.01010101010101,5.01010101010101,3.878787878787879,5.818181818181818
snakecnn,quiet-owl-25,64173,6.2272727272727275,6.2272727272727275,4.03030303030303,8.696969696969697
snakecnn,quiet-owl-25,64174,6.555555555555556,6.555555555555556,4.090909090909091,10.121212121212121
snakecnn,quiet-owl-26,64173,5.909090909090909,5.909090909090909,3.4242424242424243,8.393939393939394
snakecnn,quiet-owl-26,64174,5.641414141414141,5.641414141414141,3.909090909090909,8.484848484848484
snakecnn,quiet-owl-27,64173,8.212121212121213,8.212121212121213,3.4545454545454546,12.393939393939394
snakecnn,quiet-owl-27,64174,7.48989898989899,7.48989898989899,4.090909090909091,11.121212121212121
snakecnn,quiet-owl-28,64173,6.257575757575758,6.257575757575758,3.6666666666666665,9.030303030303031
snakecnn,quiet-owl-28,64174,5.98989898989899,5.98989898989899,3.757575757575758,9.696969696969697
snakecnn,quiet-owl-29,64173,8.898989898989898,8.898989898989898,4.0,12.696969696969697
snakecnn,quiet-owl-29,64174,7.1313131313131315,7.1313131313131315,3.6666666666666665,9.424242424242424
snakecnn,quiet-owl-30,64173,9.227272727272728,9.227272727272728,4.121212121212121,13.787878787878787
snakecnn,quiet-owl-30,64174,9.277777777777777,9.277777777777777,3.909090909090909,13.303030303030303
snakecnn,quiet-owl-31,64173,6.06060606060606,6.06060606060606,3.1818181818181817,8.0
snakecnn,quiet-owl-31,64174,5.494949494949495,5.494949494949495,3.303030303030303,7.848484848484849
snakecnn,quiet-owl-32,64173,5.7272727272727275,5.7272727272727275,3.484848484848485,8.333333333333334
snakecnn,quiet-owl-32,64174,5.363636363636363,5.363636363636363,4.121212121212121,6.666666666666667
snakecnn,quiet-owl-33,64173,7.686868686868688,7.686868686868688,3.6363636363636362,11.333333333333334
snakecnn,quiet-owl-33,64174,7.01010101010101,7.01010101010101,3.606060606060606,9.424242424242424
snakecnn,quiet-owl-34,64173,8.328282828282829,8.328282828282829,3.6666666666666665,12.878787878787879
snakecnn,quiet-owl-34,64174,7.43939393939394,7.43939393939394,4.333333333333333,10.696969696969697
snakecnn,quiet-owl-35,64173,7.863636363636364,7.863636363636364,3.6363636363636362,10.090909090909092
snakecnn,quiet-owl-35,64174,7.333333333333333,7.333333333333333,4.0,10.848484848484848
snakecnn,quiet-owl-36,64173,9.671717171717171,9.671717171717171,4.242424242424242,15.575757575757576
snakecnn,quiet-owl-36,64174,9.797979797979798,9.797979797979798,3.9393939393939394,15.818181818181818
snakecnn,quiet-owl-37,64173,7.6818181818181825,7.6818181818181825,3.4242424242424243,12.333333333333334
snakecnn,quiet-owl-37,64174,6.858585858585858,6.858585858585858,3.696969696969697,9.696969696969697
snakecnn,quiet-owl-38,64173,8.212121212121213,8.212121212121213,3.4545454545454546,12.393939393939394
snakecnn,quiet-owl-38,64174,7.48989898989899,7.48989898989899,4.090909090909091,11.121212121212121
snakecnn,quiet-owl-39,64173,8.843434343434344,8.843434343434344,4.212121212121212,13.06060606060606
snakecnn,quiet-owl-39,64174,7.914141414141414,7.914141414141414,4.03030303030303,10.545454545454545
snakecnn,quiet-owl-4,64173,7.08080808080808,7.08080808080808,4.2727272727272725,10.393939393939394
snakecnn,quiet-owl-4,64174,6.5,6.5,3.5454545454545454,8.757575757575758
snakecnn,quiet-owl-40,64173,6.474747474747475,6.474747474747475,3.909090909090909,9.393939393939394
snakecnn,quiet-owl-40,64174,6.3181818181818175,6.3181818181818175,4.848484848484849,9.969696969696969
snakecnn,quiet-owl-41,64173,7.686868686868688,7.686868686868688,3.6363636363636362,11.333333333333334
snakecnn,quiet-owl-41,64174,7.01010101010101,7.01010101010101,3.606060606060606,9.424242424242424
snakecnn,quiet-owl-42,64173,7.686868686868688,7.686868686868688,3.6363636363636362,11.333333333333334
snakecnn,quiet-owl-42,64174,7.01010101010101,7.01010101010101,3.606060606060606,9.424242424242424
snakecnn,quiet-owl-43,64173,7.686868686868688,7.686868686868688,3.6363636363636362,11.333333333333334
snakecnn,quiet-owl-43,64174,7.01010101010101,7.01010101010101,3.606060606060606,9.424242424242424
snakecnn,quiet-owl-44,64173,7.7020202020202015,7.7020202020202015,3.5757575757575757,10.818181818181818
snakecnn,quiet-owl-44,64174,7.843434343434343,7.843434343434343,3.515151515151515,10.424242424242424
snakecnn,quiet-owl-45,64173,7.7020202020202015,7.7020202020202015,3.5757575757575757,10.818181818181818
snakecnn,quiet-owl-45,64174,7.843434343434343,7.843434343434343,3.515151515151515,10.424242424242424
snakecnn,quiet-owl-5,64173,2.737373737373737,2.737373737373737,2.212121212121212,3.090909090909091
snakecnn,quiet-owl-5,64174,2.6363636363636362,2.6363636363636362,2.4545454545454546,2.757575757575758
snakecnn,quiet-owl-6,64173,5.909090909090909,5.909090909090909,3.4242424242424243,8.393939393939394
snakecnn,quiet-owl-6,64174,5.641414141414141,5.641414141414141,3.909090909090909,8.484848484848484
snakecnn,quiet-owl-7,64173,5.328282828282828,5.328282828282828,3.9393939393939394,7.393939393939394
snakecnn,quiet-owl-7,64174,5.0606060606060606,5.0606060606060606,2.393939393939394,7.363636363636363
snakecnn,quiet-owl-8,64173,5.166666666666667,5.166666666666667,4.090909090909091,6.2727272727272725
snakecnn,quiet-owl-8,64174,5.08080808080808,5.08080808080808,4.363636363636363,6.2727272727272725
snakecnn,quiet-owl-9,64173,5.691919191919191,5.691919191919191,3.757575757575758,7.878787878787879
snakecnn,quiet-owl-9,64174,5.02020202020202,5.02020202020202,3.5454545454545454,6.0
snakecnn,swift-fox-3,64173,3.005050505050505,3.005050505050505,2.242424242424242,3.5757575757575757
snakecnn,swift-fox-3,64174,3.1262626262626263,3.1262626262626263,2.484848484848485,3.606060606060606
