variant,family,seed,steps,wins,low,high,seconds,params,native_sps,min_wins,max_wins
flex_quality,Ours quality,mean,1024000,0.0005046,0.0001658,0.0008434,12.307328033447266,160736,92382.46337257982,0.0,0.000855
flex_quality,Ours quality,mean,2048000,0.0018241999999999998,0.001095,0.0025534,24.20583257675171,160736,92382.46337257982,0.000896,0.002737
flex_quality,Ours quality,mean,3072000,0.079622,0.052111,0.10569600000000001,35.832331037521364,160736,92382.46337257982,0.032929,0.122633
flex_quality,Ours quality,mean,4096000,0.2959144,0.23292379999999996,0.358905,47.13723168373108,160736,92382.46337257982,0.183918,0.387532
flex_quality,Ours quality,mean,5120000,0.5282754,0.40740360000000003,0.6491472,58.178127241134646,160736,92382.46337257982,0.384481,0.706239
flex_quality,Ours quality,mean,6144000,0.6887466,0.5925738,0.7876042,69.0270143032074,160736,92382.46337257982,0.538955,0.849955
flex_quality,Ours quality,mean,7168000,0.7388114,0.6599678,0.8210192,79.79110708236695,160736,92382.46337257982,0.599445,0.8726
flex_quality,Ours quality,mean,8192000,0.7727487999999999,0.7141632,0.8421839999999999,90.55440564155579,160736,92382.46337257982,0.681564,0.890612
flex_quality,Ours quality,mean,9216000,0.7817406,0.7102578,0.8496472,101.31690139770508,160736,92382.46337257982,0.673792,0.894962
flex_quality,Ours quality,mean,10240000,0.7883473999999999,0.7133294,0.8602634,112.06739153862,160736,92382.46337257982,0.6723,0.899485
flex_quality,Ours quality,mean,11264000,0.7931623999999999,0.7132242000000002,0.8729314,122.83228435516358,160736,92382.46337257982,0.665103,0.906518
flex_quality,Ours quality,mean,12288000,0.7963736000000001,0.715624,0.8771232,133.5835777759552,160736,92382.46337257982,0.668539,0.905579
flex_quality,Ours quality,mean,13312000,0.7966390000000001,0.7151248,0.8781532000000001,144.35406622886657,160736,92382.46337257982,0.667291,0.908154
nature_cnn,Nature,mean,1024000,0.0003346,0.0,0.0006694,12.91606945991516,138528,84066.28170851825,0.0,0.000837
nature_cnn,Nature,mean,2048000,0.0019592,0.0008934000000000001,0.002837,25.449784421920775,138528,84066.28170851825,0.0,0.003481
nature_cnn,Nature,mean,3072000,0.064802,0.0400254,0.0955062,38.045091199874875,138528,84066.28170851825,0.034512,0.121557
nature_cnn,Nature,mean,4096000,0.246554,0.19963899999999998,0.297068,50.46920342445374,138528,84066.28170851825,0.185257,0.326087
nature_cnn,Nature,mean,5120000,0.4209918,0.35447380000000006,0.48750980000000005,62.76371145248413,138528,84066.28170851825,0.327039,0.531308
nature_cnn,Nature,mean,6144000,0.5631752000000001,0.46233959999999996,0.6640108,74.91262092590333,138528,84066.28170851825,0.404869,0.69434
nature_cnn,Nature,mean,7168000,0.6428976,0.5336087999999999,0.7486013999999999,86.97832670211793,138528,84066.28170851825,0.450135,0.808456
nature_cnn,Nature,mean,8192000,0.6804386,0.5835402000000001,0.7622548,98.98163208961486,138528,84066.28170851825,0.504562,0.824042
nature_cnn,Nature,mean,9216000,0.7119804000000001,0.612638,0.8061603999999999,110.96253638267517,138528,84066.28170851825,0.540241,0.876414
nature_cnn,Nature,mean,10240000,0.7231392000000001,0.6354612000000001,0.8087025999999999,122.88664145469666,138528,84066.28170851825,0.566176,0.867596
nature_cnn,Nature,mean,11264000,0.7360331999999999,0.6689217999999999,0.8088344,134.79954776763915,138528,84066.28170851825,0.619705,0.865789
nature_cnn,Nature,mean,12288000,0.7325712,0.6586854,0.8094914,146.6940537929535,138528,84066.28170851825,0.605166,0.864675
nature_cnn,Nature,mean,13312000,0.7335177999999999,0.6623994,0.8062704,158.60615773200988,138528,84066.28170851825,0.608856,0.859649
flex_fast,Ours fast,mean,1024000,0.000674,0.0001652,0.0011903999999999999,12.432269620895386,261856,90687.4906939437,0.0,0.001704
flex_fast,Ours fast,mean,2048000,0.0037274,0.002557,0.0048724,24.443582201004027,261856,90687.4906939437,0.001797,0.005639
flex_fast,Ours fast,mean,3072000,0.06968,0.053394800000000006,0.0859652,36.20768356323242,261856,90687.4906939437,0.049223,0.09254
flex_fast,Ours fast,mean,4096000,0.24253080000000002,0.21037,0.2679452,47.66218771934509,261856,90687.4906939437,0.186547,0.275618
flex_fast,Ours fast,mean,5120000,0.459821,0.3910912,0.5285508,58.85589160919189,261856,90687.4906939437,0.370093,0.545538
flex_fast,Ours fast,mean,6144000,0.5894994,0.5075301999999999,0.6714686000000001,69.90718932151795,261856,90687.4906939437,0.461957,0.687199
flex_fast,Ours fast,mean,7168000,0.6550846,0.5755077999999999,0.7346614,80.96568737030029,261856,90687.4906939437,0.533507,0.748305
flex_fast,Ours fast,mean,8192000,0.681766,0.6040300000000001,0.7554320000000001,91.98658714294433,261856,90687.4906939437,0.554275,0.760338
flex_fast,Ours fast,mean,9216000,0.706113,0.6244732,0.7877528,103.05708608627319,261856,90687.4906939437,0.591436,0.815281
flex_fast,Ours fast,mean,10240000,0.7120110000000001,0.6378288000000001,0.7851136,114.12438645362855,261856,90687.4906939437,0.590297,0.806723
flex_fast,Ours fast,mean,11264000,0.7184102,0.6431918,0.7860267999999999,125.07968368530274,261856,90687.4906939437,0.58871,0.803512
flex_fast,Ours fast,mean,12288000,0.7166784,0.6389020000000001,0.7886420000000001,136.04777908325195,261856,90687.4906939437,0.585626,0.815372
flex_fast,Ours fast,mean,13312000,0.7166148,0.6366644000000001,0.7898956,147.0334785461426,261856,90687.4906939437,0.581996,0.81803
impala_cnn,IMPALA,mean,1024000,0.0018254,0.0017031999999999998,0.001924,96.00392775535583,270496,10810.59219368824,0.001594,0.001951
impala_cnn,IMPALA,mean,2048000,0.4143228,0.30787760000000003,0.5176144,190.8839075565338,270496,10810.59219368824,0.236258,0.594356
impala_cnn,IMPALA,mean,3072000,0.6639796,0.6042224,0.7237368,285.34795250892637,270496,10810.59219368824,0.588566,0.751558
impala_cnn,IMPALA,mean,4096000,0.8665162000000001,0.8254699999999999,0.9157269999999998,379.7503795146942,270496,10810.59219368824,0.800885,0.95566
impala_cnn,IMPALA,mean,5120000,0.93442,0.9118449999999999,0.957905,474.18564162254336,270496,10810.59219368824,0.90283,0.975993
impala_cnn,IMPALA,mean,6144000,0.959236,0.9468197999999999,0.9716522000000001,568.6945133209229,270496,10810.59219368824,0.941016,0.979779
impala_cnn,IMPALA,mean,7168000,0.9675944,0.9556254,0.9811078,663.3521911144256,270496,10810.59219368824,0.948276,0.989031
impala_cnn,IMPALA,mean,8192000,0.9696294,0.9612572,0.9821449999999998,757.9578758716583,270496,10810.59219368824,0.958829,0.993642
impala_cnn,IMPALA,mean,9216000,0.9733632,0.9661226,0.9835654,852.5691575527192,270496,10810.59219368824,0.96598,0.991781
impala_cnn,IMPALA,mean,10240000,0.9734304,0.9669744,0.9827204,947.6548421382904,270496,10810.59219368824,0.966038,0.990917
impala_cnn,IMPALA,mean,11264000,0.9755962,0.9680703999999999,0.985276,1042.422993373871,270496,10810.59219368824,0.965849,0.993648
impala_cnn,IMPALA,mean,12288000,0.975043,0.9663334000000001,0.9838296,1137.046994638443,270496,10810.59219368824,0.96394,0.990901
impala_cnn,IMPALA,mean,13312000,0.9745068,0.9669162,0.9839431999999999,1231.680743932724,270496,10810.59219368824,0.962996,0.991826
flex_small,Ours small,mean,1024000,0.0003418,0.0,0.0010253999999999999,12.33420114517212,109768,93134.392761847,0.0,0.001709
flex_small,Ours small,mean,2048000,0.002016,0.0010696,0.0029623999999999996,24.287870025634767,109768,93134.392761847,0.000887,0.003707
flex_small,Ours small,mean,3072000,0.06797899999999998,0.0377518,0.09990759999999999,35.98875045776367,109768,93134.392761847,0.019541,0.123134
flex_small,Ours small,mean,4096000,0.29551420000000006,0.2130024,0.3600428,47.33845276832581,109768,93134.392761847,0.144424,0.3974
flex_small,Ours small,mean,5120000,0.555466,0.4576316,0.6154034,58.253753137588504,109768,93134.392761847,0.36241,0.625363
flex_small,Ours small,mean,6144000,0.6706614,0.5648420000000001,0.751586,68.89305119514465,109768,93134.392761847,0.466915,0.772066
flex_small,Ours small,mean,7168000,0.7365248000000001,0.5993688,0.843394,79.48034873008729,109768,93134.392761847,0.497164,0.857778
flex_small,Ours small,mean,8192000,0.7572108,0.6181382,0.8641204,90.12444443702698,109768,93134.392761847,0.517824,0.877939
flex_small,Ours small,mean,9216000,0.7726368000000001,0.6420166,0.8797594,100.73894171714782,109768,93134.392761847,0.550752,0.891324
flex_small,Ours small,mean,10240000,0.7751798000000001,0.6518908000000001,0.8802543999999999,111.36143898963928,109768,93134.392761847,0.567517,0.890991
flex_small,Ours small,mean,11264000,0.7769577999999999,0.6580824,0.8763833999999999,121.96393513679504,109768,93134.392761847,0.581527,0.890764
flex_small,Ours small,mean,12288000,0.7805598,0.6630756,0.8810762000000001,132.57203049659728,109768,93134.392761847,0.587571,0.89194
flex_small,Ours small,mean,13312000,0.7800868,0.6612096000000001,0.8802752,143.18332986831666,109768,93134.392761847,0.584514,0.89254
impoola_cnn,Impoola,mean,1024000,0.0010306,0.0001692,0.001892,95.6757465839386,151712,10830.116281463566,0.0,0.002515
impoola_cnn,Impoola,mean,2048000,0.20466440000000002,0.05396460000000001,0.38830339999999997,190.58301410675048,151712,10830.116281463566,0.01619,0.562558
impoola_cnn,Impoola,mean,3072000,0.5832409999999999,0.3319286,0.752307,285.07907462120056,151712,10830.116281463566,0.083962,0.808658
impoola_cnn,Impoola,mean,4096000,0.6706376,0.4805504,0.8216015999999999,379.49673385620116,151712,10830.116281463566,0.325972,0.914552
impoola_cnn,Impoola,mean,5120000,0.6979328,0.5377232000000001,0.841348,473.93518924713135,151712,10830.116281463566,0.401246,0.936387
impoola_cnn,Impoola,mean,6144000,0.7161504000000001,0.5617838,0.8563704000000001,568.3272432804108,151712,10830.116281463566,0.445415,0.942275
impoola_cnn,Impoola,mean,7168000,0.7751742,0.7009632,0.8703417999999999,662.6760914325714,151712,10830.116281463566,0.663818,0.952259
impoola_cnn,Impoola,mean,8192000,0.7828754,0.7211939999999999,0.8752592,757.5595133781433,151712,10830.116281463566,0.69619,0.958298
impoola_cnn,Impoola,mean,9216000,0.7944950000000001,0.7370907999999999,0.8786465999999999,851.8441987991333,151712,10830.116281463566,0.712251,0.952991
impoola_cnn,Impoola,mean,10240000,0.7931412,0.731496,0.8816626,946.141851234436,151712,10830.116281463566,0.702392,0.957265
impoola_cnn,Impoola,mean,11264000,0.7964217999999998,0.741898,0.8816531999999999,1040.487497997284,151712,10830.116281463566,0.72238,0.96
impoola_cnn,Impoola,mean,12288000,0.8003788000000001,0.7457527999999999,0.8833549999999999,1135.2396612644195,151712,10830.116281463566,0.725564,0.959009
impoola_cnn,Impoola,mean,13312000,0.8009426000000002,0.7484660000000001,0.883052,1229.5379915714263,151712,10830.116281463566,0.730516,0.958227
