variant,family,seed,steps,wins,seconds,process_seconds,native_sps,params,games
flex_quality,Ours quality,173,1024000,0.000829,12.30122709274292,145.820446926984,91513.13874389254,160736,1207
flex_quality,Ours quality,173,2048000,0.002737,24.129345417022705,145.820446926984,91513.13874389254,160736,1096
flex_quality,Ours quality,173,3072000,0.122633,35.741424560546875,145.820446926984,91513.13874389254,160736,1109
flex_quality,Ours quality,173,4096000,0.290939,47.177523374557495,145.820446926984,91513.13874389254,160736,1203
flex_quality,Ours quality,173,5120000,0.384481,58.50960898399353,145.820446926984,91513.13874389254,160736,1147
flex_quality,Ours quality,173,6144000,0.538955,69.64169144630432,145.820446926984,91513.13874389254,160736,1091
flex_quality,Ours quality,173,7168000,0.599445,80.57378554344177,145.820446926984,91513.13874389254,160736,1081
flex_quality,Ours quality,173,8192000,0.681564,91.46188521385193,145.820446926984,91513.13874389254,160736,1074
flex_quality,Ours quality,173,9216000,0.673792,102.29797744750977,145.820446926984,91513.13874389254,160736,1076
flex_quality,Ours quality,173,10240000,0.6723,113.10206890106201,145.820446926984,91513.13874389254,160736,1065
flex_quality,Ours quality,173,11264000,0.665103,123.96615409851074,145.820446926984,91513.13874389254,160736,1066
flex_quality,Ours quality,173,12288000,0.668539,134.81025099754333,145.820446926984,91513.13874389254,160736,1068
flex_quality,Ours quality,173,13312000,0.667291,145.73033237457275,145.820446926984,91513.13874389254,160736,1067
nature_cnn,Nature,173,1024000,0.0,12.92183542251587,159.65167176903924,83564.18776072336,138528,1199
nature_cnn,Nature,173,2048000,0.001848,25.449939012527466,159.65167176903924,83564.18776072336,138528,1082
nature_cnn,Nature,173,3072000,0.121557,37.934040546417236,159.65167176903924,83564.18776072336,138528,1053
nature_cnn,Nature,173,4096000,0.214347,50.35413980484009,159.65167176903924,83564.18776072336,138528,1157
nature_cnn,Nature,173,5120000,0.327039,62.64624762535095,159.65167176903924,83564.18776072336,138528,1165
nature_cnn,Nature,173,6144000,0.404869,74.850350856781,159.65167176903924,83564.18776072336,138528,1109
nature_cnn,Nature,173,7168000,0.450135,86.97445273399353,159.65167176903924,83564.18776072336,138528,1113
nature_cnn,Nature,173,8192000,0.504562,99.16655111312866,159.65167176903924,83564.18776072336,138528,1096
nature_cnn,Nature,173,9216000,0.540241,111.32264733314514,159.65167176903924,83564.18776072336,138528,1081
nature_cnn,Nature,173,10240000,0.566176,123.43874454498291,159.65167176903924,83564.18776072336,138528,1088
nature_cnn,Nature,173,11264000,0.619705,135.4708480834961,159.65167176903924,83564.18776072336,138528,1086
nature_cnn,Nature,173,12288000,0.605166,147.48295187950134,159.65167176903924,83564.18776072336,138528,1084
nature_cnn,Nature,173,13312000,0.608856,159.55505561828613,159.65167176903924,83564.18776072336,138528,1084
flex_fast,Ours fast,173,1024000,0.00084,12.471571683883667,148.89351115300087,89593.53578110332,261856,1190
flex_fast,Ours fast,173,2048000,0.00463,24.38766622543335,148.89351115300087,89593.53578110332,261856,1080
flex_fast,Ours fast,173,3072000,0.090009,36.09176278114319,148.89351115300087,89593.53578110332,261856,1111
flex_fast,Ours fast,173,4096000,0.226252,47.54786038398743,148.89351115300087,89593.53578110332,261856,1158
flex_fast,Ours fast,173,5120000,0.374107,58.89595103263855,148.89351115300087,89593.53578110332,261856,1120
flex_fast,Ours fast,173,6144000,0.461957,70.24803876876831,148.89351115300087,89593.53578110332,261856,1104
flex_fast,Ours fast,173,7168000,0.547032,81.58413529396057,148.89351115300087,89593.53578110332,261856,1095
flex_fast,Ours fast,173,8192000,0.554275,92.82024216651917,148.89351115300087,89593.53578110332,261856,1041
flex_fast,Ours fast,173,9216000,0.598657,104.2523365020752,148.89351115300087,89593.53578110332,261856,1191
flex_fast,Ours fast,173,10240000,0.634583,115.81643390655518,148.89351115300087,89593.53578110332,261856,1174
flex_fast,Ours fast,173,11264000,0.663274,126.83252191543579,148.89351115300087,89593.53578110332,261856,1179
flex_fast,Ours fast,173,12288000,0.65378,137.8166103363037,148.89351115300087,89593.53578110332,261856,1164
flex_fast,Ours fast,173,13312000,0.653482,148.8167028427124,148.89351115300087,89593.53578110332,261856,1163
impala_cnn,IMPALA,173,1024000,0.001783,95.94784450531006,1227.8000016899896,10845.866608771668,270496,1122
impala_cnn,IMPALA,173,2048000,0.435996,191.21263647079468,1227.8000016899896,10845.866608771668,270496,1039
impala_cnn,IMPALA,173,3072000,0.662162,285.30142188072205,1227.8000016899896,10845.866608771668,270496,1036
impala_cnn,IMPALA,173,4096000,0.838649,379.1981906890869,1227.8000016899896,10845.866608771668,270496,1066
impala_cnn,IMPALA,173,5120000,0.90283,473.33098006248474,1227.8000016899896,10845.866608771668,270496,1060
impala_cnn,IMPALA,173,6144000,0.941016,567.7079041004181,1227.8000016899896,10845.866608771668,270496,1102
impala_cnn,IMPALA,173,7168000,0.948276,661.7808470726013,1227.8000016899896,10845.866608771668,270496,1102
impala_cnn,IMPALA,173,8192000,0.958829,755.8298034667969,1227.8000016899896,10845.866608771668,270496,1093
impala_cnn,IMPALA,173,9216000,0.96598,850.2587525844574,1227.8000016899896,10845.866608771668,270496,1117
impala_cnn,IMPALA,173,10240000,0.967972,944.7197091579437,1227.8000016899896,10845.866608771668,270496,1124
impala_cnn,IMPALA,173,11264000,0.965849,1038.8810048103333,1227.8000016899896,10845.866608771668,270496,1142
impala_cnn,IMPALA,173,12288000,0.96394,1133.0975885391235,1227.8000016899896,10845.866608771668,270496,1137
impala_cnn,IMPALA,173,13312000,0.962996,1227.6745464801788,1227.8000016899896,10845.866608771668,270496,1135
flex_small,Ours small,173,1024000,0.0,12.341568946838379,146.22616860596463,91246.6164983006,109768,1200
flex_small,Ours small,173,2048000,0.003707,24.205688953399658,146.22616860596463,91246.6164983006,109768,1079
flex_small,Ours small,173,3072000,0.123134,35.89382243156433,146.22616860596463,91246.6164983006,109768,1072
flex_small,Ours small,173,4096000,0.304007,47.353936195373535,146.22616860596463,91246.6164983006,109768,1148
flex_small,Ours small,173,5120000,0.618147,58.6180522441864,146.22616860596463,91246.6164983006,109768,1058
flex_small,Ours small,173,6144000,0.772066,69.64616394042969,146.22616860596463,91246.6164983006,109768,1031
flex_small,Ours small,173,7168000,0.82233,80.57427763938904,146.22616860596463,91246.6164983006,109768,1030
flex_small,Ours small,173,8192000,0.855826,91.51038551330566,146.22616860596463,91246.6164983006,109768,1193
flex_small,Ours small,173,9216000,0.863281,102.45448637008667,146.22616860596463,91246.6164983006,109768,1024
flex_small,Ours small,173,10240000,0.860488,113.36660289764404,146.22616860596463,91246.6164983006,109768,1025
flex_small,Ours small,173,11264000,0.866861,124.30671405792236,146.22616860596463,91246.6164983006,109768,1029
flex_small,Ours small,173,12288000,0.870623,135.21482586860657,146.22616860596463,91246.6164983006,109768,1028
flex_small,Ours small,173,13312000,0.870874,146.13093996047974,146.22616860596463,91246.6164983006,109768,1030
impoola_cnn,Impoola,173,1024000,0.002515,95.55529427528381,1228.7136936939787,10838.020369554322,151712,1193
impoola_cnn,Impoola,173,2048000,0.190731,190.72025728225708,1228.7136936939787,10838.020369554322,151712,1122
impoola_cnn,Impoola,173,3072000,0.599099,285.43720531463623,1228.7136936939787,10838.020369554322,151712,1110
impoola_cnn,Impoola,173,4096000,0.651934,380.0261514186859,1228.7136936939787,10838.020369554322,151712,1086
impoola_cnn,Impoola,173,5120000,0.65514,474.5471136569977,1228.7136936939787,10838.020369554322,151712,1070
impoola_cnn,Impoola,173,6144000,0.71869,569.2320694923401,1228.7136936939787,10838.020369554322,151712,1038
impoola_cnn,Impoola,173,7168000,0.746432,663.5970227718353,1228.7136936939787,10838.020369554322,151712,1191
impoola_cnn,Impoola,173,8192000,0.742489,757.9019799232483,1228.7136936939787,10838.020369554322,151712,1165
impoola_cnn,Impoola,173,9216000,0.772973,851.9669280052185,1228.7136936939787,10838.020369554322,151712,1110
impoola_cnn,Impoola,173,10240000,0.780773,946.2478721141815,1228.7136936939787,10838.020369554322,151712,1113
impoola_cnn,Impoola,173,11264000,0.780686,1040.3408279418945,1228.7136936939787,10838.020369554322,151712,1108
impoola_cnn,Impoola,173,12288000,0.788235,1134.3897726535797,1228.7136936939787,10838.020369554322,151712,1105
impoola_cnn,Impoola,173,13312000,0.785004,1228.5547194480896,1228.7136936939787,10838.020369554322,151712,1107
nature_cnn,Nature,174,1024000,0.000836,12.938596725463867,158.50135249097366,84179.84844731766,138528,1196
nature_cnn,Nature,174,2048000,0.001791,25.490723371505737,158.50135249097366,84179.84844731766,138528,1117
nature_cnn,Nature,174,3072000,0.041301,37.97885298728943,158.50135249097366,84179.84844731766,138528,1138
nature_cnn,Nature,174,4096000,0.326087,50.39098262786865,158.50135249097366,84179.84844731766,138528,1196
nature_cnn,Nature,174,5120000,0.470844,62.71910500526428,158.50135249097366,84179.84844731766,138528,1149
nature_cnn,Nature,174,6144000,0.688162,74.94323205947876,158.50135249097366,84179.84844731766,138528,1039
nature_cnn,Nature,174,7168000,0.808456,86.999351978302,158.50135249097366,84179.84844731766,138528,1159
nature_cnn,Nature,174,8192000,0.824042,98.93947052955627,158.50135249097366,84179.84844731766,138528,1148
nature_cnn,Nature,174,9216000,0.876414,110.82759022712708,158.50135249097366,84179.84844731766,138528,1149
nature_cnn,Nature,174,10240000,0.867596,122.70370888710022,158.50135249097366,84179.84844731766,138528,1148
nature_cnn,Nature,174,11264000,0.865789,134.62382864952087,158.50135249097366,84179.84844731766,138528,1140
nature_cnn,Nature,174,12288000,0.864675,146.49594974517822,158.50135249097366,84179.84844731766,138528,1138
nature_cnn,Nature,174,13312000,0.859649,158.39207077026367,158.50135249097366,84179.84844731766,138528,1140
flex_fast,Ours fast,174,1024000,0.0,12.369335412979126,146.83063472801587,90844.17138447109,261856,1212
flex_fast,Ours fast,174,2048000,0.005639,24.377455711364746,146.83063472801587,90844.17138447109,261856,1064
flex_fast,Ours fast,174,3072000,0.09254,36.13757371902466,146.83063472801587,90844.17138447109,261856,1059
flex_fast,Ours fast,174,4096000,0.264253,47.63769054412842,146.83063472801587,90844.17138447109,261856,1105
flex_fast,Ours fast,174,5120000,0.370093,58.95381784439087,146.83063472801587,90844.17138447109,261856,1070
flex_fast,Ours fast,174,6144000,0.494027,70.1619303226471,146.83063472801587,90844.17138447109,261856,1172
flex_fast,Ours fast,174,7168000,0.533507,81.19804215431213,146.83063472801587,90844.17138447109,261856,1149
flex_fast,Ours fast,174,8192000,0.597529,92.13415241241455,146.83063472801587,90844.17138447109,261856,1133
flex_fast,Ours fast,174,9216000,0.591436,103.07026195526123,146.83063472801587,90844.17138447109,261856,1121
flex_fast,Ours fast,174,10240000,0.590297,113.9623715877533,146.83063472801587,90844.17138447109,261856,1113
flex_fast,Ours fast,174,11264000,0.58871,124.85848093032837,146.83063472801587,90844.17138447109,261856,1116
flex_fast,Ours fast,174,12288000,0.585626,135.8065903186798,146.83063472801587,90844.17138447109,261856,1127
flex_fast,Ours fast,174,13312000,0.581996,146.77069997787476,146.83063472801587,90844.17138447109,261856,1122
impala_cnn,IMPALA,174,1024000,0.001919,96.28033304214478,1230.242735835025,10824.181712452293,270496,1042
impala_cnn,IMPALA,174,2048000,0.336051,190.9369237422943,1230.242735835025,10824.181712452293,270496,1104
impala_cnn,IMPALA,174,3072000,0.588566,284.86586904525757,1230.242735835025,10824.181712452293,270496,1067
impala_cnn,IMPALA,174,4096000,0.848282,378.82278180122375,1230.242735835025,10824.181712452293,270496,1048
impala_cnn,IMPALA,174,5120000,0.950629,473.2997782230377,1230.242735835025,10824.181712452293,270496,1033
impala_cnn,IMPALA,174,6144000,0.968601,567.7487268447876,1230.242735835025,10824.181712452293,270496,1051
impala_cnn,IMPALA,174,7168000,0.979127,662.261684179306,1230.242735835025,10824.181712452293,270496,1054
impala_cnn,IMPALA,174,8192000,0.968045,756.9666340351105,1230.242735835025,10824.181712452293,270496,1064
impala_cnn,IMPALA,174,9216000,0.976504,851.68359208107,1230.242735835025,10824.181712452293,270496,1064
impala_cnn,IMPALA,174,10240000,0.974813,946.1405415534973,1230.242735835025,10824.181712452293,270496,1072
impala_cnn,IMPALA,174,11264000,0.977633,1040.657499074936,1230.242735835025,10824.181712452293,270496,1073
impala_cnn,IMPALA,174,12288000,0.981516,1135.434453010559,1230.242735835025,10824.181712452293,270496,1082
impala_cnn,IMPALA,174,13312000,0.976873,1230.12331366539,1230.242735835025,10824.181712452293,270496,1081
flex_small,Ours small,174,1024000,0.0,12.213506937026978,142.4661535039777,93662.3592031483,109768,1183
flex_small,Ours small,174,2048000,0.002799,24.045621395111084,142.4661535039777,93662.3592031483,109768,1072
flex_small,Ours small,174,3072000,0.08787,35.62572622299194,142.4661535039777,93662.3592031483,109768,1047
flex_small,Ours small,174,4096000,0.345389,46.86182928085327,142.4661535039777,93662.3592031483,109768,1106
flex_small,Ours small,174,5120000,0.582781,57.64993405342102,142.4661535039777,93662.3592031483,109768,1208
flex_small,Ours small,174,6144000,0.651399,68.29403591156006,142.4661535039777,93662.3592031483,109768,1179
flex_small,Ours small,174,7168000,0.66581,78.93012857437134,142.4661535039777,93662.3592031483,109768,1167
flex_small,Ours small,174,8192000,0.681393,89.51022434234619,142.4661535039777,93662.3592031483,109768,1177
flex_small,Ours small,174,9216000,0.681393,100.04232406616211,142.4661535039777,93662.3592031483,109768,1177
flex_small,Ours small,174,10240000,0.677502,110.62241911888123,142.4661535039777,93662.3592031483,109768,1169
flex_small,Ours small,174,11264000,0.67897,121.18251323699951,142.4661535039777,93662.3592031483,109768,1165
flex_small,Ours small,174,12288000,0.677226,131.79060769081116,142.4661535039777,93662.3592031483,109768,1168
flex_small,Ours small,174,13312000,0.679795,142.35871171951294,142.4661535039777,93662.3592031483,109768,1168
impoola_cnn,Impoola,174,1024000,0.0,96.16746377944946,1236.615512266988,10771.239667417483,151712,1197
impoola_cnn,Impoola,174,2048000,0.023356,191.2643404006958,1236.615512266988,10771.239667417483,151712,1156
impoola_cnn,Impoola,174,3072000,0.808658,285.71721291542053,1236.615512266988,10771.239667417483,151712,1155
impoola_cnn,Impoola,174,4096000,0.914552,380.2780714035034,1236.615512266988,10771.239667417483,151712,1182
impoola_cnn,Impoola,174,5120000,0.936387,475.32295060157776,1236.615512266988,10771.239667417483,151712,1179
impoola_cnn,Impoola,174,6144000,0.942275,570.0478219985962,1236.615512266988,10771.239667417483,151712,1178
impoola_cnn,Impoola,174,7168000,0.952259,664.6526916027069,1236.615512266988,10771.239667417483,151712,1173
impoola_cnn,Impoola,174,8192000,0.958298,762.0103862285614,1236.615512266988,10771.239667417483,151712,1175
impoola_cnn,Impoola,174,9216000,0.952991,857.010436296463,1236.615512266988,10771.239667417483,151712,1170
impoola_cnn,Impoola,174,10240000,0.957265,951.7513163089752,1236.615512266988,10771.239667417483,151712,1170
impoola_cnn,Impoola,174,11264000,0.96,1046.6401870250702,1236.615512266988,10771.239667417483,151712,1175
impoola_cnn,Impoola,174,12288000,0.959009,1141.4050605297089,1236.615512266988,10771.239667417483,151712,1171
impoola_cnn,Impoola,174,13312000,0.958227,1236.4859416484833,1236.615512266988,10771.239667417483,151712,1173
flex_quality,Ours quality,174,1024000,0.0,12.237291812896729,141.96460335096344,93999.95091123061,160736,1186
flex_quality,Ours quality,174,2048000,0.001873,24.113406896591187,141.96460335096344,93999.95091123061,160736,1068
flex_quality,Ours quality,174,3072000,0.079801,35.5815110206604,141.96460335096344,93999.95091123061,160736,1203
flex_quality,Ours quality,174,4096000,0.364261,46.60961103439331,141.96460335096344,93999.95091123061,160736,1164
flex_quality,Ours quality,174,5120000,0.682226,57.18971371650696,141.96460335096344,93999.95091123061,160736,1114
flex_quality,Ours quality,174,6144000,0.849955,67.67380166053772,141.96460335096344,93999.95091123061,160736,1113
flex_quality,Ours quality,174,7168000,0.8726,78.20990204811096,141.96460335096344,93999.95091123061,160736,1146
flex_quality,Ours quality,174,8192000,0.890612,88.79399633407593,141.96460335096344,93999.95091123061,160736,1161
flex_quality,Ours quality,174,9216000,0.894962,99.40209937095642,141.96460335096344,93999.95091123061,160736,1171
flex_quality,Ours quality,174,10240000,0.899485,110.01419639587402,141.96460335096344,93999.95091123061,160736,1164
flex_quality,Ours quality,174,11264000,0.906518,120.66229319572449,141.96460335096344,93999.95091123061,160736,1166
flex_quality,Ours quality,174,12288000,0.905579,131.28638792037964,141.96460335096344,93999.95091123061,160736,1165
flex_quality,Ours quality,174,13312000,0.908154,141.84648871421814,141.96460335096344,93999.95091123061,160736,1165
flex_fast,Ours fast,175,1024000,0.001704,12.440832376480103,146.4267731839791,91121.67653920334,261856,1174
flex_fast,Ours fast,175,2048000,0.003824,24.44895577430725,146.4267731839791,91121.67653920334,261856,1046
flex_fast,Ours fast,175,3072000,0.064728,36.18905472755432,146.4267731839791,91121.67653920334,261856,1066
flex_fast,Ours fast,175,4096000,0.275618,47.4491651058197,146.4267731839791,91121.67653920334,261856,1132
flex_fast,Ours fast,175,5120000,0.542311,58.329262018203735,146.4267731839791,91121.67653920334,261856,1099
flex_fast,Ours fast,175,6144000,0.625683,69.12536668777466,146.4267731839791,91121.67653920334,261856,1098
flex_fast,Ours fast,175,7168000,0.748305,80.13346314430237,146.4267731839791,91121.67653920334,261856,1180
flex_fast,Ours fast,175,8192000,0.759796,91.15356230735779,146.4267731839791,91121.67653920334,261856,1174
flex_fast,Ours fast,175,9216000,0.783011,102.1696605682373,146.4267731839791,91121.67653920334,261856,1189
flex_fast,Ours fast,175,10240000,0.78367,113.19776701927185,146.4267731839791,91121.67653920334,261856,1188
flex_fast,Ours fast,175,11264000,0.786555,124.2058675289154,146.4267731839791,91121.67653920334,261856,1190
flex_fast,Ours fast,175,12288000,0.783852,135.2299644947052,146.4267731839791,91121.67653920334,261856,1189
flex_fast,Ours fast,175,13312000,0.783852,146.33007526397705,146.4267731839791,91121.67653920334,261856,1189
impala_cnn,IMPALA,175,1024000,0.00188,96.01948285102844,1235.912925791985,10774.634646526929,270496,1064
impala_cnn,IMPALA,175,2048000,0.468953,190.80036234855652,1235.912925791985,10774.634646526929,270496,1079
impala_cnn,IMPALA,175,3072000,0.751558,285.2492265701294,1235.912925791985,10774.634646526929,270496,1123
impala_cnn,IMPALA,175,4096000,0.889105,380.2381010055542,1235.912925791985,10774.634646526929,270496,1028
impala_cnn,IMPALA,175,5120000,0.931731,474.88697028160095,1235.912925791985,10774.634646526929,270496,1040
impala_cnn,IMPALA,175,6144000,0.945283,569.4558308124542,1235.912925791985,10774.634646526929,270496,1060
impala_cnn,IMPALA,175,7168000,0.960037,664.18869805336,1235.912925791985,10774.634646526929,270496,1076
impala_cnn,IMPALA,175,8192000,0.961754,759.209584236145,1235.912925791985,10774.634646526929,270496,1072
impala_cnn,IMPALA,175,9216000,0.966449,853.9504489898682,1235.912925791985,10774.634646526929,270496,1073
impala_cnn,IMPALA,175,10240000,0.967412,951.115339756012,1235.912925791985,10774.634646526929,270496,1074
impala_cnn,IMPALA,175,11264000,0.973048,1046.3082194328308,1235.912925791985,10774.634646526929,270496,1076
impala_cnn,IMPALA,175,12288000,0.973929,1141.1250870227814,1235.912925791985,10774.634646526929,270496,1074
impala_cnn,IMPALA,175,13312000,0.972119,1235.7984023094177,1235.912925791985,10774.634646526929,270496,1076
flex_small,Ours small,175,1024000,0.001709,12.326377391815186,142.93014947604388,93359.67503770314,109768,1170
flex_small,Ours small,175,2048000,0.0018,24.330286979675293,142.93014947604388,93359.67503770314,109768,1111
flex_small,Ours small,175,3072000,0.067084,36.12623381614685,142.93014947604388,93359.67503770314,109768,1118
flex_small,Ours small,175,4096000,0.3974,47.4183304309845,142.93014947604388,93359.67503770314,109768,1077
flex_small,Ours small,175,5120000,0.625363,58.00642466545105,142.93014947604388,93359.67503770314,109768,1033
flex_small,Ours small,175,6144000,0.712056,68.31851768493652,142.93014947604388,93359.67503770314,109768,1153
flex_small,Ours small,175,7168000,0.839542,78.57861638069153,142.93014947604388,93359.67503770314,109768,1047
flex_small,Ours small,175,8192000,0.853072,89.39071917533875,142.93014947604388,93359.67503770314,109768,1123
flex_small,Ours small,175,9216000,0.876434,100.17482113838196,142.93014947604388,93359.67503770314,109768,1133
flex_small,Ours small,175,10240000,0.879401,110.93091535568237,142.93014947604388,93359.67503770314,109768,1136
flex_small,Ours small,175,11264000,0.866667,121.55900979042053,142.93014947604388,93359.67503770314,109768,1140
flex_small,Ours small,175,12288000,0.875439,132.17510724067688,142.93014947604388,93359.67503770314,109768,1140
flex_small,Ours small,175,13312000,0.872711,142.81520771980286,142.93014947604388,93359.67503770314,109768,1147
impoola_cnn,Impoola,175,1024000,0.001792,95.78259181976318,1224.2284576540114,10877.818782549755,151712,1116
impoola_cnn,Impoola,175,2048000,0.01619,190.25946021080017,1224.2284576540114,10877.818782549755,151712,1050
impoola_cnn,Impoola,175,3072000,0.083962,284.0083227157593,1224.2284576540114,10877.818782549755,151712,1060
impoola_cnn,Impoola,175,4096000,0.325972,377.9211826324463,1224.2284576540114,10877.818782549755,151712,1132
impoola_cnn,Impoola,175,5120000,0.401246,471.829993724823,1224.2284576540114,10877.818782549755,151712,1124
impoola_cnn,Impoola,175,6144000,0.445415,565.450808763504,1224.2284576540114,10877.818782549755,151712,1145
impoola_cnn,Impoola,175,7168000,0.663818,659.0556221008301,1224.2284576540114,10877.818782549755,151712,1053
impoola_cnn,Impoola,175,8192000,0.69619,753.1204464435577,1224.2284576540114,10877.818782549755,151712,1050
impoola_cnn,Impoola,175,9216000,0.712251,846.8692545890808,1224.2284576540114,10877.818782549755,151712,1053
impoola_cnn,Impoola,175,10240000,0.702392,940.4900703430176,1224.2284576540114,10877.818782549755,151712,1045
impoola_cnn,Impoola,175,11264000,0.72238,1034.090884923935,1224.2284576540114,10877.818782549755,151712,1059
impoola_cnn,Impoola,175,12288000,0.725564,1130.4317169189453,1224.2284576540114,10877.818782549755,151712,1064
impoola_cnn,Impoola,175,13312000,0.730516,1224.0965292453766,1224.2284576540114,10877.818782549755,151712,1065
flex_quality,Ours quality,175,1024000,0.000855,12.302806615829468,143.82147392601473,92786.60157851793,160736,1169
flex_quality,Ours quality,175,2048000,0.00271,24.182905912399292,143.82147392601473,92786.60157851793,160736,1107
flex_quality,Ours quality,175,3072000,0.08078,35.79100251197815,143.82147392601473,92786.60157851793,160736,1077
flex_quality,Ours quality,175,4096000,0.387532,46.88310718536377,143.82147392601473,92786.60157851793,160736,1187
flex_quality,Ours quality,175,5120000,0.706239,57.66720104217529,143.82147392601473,92786.60157851793,160736,1154
flex_quality,Ours quality,175,6144000,0.77901,68.43529224395752,143.82147392601473,92786.60157851793,160736,1172
flex_quality,Ours quality,175,7168000,0.808124,79.15138220787048,143.82147392601473,92786.60157851793,160736,1157
flex_quality,Ours quality,175,8192000,0.811482,89.91148042678833,143.82147392601473,92786.60157851793,160736,1167
flex_quality,Ours quality,175,9216000,0.824138,100.67557668685913,143.82147392601473,92786.60157851793,160736,1160
flex_quality,Ours quality,175,10240000,0.820205,111.41567635536194,143.82147392601473,92786.60157851793,160736,1168
flex_quality,Ours quality,175,11264000,0.823379,122.14776587486267,143.82147392601473,92786.60157851793,160736,1172
flex_quality,Ours quality,175,12288000,0.822926,132.8718581199646,143.82147392601473,92786.60157851793,160736,1169
flex_quality,Ours quality,175,13312000,0.822926,143.70395064353943,143.82147392601473,92786.60157851793,160736,1169
nature_cnn,Nature,175,1024000,0.000837,12.940474510192871,158.26528156502172,84295.74185457111,138528,1195
nature_cnn,Nature,175,2048000,0.002676,25.504581689834595,158.26528156502172,84295.74185457111,138528,1121
nature_cnn,Nature,175,3072000,0.048501,38.536696672439575,158.26528156502172,84295.74185457111,138528,1134
nature_cnn,Nature,175,4096000,0.206667,50.96080303192139,158.26528156502172,84295.74185457111,138528,1200
nature_cnn,Nature,175,5120000,0.531308,63.18091869354248,158.26528156502172,84295.74185457111,138528,1086
nature_cnn,Nature,175,6144000,0.69434,75.06502318382263,158.26528156502172,84295.74185457111,138528,1060
nature_cnn,Nature,175,7168000,0.734153,86.92512631416321,158.26528156502172,84295.74185457111,138528,1057
nature_cnn,Nature,175,8192000,0.736098,98.78522849082947,158.26528156502172,84295.74185457111,138528,1061
nature_cnn,Nature,175,9216000,0.749057,110.70533013343811,158.26528156502172,84295.74185457111,138528,1060
nature_cnn,Nature,175,10240000,0.741199,122.56543445587158,158.26528156502172,84295.74185457111,138528,1051
nature_cnn,Nature,175,11264000,0.747867,134.4295356273651,158.26528156502172,84295.74185457111,138528,1055
nature_cnn,Nature,175,12288000,0.739583,146.30163645744324,158.26528156502172,84295.74185457111,138528,1056
nature_cnn,Nature,175,13312000,0.746679,158.1817409992218,158.26528156502172,84295.74185457111,138528,1054
impala_cnn,IMPALA,176,1024000,0.001951,95.8796169757843,1233.9772249470116,10791.704994680817,270496,1025
impala_cnn,IMPALA,176,2048000,0.236258,191.05644536018372,1233.9772249470116,10791.704994680817,270496,1037
impala_cnn,IMPALA,176,3072000,0.590909,286.19326853752136,1233.9772249470116,10791.704994680817,270496,1034
impala_cnn,IMPALA,176,4096000,0.95566,380.81006240844727,1233.9772249470116,10791.704994680817,270496,1060
impala_cnn,IMPALA,176,5120000,0.975993,475.4229009151459,1233.9772249470116,10791.704994680817,270496,1083
impala_cnn,IMPALA,176,6144000,0.979779,570.1877241134644,1233.9772249470116,10791.704994680817,270496,1088
impala_cnn,IMPALA,176,7168000,0.989031,665.2805526256561,1233.9772249470116,10791.704994680817,270496,1094
impala_cnn,IMPALA,176,8192000,0.993642,759.9453752040863,1233.9772249470116,10791.704994680817,270496,1101
impala_cnn,IMPALA,176,9216000,0.991781,854.6261982917786,1233.9772249470116,10791.704994680817,270496,1095
impala_cnn,IMPALA,176,10240000,0.990917,949.4630239009857,1233.9772249470116,10791.704994680817,270496,1101
impala_cnn,IMPALA,176,11264000,0.993648,1044.463851928711,1233.9772249470116,10791.704994680817,270496,1102
impala_cnn,IMPALA,176,12288000,0.990901,1139.1246664524078,1233.9772249470116,10791.704994680817,270496,1099
impala_cnn,IMPALA,176,13312000,0.991826,1233.82949757576,1233.9772249470116,10791.704994680817,270496,1101
flex_small,Ours small,176,1024000,0.0,12.395989179611206,143.01665236899862,93293.06456650213,109768,1189
flex_small,Ours small,176,2048000,0.000887,24.484098434448242,143.01665236899862,93293.06456650213,109768,1127
flex_small,Ours small,176,3072000,0.019541,36.248199462890625,143.01665236899862,93293.06456650213,109768,1177
flex_small,Ours small,176,4096000,0.286351,47.70429444313049,143.01665236899862,93293.06456650213,109768,1121
flex_small,Ours small,176,5120000,0.588629,58.75239300727844,143.01665236899862,93293.06456650213,109768,1196
flex_small,Ours small,176,6144000,0.750871,69.46448612213135,143.01665236899862,93293.06456650213,109768,1148
flex_small,Ours small,176,7168000,0.857778,80.12858200073242,143.01665236899862,93293.06456650213,109768,1125
flex_small,Ours small,176,8192000,0.877939,90.61667156219482,143.01665236899862,93293.06456650213,109768,1106
flex_small,Ours small,176,9216000,0.891324,101.02876305580139,143.01665236899862,93293.06456650213,109768,1095
flex_small,Ours small,176,10240000,0.890991,111.48485350608826,143.01665236899862,93293.06456650213,109768,1110
flex_small,Ours small,176,11264000,0.890764,121.94894433021545,143.01665236899862,93293.06456650213,109768,1126
flex_small,Ours small,176,12288000,0.89194,132.43303084373474,143.01665236899862,93293.06456650213,109768,1129
flex_small,Ours small,176,13312000,0.89254,142.92112064361572,143.01665236899862,93293.06456650213,109768,1126
impoola_cnn,Impoola,176,1024000,0.000846,95.50140881538391,1230.6212378719938,10821.156928412844,151712,1182
impoola_cnn,Impoola,176,2048000,0.230487,190.59822964668274,1230.6212378719938,10821.156928412844,151712,1089
impoola_cnn,Impoola,176,3072000,0.704753,285.5270481109619,1230.6212378719938,10821.156928412844,151712,1094
impoola_cnn,Impoola,176,4096000,0.712418,380.21187806129456,1230.6212378719938,10821.156928412844,151712,1071
impoola_cnn,Impoola,176,5120000,0.754452,474.5967016220093,1230.6212378719938,10821.156928412844,151712,1067
impoola_cnn,Impoola,176,6144000,0.736337,569.0015194416046,1230.6212378719938,10821.156928412844,151712,1043
impoola_cnn,Impoola,176,7168000,0.765896,663.818338394165,1230.6212378719938,10821.156928412844,151712,1038
impoola_cnn,Impoola,176,8192000,0.758487,758.287166595459,1230.6212378719938,10821.156928412844,151712,1031
impoola_cnn,Impoola,176,9216000,0.775728,852.5839853286743,1230.6212378719938,10821.156928412844,151712,1030
impoola_cnn,Impoola,176,10240000,0.769531,946.9128041267395,1230.6212378719938,10821.156928412844,151712,1024
impoola_cnn,Impoola,176,11264000,0.764133,1041.7536053657532,1230.6212378719938,10821.156928412844,151712,1026
impoola_cnn,Impoola,176,12288000,0.769874,1136.1783978939056,1230.6212378719938,10821.156928412844,151712,1195
impoola_cnn,Impoola,176,13312000,0.775391,1230.4872016906738,1230.6212378719938,10821.156928412844,151712,1024
flex_quality,Ours quality,176,1024000,0.0,12.387853384017944,144.56935173098464,92321.67268521142,160736,1218
flex_quality,Ours quality,176,2048000,0.000905,24.335949659347534,144.56935173098464,92321.67268521142,160736,1105
flex_quality,Ours quality,176,3072000,0.032929,36.10006046295166,144.56935173098464,92321.67268521142,160736,1154
flex_quality,Ours quality,176,4096000,0.183918,47.62416386604309,144.56935173098464,92321.67268521142,160736,1169
flex_quality,Ours quality,176,5120000,0.399625,58.88825559616089,144.56935173098464,92321.67268521142,160736,1066
flex_quality,Ours quality,176,6144000,0.609146,69.82034659385681,144.56935173098464,92321.67268521142,160736,1159
flex_quality,Ours quality,176,7168000,0.69338,80.54043960571289,144.56935173098464,92321.67268521142,160736,1148
flex_quality,Ours quality,176,8192000,0.752484,91.1765296459198,144.56935173098464,92321.67268521142,160736,1107
flex_quality,Ours quality,176,9216000,0.810036,101.80862784385681,144.56935173098464,92321.67268521142,160736,1116
flex_quality,Ours quality,176,10240000,0.841071,112.4407114982605,144.56935173098464,92321.67268521142,160736,1120
flex_quality,Ours quality,176,11264000,0.864121,123.10480380058289,144.56935173098464,92321.67268521142,160736,1126
flex_quality,Ours quality,176,12288000,0.875766,133.76889157295227,144.56935173098464,92321.67268521142,160736,1143
flex_quality,Ours quality,176,13312000,0.875766,144.42497038841248,144.56935173098464,92321.67268521142,160736,1143
nature_cnn,Nature,176,1024000,0.0,12.934911251068115,158.05124808102846,84406.55253865513,138528,1204
nature_cnn,Nature,176,2048000,0.0,25.467029094696045,158.05124808102846,84406.55253865513,138528,1133
nature_cnn,Nature,176,3072000,0.078139,37.97512459754944,158.05124808102846,84406.55253865513,138528,1139
nature_cnn,Nature,176,4096000,0.185257,50.38323378562927,158.05124808102846,84406.55253865513,138528,1031
nature_cnn,Nature,176,5120000,0.342523,62.70732641220093,158.05124808102846,84406.55253865513,138528,1197
nature_cnn,Nature,176,6144000,0.473455,74.93943095207214,158.05124808102846,84406.55253865513,138528,1149
nature_cnn,Nature,176,7168000,0.583486,87.04354095458984,158.05124808102846,84406.55253865513,138528,1090
nature_cnn,Nature,176,8192000,0.667917,98.97564005851746,158.05124808102846,84406.55253865513,138528,1066
nature_cnn,Nature,176,9216000,0.69341,110.8517439365387,158.05124808102846,84406.55253865513,138528,1047
nature_cnn,Nature,176,10240000,0.701336,122.61584687232971,158.05124808102846,84406.55253865513,138528,1048
nature_cnn,Nature,176,11264000,0.694867,134.4039454460144,158.05124808102846,84406.55253865513,138528,1052
nature_cnn,Nature,176,12288000,0.694365,146.20004868507385,158.05124808102846,84406.55253865513,138528,1047
nature_cnn,Nature,176,13312000,0.698095,157.95614576339722,158.05124808102846,84406.55253865513,138528,1050
flex_fast,Ours fast,176,1024000,0.000826,12.414648056030273,146.33397345402045,91196.73812974356,261856,1211
flex_fast,Ours fast,176,2048000,0.001797,24.474752187728882,146.33397345402045,91196.73812974356,261856,1113
flex_fast,Ours fast,176,3072000,0.049223,36.28285527229309,146.33397345402045,91196.73812974356,261856,1158
flex_fast,Ours fast,176,4096000,0.259984,47.81495714187622,146.33397345402045,91196.73812974356,261856,1227
flex_fast,Ours fast,176,5120000,0.545538,59.0190544128418,146.33397345402045,91196.73812974356,261856,1087
flex_fast,Ours fast,176,6144000,0.687199,69.8951416015625,146.33397345402045,91196.73812974356,261856,1039
flex_fast,Ours fast,176,7168000,0.716461,80.76323223114014,146.33397345402045,91196.73812974356,261856,1051
flex_fast,Ours fast,176,8192000,0.736892,91.70332407951355,146.33397345402045,91196.73812974356,261856,1049
flex_fast,Ours fast,176,9216000,0.74218,102.65941882133484,146.33397345402045,91196.73812974356,261856,1055
flex_fast,Ours fast,176,10240000,0.744782,113.52751445770264,146.33397345402045,91196.73812974356,261856,1054
flex_fast,Ours fast,176,11264000,0.75,124.40361022949219,146.33397345402045,91196.73812974356,261856,1052
flex_fast,Ours fast,176,12288000,0.744762,135.2996973991394,146.33397345402045,91196.73812974356,261856,1050
flex_fast,Ours fast,176,13312000,0.745714,146.21179032325745,146.33397345402045,91196.73812974356,261856,1050
flex_small,Ours small,177,1024000,0.0,12.393563270568848,141.76127432304202,94110.24850358088,109768,1213
flex_small,Ours small,177,2048000,0.000887,24.37365436553955,141.76127432304202,94110.24850358088,109768,1127
flex_small,Ours small,177,3072000,0.042266,36.04977035522461,141.76127432304202,94110.24850358088,109768,1112
flex_small,Ours small,177,4096000,0.144424,47.35387349128723,141.76127432304202,94110.24850358088,109768,1094
flex_small,Ours small,177,5120000,0.36241,58.24196171760559,141.76127432304202,94110.24850358088,109768,1112
flex_small,Ours small,177,6144000,0.466915,68.74205231666565,141.76127432304202,94110.24850358088,109768,1073
flex_small,Ours small,177,7168000,0.497164,79.19013905525208,141.76127432304202,94110.24850358088,109768,1058
flex_small,Ours small,177,8192000,0.517824,89.59422159194946,141.76127432304202,94110.24850358088,109768,1066
flex_small,Ours small,177,9216000,0.550752,99.994313955307,141.76127432304202,94110.24850358088,109768,1064
flex_small,Ours small,177,10240000,0.567517,110.40240406990051,141.76127432304202,94110.24850358088,109768,1059
flex_small,Ours small,177,11264000,0.581527,120.82249426841736,141.76127432304202,94110.24850358088,109768,1061
flex_small,Ours small,177,12288000,0.587571,131.2465808391571,141.76127432304202,94110.24850358088,109768,1062
flex_small,Ours small,177,13312000,0.584514,141.690669298172,141.76127432304202,94110.24850358088,109768,1059
impoola_cnn,Impoola,177,1024000,0.0,95.37197422981262,1228.198373591993,10842.345659383425,151712,1087
impoola_cnn,Impoola,177,2048000,0.562558,190.07278299331665,1228.198373591993,10842.345659383425,151712,1079
impoola_cnn,Impoola,177,3072000,0.719733,284.70558404922485,1228.198373591993,10842.345659383425,151712,1049
impoola_cnn,Impoola,177,4096000,0.748312,379.0463857650757,1228.198373591993,10842.345659383425,151712,1037
impoola_cnn,Impoola,177,5120000,0.742439,473.379186630249,1228.198373591993,10842.345659383425,151712,1025
impoola_cnn,Impoola,177,6144000,0.738035,567.9039967060089,1228.198373591993,10842.345659383425,151712,1191
impoola_cnn,Impoola,177,7168000,0.747466,662.2567822933197,1228.198373591993,10842.345659383425,151712,1184
impoola_cnn,Impoola,177,8192000,0.758913,756.4775876998901,1228.198373591993,10842.345659383425,151712,1178
impoola_cnn,Impoola,177,9216000,0.758532,850.7903897762299,1228.198373591993,10842.345659383425,151712,1172
impoola_cnn,Impoola,177,10240000,0.755745,945.3071932792664,1228.198373591993,10842.345659383425,151712,1175
impoola_cnn,Impoola,177,11264000,0.75491,1039.6119847297668,1228.198373591993,10842.345659383425,151712,1171
impoola_cnn,Impoola,177,12288000,0.759212,1133.7933583259583,1228.198373591993,10842.345659383425,151712,1167
impoola_cnn,Impoola,177,13312000,0.755575,1228.0655658245087,1228.198373591993,10842.345659383425,151712,1166
flex_quality,Ours quality,177,1024000,0.000839,12.307461261749268,146.16824695299147,91290.9529440466,160736,1192
flex_quality,Ours quality,177,2048000,0.000896,24.267554998397827,146.16824695299147,91290.9529440466,160736,1116
flex_quality,Ours quality,177,3072000,0.081967,35.94765663146973,146.16824695299147,91290.9529440466,160736,1098
flex_quality,Ours quality,177,4096000,0.252922,47.39175295829773,146.16824695299147,91290.9529440466,160736,1198
flex_quality,Ours quality,177,5120000,0.468806,58.63585686683655,146.16824695299147,91290.9529440466,160736,1122
flex_quality,Ours quality,177,6144000,0.666667,69.56393957138062,146.16824695299147,91290.9529440466,160736,1086
flex_quality,Ours quality,177,7168000,0.720508,80.48002600669861,146.16824695299147,91290.9529440466,160736,1102
flex_quality,Ours quality,177,8192000,0.727602,91.42813658714294,146.16824695299147,91290.9529440466,160736,1105
flex_quality,Ours quality,177,9216000,0.705775,102.40022563934326,146.16824695299147,91290.9529440466,160736,1091
flex_quality,Ours quality,177,10240000,0.708676,113.3643045425415,146.16824695299147,91290.9529440466,160736,1095
flex_quality,Ours quality,177,11264000,0.706691,124.28040480613708,146.16824695299147,91290.9529440466,160736,1091
flex_quality,Ours quality,177,12288000,0.709058,135.18050026893616,146.16824695299147,91290.9529440466,160736,1093
flex_quality,Ours quality,177,13312000,0.709058,146.0645890235901,146.16824695299147,91290.9529440466,160736,1093
nature_cnn,Nature,177,1024000,0.0,12.844529390335083,159.05554275697796,83885.07794132405,138528,1177
nature_cnn,Nature,177,2048000,0.003481,25.33664894104004,159.05554275697796,83885.07794132405,138528,1149
nature_cnn,Nature,177,3072000,0.034512,37.80074119567871,159.05554275697796,83885.07794132405,138528,1188
nature_cnn,Nature,177,4096000,0.300412,50.25685787200928,159.05554275697796,83885.07794132405,138528,1215
nature_cnn,Nature,177,5120000,0.433245,62.56495952606201,159.05554275697796,83885.07794132405,138528,1131
nature_cnn,Nature,177,6144000,0.55505,74.76506757736206,159.05554275697796,83885.07794132405,138528,1099
nature_cnn,Nature,177,7168000,0.638258,86.94916152954102,159.05554275697796,83885.07794132405,138528,1056
nature_cnn,Nature,177,8192000,0.669574,99.04127025604248,159.05554275697796,83885.07794132405,138528,1032
nature_cnn,Nature,177,9216000,0.70078,111.10537028312683,159.05554275697796,83885.07794132405,138528,1026
nature_cnn,Nature,177,10240000,0.739389,123.10947251319885,159.05554275697796,83885.07794132405,138528,1178
nature_cnn,Nature,177,11264000,0.751938,135.06958103179932,159.05554275697796,83885.07794132405,138528,1161
nature_cnn,Nature,177,12288000,0.759067,146.9896821975708,159.05554275697796,83885.07794132405,138528,1158
nature_cnn,Nature,177,13312000,0.75431,158.94577550888062,159.05554275697796,83885.07794132405,138528,1160
flex_fast,Ours fast,177,1024000,0.0,12.46496057510376,147.12291403400013,90681.33163519723,261856,1174
flex_fast,Ours fast,177,2048000,0.002747,24.529081106185913,147.12291403400013,90681.33163519723,261856,1092
flex_fast,Ours fast,177,3072000,0.0519,36.33717131614685,147.12291403400013,90681.33163519723,261856,1079
flex_fast,Ours fast,177,4096000,0.186547,47.861265420913696,147.12291403400013,90681.33163519723,261856,1115
flex_fast,Ours fast,177,5120000,0.467056,59.08137273788452,147.12291403400013,90681.33163519723,261856,1199
flex_fast,Ours fast,177,6144000,0.678631,70.10546922683716,147.12291403400013,90681.33163519723,261856,1198
flex_fast,Ours fast,177,7168000,0.730118,81.14956402778625,147.12291403400013,90681.33163519723,261856,1182
flex_fast,Ours fast,177,8192000,0.760338,92.12165474891663,147.12291403400013,90681.33163519723,261856,1185
flex_fast,Ours fast,177,9216000,0.815281,103.1337525844574,147.12291403400013,90681.33163519723,261856,1191
flex_fast,Ours fast,177,10240000,0.806723,114.11784529685974,147.12291403400013,90681.33163519723,261856,1190
flex_fast,Ours fast,177,11264000,0.803512,125.09793782234192,147.12291403400013,90681.33163519723,261856,1196
flex_fast,Ours fast,177,12288000,0.815372,136.08603286743164,147.12291403400013,90681.33163519723,261856,1197
flex_fast,Ours fast,177,13312000,0.81803,147.03812432289124,147.12291403400013,90681.33163519723,261856,1198
impala_cnn,IMPALA,177,1024000,0.001594,95.8923614025116,1231.1168329119682,10816.573006009492,270496,1255
impala_cnn,IMPALA,177,2048000,0.594356,190.41316986083984,1231.1168329119682,10816.573006009492,270496,1134
impala_cnn,IMPALA,177,3072000,0.726703,285.1299765110016,1231.1168329119682,10816.573006009492,270496,1116
impala_cnn,IMPALA,177,4096000,0.800885,379.68276166915894,1231.1168329119682,10816.573006009492,270496,1130
impala_cnn,IMPALA,177,5120000,0.910917,473.9875786304474,1231.1168329119682,10816.573006009492,270496,1145
impala_cnn,IMPALA,177,6144000,0.961501,568.37238073349,1231.1168329119682,10816.573006009492,270496,1039
impala_cnn,IMPALA,177,7168000,0.961501,663.2491736412048,1231.1168329119682,10816.573006009492,270496,1039
impala_cnn,IMPALA,177,8192000,0.965877,757.837982416153,1231.1168329119682,10816.573006009492,270496,1055
impala_cnn,IMPALA,177,9216000,0.966102,852.3267958164215,1231.1168329119682,10816.573006009492,270496,1062
impala_cnn,IMPALA,177,10240000,0.966038,946.8355963230133,1231.1168329119682,10816.573006009492,270496,1060
impala_cnn,IMPALA,177,11264000,0.967803,1041.8043916225433,1231.1168329119682,10816.573006009492,270496,1056
impala_cnn,IMPALA,177,12288000,0.964929,1136.4531781673431,1231.1168329119682,10816.573006009492,270496,1055
impala_cnn,IMPALA,177,13312000,0.96872,1230.9779596328735,1231.1168329119682,10816.573006009492,270496,1055
