variant,reference,steps,mean_delta,low,high,seeds_higher
flex_quality,nature_cnn,1024000,0.00016999999999999999,-0.00033580000000000003,0.0006707999999999999,3
flex_quality,nature_cnn,2048000,-0.000135,-0.0013663999999999998,0.000734,4
flex_quality,nature_cnn,3072000,0.01482,-0.017438399999999996,0.0408378,4
flex_quality,nature_cnn,4096000,0.04936039999999999,-0.013224400000000025,0.12356959999999999,3
flex_quality,nature_cnn,5120000,0.10728359999999997,0.048553599999999995,0.1732358,5
flex_quality,nature_cnn,6144000,0.12557139999999997,0.10083819999999999,0.14636839999999998,5
flex_quality,nature_cnn,7168000,0.09591380000000004,0.07169600000000005,0.12566040000000003,5
flex_quality,nature_cnn,8192000,0.09231019999999998,0.06491599999999995,0.1363548,5
flex_quality,nature_cnn,9216000,0.06976020000000002,0.02443340000000005,0.11508700000000001,5
flex_quality,nature_cnn,10240000,0.06520819999999998,0.009174799999999993,0.1141448,4
flex_quality,nature_cnn,11264000,0.05712920000000001,-0.002966200000000008,0.11971160000000003,4
flex_quality,nature_cnn,12288000,0.06380240000000001,-0.003727000000000058,0.13369000000000003,4
flex_quality,nature_cnn,13312000,0.06312120000000002,-0.0006674000000000512,0.12997660000000003,4
flex_fast,nature_cnn,1024000,0.0003394,-0.00033360000000000003,0.000848,3
flex_fast,nature_cnn,2048000,0.0017682,0.00034559999999999984,0.0030275999999999996,4
flex_fast,nature_cnn,3072000,0.004878,-0.021234399999999994,0.0306962,3
flex_fast,nature_cnn,4096000,-0.00402320000000001,-0.0678986,0.05985219999999999,3
flex_fast,nature_cnn,5120000,0.038829199999999994,-0.04427479999999998,0.13342319999999996,4
flex_fast,nature_cnn,6144000,0.026324199999999985,-0.10549620000000004,0.14634759999999997,3
flex_fast,nature_cnn,7168000,0.012187000000000026,-0.13554399999999997,0.11032080000000002,4
flex_fast,nature_cnn,8192000,0.0013273999999999786,-0.11602260000000005,0.07383819999999999,4
flex_fast,nature_cnn,9216000,-0.00586739999999999,-0.15147880000000005,0.08524540000000005,4
flex_fast,nature_cnn,10240000,-0.01112820000000001,-0.14441840000000006,0.06300519999999998,4
flex_fast,nature_cnn,11264000,-0.01762299999999999,-0.14819500000000002,0.051396600000000014,4
flex_fast,nature_cnn,12288000,-0.015892799999999995,-0.14798379999999997,0.05271619999999997,4
flex_fast,nature_cnn,13312000,-0.016903,-0.1487414,0.05459180000000001,4
flex_small,nature_cnn,1024000,7.200000000000001e-06,-0.0005016,0.0005232,1
flex_small,nature_cnn,2048000,5.6799999999999903e-05,-0.0015299999999999997,0.0013241999999999998,3
flex_small,nature_cnn,3072000,0.003177000000000002,-0.0311268,0.0298076,4
flex_small,nature_cnn,4096000,0.048960199999999995,-0.057728800000000004,0.1369496,4
flex_small,nature_cnn,5120000,0.1344742,0.025531199999999997,0.24269699999999994,4
flex_small,nature_cnn,6144000,0.1074862,-0.046416000000000034,0.2684488,3
flex_small,nature_cnn,7168000,0.09362720000000004,-0.09241819999999996,0.27967260000000005,3
flex_small,nature_cnn,8192000,0.0767722,-0.09436480000000003,0.24790920000000005,3
flex_small,nature_cnn,9216000,0.060656400000000034,-0.11254419999999996,0.23385700000000004,3
flex_small,nature_cnn,10240000,0.05204060000000001,-0.11714599999999997,0.2212272,3
flex_small,nature_cnn,11264000,0.0409246,-0.11913200000000002,0.20098120000000003,3
flex_small,nature_cnn,12288000,0.04798859999999998,-0.11640680000000003,0.212384,3
flex_small,nature_cnn,13312000,0.04656900000000001,-0.1146536,0.20779160000000002,3
impala_cnn,nature_cnn,1024000,0.0014907999999999998,0.0011692,0.0018124,5
impala_cnn,nature_cnn,2048000,0.41236360000000005,0.30718140000000005,0.5146324,5
impala_cnn,nature_cnn,3072000,0.5991776,0.530803,0.6683933999999999,5
impala_cnn,nature_cnn,4096000,0.6199622,0.5339276,0.7059968000000001,5
impala_cnn,nature_cnn,5120000,0.5134282,0.44719499999999995,0.5873267999999999,5
impala_cnn,nature_cnn,6144000,0.3960608,0.293843,0.4982786,5
impala_cnn,nature_cnn,7168000,0.32469680000000006,0.22327060000000004,0.42612300000000003,5
impala_cnn,nature_cnn,8192000,0.28919079999999997,0.20492299999999997,0.3828364000000001,5
impala_cnn,nature_cnn,9216000,0.2613828,0.16618280000000002,0.358596,5
impala_cnn,nature_cnn,10240000,0.25029120000000005,0.16748900000000003,0.33446700000000007,5
impala_cnn,nature_cnn,11264000,0.23956299999999997,0.17003559999999995,0.30825359999999996,5
impala_cnn,nature_cnn,12288000,0.24247180000000004,0.17058420000000005,0.31038740000000004,5
impala_cnn,nature_cnn,13312000,0.24098899999999998,0.1719626,0.30675680000000005,5
impoola_cnn,nature_cnn,1024000,0.000696,-0.0001672,0.0016999999999999997,3
impoola_cnn,nature_cnn,2048000,0.20270520000000003,0.051808200000000006,0.3858566,5
impoola_cnn,nature_cnn,3072000,0.518439,0.27025639999999995,0.7063539999999999,5
impoola_cnn,nature_cnn,4096000,0.4240836,0.2645326,0.5394218,5
impoola_cnn,nature_cnn,5120000,0.276941,0.06618739999999998,0.4226518,4
impoola_cnn,nature_cnn,6144000,0.15297519999999998,-0.04999379999999996,0.2815038,4
impoola_cnn,nature_cnn,7168000,0.13227660000000002,0.016122600000000053,0.22838039999999998,4
impoola_cnn,nature_cnn,8192000,0.10243679999999997,0.020774199999999944,0.1789842,4
impoola_cnn,nature_cnn,9216000,0.08251460000000002,0.009695399999999998,0.16765320000000003,4
impoola_cnn,nature_cnn,10240000,0.07000200000000001,0.0039937999999999805,0.14996320000000002,4
impoola_cnn,nature_cnn,11264000,0.060388599999999994,0.0041444000000000255,0.11602520000000001,4
impoola_cnn,nature_cnn,12288000,0.0678076,0.009552199999999966,0.12873720000000002,4
impoola_cnn,nature_cnn,13312000,0.06742480000000003,0.009500000000000019,0.12565740000000006,4
