variant,seed,target,reached,first_seconds,first_steps
flex_quality,173,0.5,True,69.64169144630432,6144000
flex_quality,174,0.5,True,57.18971371650696,5120000
flex_quality,175,0.5,True,57.66720104217529,5120000
flex_quality,176,0.5,True,69.82034659385681,6144000
flex_quality,177,0.5,True,69.56393957138062,6144000
flex_quality,173,0.75,False,,
flex_quality,174,0.75,True,67.67380166053772,6144000
flex_quality,175,0.75,True,68.43529224395752,6144000
flex_quality,176,0.75,True,91.1765296459198,8192000
flex_quality,177,0.75,False,,
flex_quality,173,0.9,False,,
flex_quality,174,0.9,True,120.66229319572449,11264000
flex_quality,175,0.9,False,,
flex_quality,176,0.9,False,,
flex_quality,177,0.9,False,,
flex_quality,173,0.95,False,,
flex_quality,174,0.95,False,,
flex_quality,175,0.95,False,,
flex_quality,176,0.95,False,,
flex_quality,177,0.95,False,,
nature_cnn,173,0.5,True,99.16655111312866,8192000
nature_cnn,174,0.5,True,74.94323205947876,6144000
nature_cnn,175,0.5,True,63.18091869354248,5120000
nature_cnn,176,0.5,True,87.04354095458984,7168000
nature_cnn,177,0.5,True,74.76506757736206,6144000
nature_cnn,173,0.75,False,,
nature_cnn,174,0.75,True,86.999351978302,7168000
nature_cnn,175,0.75,False,,
nature_cnn,176,0.75,False,,
nature_cnn,177,0.75,True,135.06958103179932,11264000
nature_cnn,173,0.9,False,,
nature_cnn,174,0.9,False,,
nature_cnn,175,0.9,False,,
nature_cnn,176,0.9,False,,
nature_cnn,177,0.9,False,,
nature_cnn,173,0.95,False,,
nature_cnn,174,0.95,False,,
nature_cnn,175,0.95,False,,
nature_cnn,176,0.95,False,,
nature_cnn,177,0.95,False,,
flex_fast,173,0.5,True,81.58413529396057,7168000
flex_fast,174,0.5,True,81.19804215431213,7168000
flex_fast,175,0.5,True,58.329262018203735,5120000
flex_fast,176,0.5,True,59.0190544128418,5120000
flex_fast,177,0.5,True,70.10546922683716,6144000
flex_fast,173,0.75,False,,
flex_fast,174,0.75,False,,
flex_fast,175,0.75,True,91.15356230735779,8192000
flex_fast,176,0.75,True,124.40361022949219,11264000
flex_fast,177,0.75,True,92.12165474891663,8192000
flex_fast,173,0.9,False,,
flex_fast,174,0.9,False,,
flex_fast,175,0.9,False,,
flex_fast,176,0.9,False,,
flex_fast,177,0.9,False,,
flex_fast,173,0.95,False,,
flex_fast,174,0.95,False,,
flex_fast,175,0.95,False,,
flex_fast,176,0.95,False,,
flex_fast,177,0.95,False,,
impala_cnn,173,0.5,True,285.30142188072205,3072000
impala_cnn,174,0.5,True,284.86586904525757,3072000
impala_cnn,175,0.5,True,285.2492265701294,3072000
impala_cnn,176,0.5,True,286.19326853752136,3072000
impala_cnn,177,0.5,True,190.41316986083984,2048000
impala_cnn,173,0.75,True,379.1981906890869,4096000
impala_cnn,174,0.75,True,378.82278180122375,4096000
impala_cnn,175,0.75,True,285.2492265701294,3072000
impala_cnn,176,0.75,True,380.81006240844727,4096000
impala_cnn,177,0.75,True,379.68276166915894,4096000
impala_cnn,173,0.9,True,473.33098006248474,5120000
impala_cnn,174,0.9,True,473.2997782230377,5120000
impala_cnn,175,0.9,True,474.88697028160095,5120000
impala_cnn,176,0.9,True,380.81006240844727,4096000
impala_cnn,177,0.9,True,473.9875786304474,5120000
impala_cnn,173,0.95,True,755.8298034667969,8192000
impala_cnn,174,0.95,True,473.2997782230377,5120000
impala_cnn,175,0.95,True,664.18869805336,7168000
impala_cnn,176,0.95,True,380.81006240844727,4096000
impala_cnn,177,0.95,True,568.37238073349,6144000
flex_small,173,0.5,True,58.6180522441864,5120000
flex_small,174,0.5,True,57.64993405342102,5120000
flex_small,175,0.5,True,58.00642466545105,5120000
flex_small,176,0.5,True,58.75239300727844,5120000
flex_small,177,0.5,True,89.59422159194946,8192000
flex_small,173,0.75,True,69.64616394042969,6144000
flex_small,174,0.75,False,,
flex_small,175,0.75,True,78.57861638069153,7168000
flex_small,176,0.75,True,69.46448612213135,6144000
flex_small,177,0.75,False,,
flex_small,173,0.9,False,,
flex_small,174,0.9,False,,
flex_small,175,0.9,False,,
flex_small,176,0.9,False,,
flex_small,177,0.9,False,,
flex_small,173,0.95,False,,
flex_small,174,0.95,False,,
flex_small,175,0.95,False,,
flex_small,176,0.95,False,,
flex_small,177,0.95,False,,
impoola_cnn,173,0.5,True,285.43720531463623,3072000
impoola_cnn,174,0.5,True,285.71721291542053,3072000
impoola_cnn,175,0.5,True,659.0556221008301,7168000
impoola_cnn,176,0.5,True,285.5270481109619,3072000
impoola_cnn,177,0.5,True,190.07278299331665,2048000
impoola_cnn,173,0.75,True,851.9669280052185,9216000
impoola_cnn,174,0.75,True,285.71721291542053,3072000
impoola_cnn,175,0.75,False,,
impoola_cnn,176,0.75,True,474.5967016220093,5120000
impoola_cnn,177,0.75,True,756.4775876998901,8192000
impoola_cnn,173,0.9,False,,
impoola_cnn,174,0.9,True,380.2780714035034,4096000
impoola_cnn,175,0.9,False,,
impoola_cnn,176,0.9,False,,
impoola_cnn,177,0.9,False,,
impoola_cnn,173,0.95,False,,
impoola_cnn,174,0.95,True,664.6526916027069,7168000
impoola_cnn,175,0.95,False,,
impoola_cnn,176,0.95,False,,
impoola_cnn,177,0.95,False,,
