environment,model,threads,decisions,train_seconds,process_sps,eval_seconds,eval_perf,eval_games,params
connect4cnn,flex_quality,1,16384,1.4,11702.857142857143,0.44,0.0,290,160736
connect4cnn,flex_quality,2,16384,0.58,28248.275862068967,0.41,0.0,290,160736
connect4cnn,nature_cnn,1,16384,0.71,23076.05633802817,0.47,0.0,297,138528
connect4cnn,nature_cnn,2,16384,0.62,26425.806451612905,0.41,0.0,297,138528
connect4cnn,impala_cnn,1,16384,2.08,7876.923076923076,0.55,0.0,307,270496
connect4cnn,impala_cnn,2,16384,1.97,8316.751269035532,0.5,0.0,307,270496
connect4cnn,impoola_cnn,1,16384,2.09,7839.234449760766,0.53,0.0,304,151712
connect4cnn,impoola_cnn,2,16384,1.98,8274.747474747475,0.51,0.0,304,151712
pongcnn,flex_quality,1,16384,0.46,35617.391304347824,0.46,0.0,65,160224
pongcnn,flex_quality,2,16384,0.47,34859.574468085106,0.45,0.0,65,160224
pongcnn,nature_cnn,1,16384,0.49,33436.73469387755,0.48,0.0,65,138016
pongcnn,nature_cnn,2,16384,0.49,33436.73469387755,0.46,0.0,65,138016
pongcnn,impala_cnn,1,16384,1.86,8808.602150537634,0.94,0.0,66,269984
pongcnn,impala_cnn,2,16384,1.88,8714.893617021276,0.89,0.0,66,269984
pongcnn,impoola_cnn,1,16384,1.88,8714.893617021276,0.95,0.00071,64,151200
pongcnn,impoola_cnn,2,16384,1.88,8714.893617021276,0.92,0.00071,64,151200
